CellID,total_sms,total_calls,total_activity
1,124.5957,89.3531,1720.997
2,126.3274,90.8794,1730.0673000000002
3,128.1694,92.503,1739.7185
4,119.5835,84.9365,1694.7354
5,111.1682,79.6497,1547.6672999999998
6,128.1694,92.503,1739.7185
7,128.1694,92.503,1739.7185
8,128.1694,92.503,1739.7185
9,128.1694,92.503,1739.7185
10,94.5087,72.8411,1079.6304
11,55.9925,46.0342,590.7277
12,32.8403,26.3582,427.4653
13,16.8965,13.7053,258.1405
14,24.3663,19.8645,407.5464
15,24.2086,20.0762,424.6356
16,30.5815,24.9058,497.9371
17,37.1529,31.4341,582.6867
18,37.1543,31.651,582.9051
19,37.2782,31.1918,582.5948999999999
20,37.3314,30.9942,582.4612999999999
21,37.5576,30.512900000000002,582.2728999999999
22,37.9229,29.563200000000002,581.786
23,40.2398,31.149200000000004,617.0398
24,56.9951,42.623,871.9897
25,57.4734,42.9512,879.265
26,57.4734,42.9512,879.265
27,59.8693,44.498,932.109
28,62.671,46.0944,1029.4886
29,61.2373,44.402699999999996,1126.8719
30,59.8131,43.0592,1167.0371
31,59.5184,42.7808,1175.321
32,68.4284,51.8542,1344.2902
33,82.55,66.0095,1517.6293
34,84.6226,61.632000000000005,1260.1156
35,79.9487,56.3435,1147.8509999999999
36,79.9487,56.3435,1147.8509999999999
37,79.9487,56.3435,1147.8509999999999
38,79.9487,56.3435,1147.8509999999999
39,93.7222,70.4875,1247.0045
40,92.6193,70.1835,1230.463
41,113.0386,107.5048,1403.35
42,104.4801,96.8232,1586.8587
43,92.0744,83.9717,1322.3511
44,73.2149,64.4212,928.3506
45,73.2149,64.4212,928.3506
46,73.2149,64.4212,928.3506
47,515.6616,370.3112,14257.8688
48,802.1466,567.0043000000001,22973.0887
49,362.8905,268.0881,8103.8965
50,168.11610000000002,134.4443,2369.5683
51,121.8189,100.2936,1911.5040999999999
52,132.2211,106.6289,1985.4002
53,122.2249,100.6859,1912.1416
54,133.3256,109.431,2062.4675
55,111.4298,100.0378,2068.1525
56,108.5727,84.4648,2067.5184
57,92.6003,78.566,1806.3184999999999
58,122.3897,107.20270000000001,1846.0509
59,111.5685,93.0454,1776.2767999999999
60,89.93469999999999,77.412,1601.6417
61,62.0383,67.1936,880.3722
62,62.0383,67.1936,880.3722
63,66.1623,70.8253,914.324
64,125.5239,119.7647,1465.7727
65,175.6529,151.5742,2102.6578
66,174.2149,150.1618,2101.0001
67,170.53889999999998,146.5139,2217.9163
68,174.7902,154.3722,2940.7914
69,152.6167,130.9154,2462.1481
70,123.1143,104.5514,1857.7649000000001
71,114.0727,97.687,1773.8093
72,110.7801,85.1751,1953.862
73,118.22999999999999,83.5606,2193.8823
74,119.2848,84.0393,2203.1113
75,119.79690000000001,84.283,2204.0988
76,119.79690000000001,84.283,2204.0988
77,119.79690000000001,84.283,2204.0988
78,119.79690000000001,84.283,2204.0988
79,119.79690000000001,84.283,2204.0988
80,100.957,78.3852,1837.9863
81,73.7886,63.1602,1049.4747
82,44.17,38.4053,481.8033
83,39.7127,34.877,457.0062
84,39.7127,34.877,457.0062
85,39.7127,34.877,457.0062
86,33.5321,30.3784,460.3993
87,21.3724,23.186,535.0254
88,22.3399,24.8746,573.8022
89,22.3399,24.8746,573.8022
90,22.3399,24.8746,573.8022
91,39.498,39.552499999999995,730.5109
92,63.6716,60.2324,951.2863
93,70.9669,68.6135,1565.3943
94,87.1063,87.15079999999999,2923.6788
95,87.1063,87.15079999999999,2923.6788
96,87.1063,87.15079999999999,2923.6788
97,87.1063,87.15079999999999,2923.6788
98,87.1985,87.23089999999999,2924.6872
99,87.1063,87.15079999999999,2923.6788
100,86.91720000000001,87.0951,2923.3926
101,126.2959,91.0249,1726.2437
102,126.397,91.7829,1556.7344
103,128.1694,92.503,1739.7185
104,128.1694,92.503,1739.7185
105,128.1694,92.503,1739.7185
106,128.1694,92.503,1739.7185
107,128.1694,92.503,1739.7185
108,128.1694,92.503,1739.7185
109,128.1694,92.503,1739.7185
110,94.2668,72.7,1074.8691
111,70.0281,57.2736,662.7129
112,7.4208,5.947,69.7055
113,20.714299999999998,16.0211,253.00900000000001
114,27.432299999999998,22.127299999999998,425.0584
115,28.5338,23.3161,467.5458
116,36.684799999999996,30.0288,574.9751
117,37.150800000000004,31.6643,582.9141999999999
118,37.150800000000004,31.6643,582.9141999999999
119,37.150800000000004,31.6643,582.9141999999999
120,37.150800000000004,31.6643,582.9141999999999
121,37.1691,31.614,582.8871
122,37.822,29.837400000000002,581.933
123,46.0354,35.1105,706.5688
124,57.132600000000004,42.7113,875.1848
125,60.4905,44.8973,945.833
126,63.276199999999996,46.696,1007.2668
127,62.5959,45.6917,1087.4707
128,59.6175,42.8748,1172.5021000000002
129,59.5184,42.7808,1175.321
130,59.5184,42.7808,1175.321
131,64.2032,47.161899999999996,1283.3961
132,62.3225,46.0679,1245.4522
133,57.578,42.0457,1130.9388
134,58.66,44.322900000000004,1094.9234999999999
135,71.8682,52.61,1155.1152
136,79.9023,56.3336,1147.8655
137,79.6102,56.2285,1147.3094
138,79.903,56.327799999999996,1147.7776
139,79.9487,56.3435,1147.8509999999999
140,104.5271,64.9086,1326.9021
141,125.8368,95.1225,1589.2425
142,107.1904,99.6415,1638.1317999999999
143,107.0243,99.4702,1634.6665
144,98.8266,90.9717,1463.4054
145,92.4634,84.3752,1330.474
146,350.7331,258.41,9408.952
147,1025.7895,724.6519,29310.4565
148,536.1951,391.6297,11595.991399999999
149,343.671,267.8473,4542.641799999999
150,339.1562,267.6787,4438.1503
151,296.3855,236.01500000000001,3827.4794
152,222.7397,168.9707,3229.1312
153,198.6787,142.3701,2996.1521
154,195.1499,137.9239,3101.1675
155,136.6539,106.3558,2862.5521
156,139.9483,107.6776,2556.2649
157,82.3687,98.618,1665.7818
158,110.1335,110.1538,1793.991
159,92.29039999999999,78.4365,1656.1468
160,91.93769999999999,78.1459,1653.4515000000001
161,70.0206,70.1173,1086.7551
162,62.0383,67.1936,880.3722
163,62.0383,67.1936,880.3722
164,71.4699,68.8695,1070.496
165,109.206,74.6729,1701.5205999999998
166,106.6486,65.7536,1723.2899
167,130.63150000000002,98.4185,2228.9199
168,168.7017,149.5912,3027.5897
169,168.5941,149.509,3026.77
170,162.9506,143.5284,2816.7268
171,139.1189,108.42320000000001,2250.8481
172,118.6356,83.7302,2201.8593
173,119.0986,83.9504,2202.7522
174,121.4759,86.0575,2225.2198000000003
175,119.79690000000001,84.283,2204.0988
176,119.79690000000001,84.283,2204.0988
177,119.79690000000001,84.283,2204.0988
178,119.79690000000001,84.283,2204.0988
179,119.79690000000001,84.283,2204.0988
180,109.5082,82.7101,1977.996
181,67.0047,48.1678,970.279
182,39.7307,34.8882,456.76959999999997
183,39.7127,34.877,457.0062
184,39.7127,34.877,457.0062
185,39.7127,34.877,457.0062
186,44.419,42.0962,741.3399
187,33.7566,36.1953,816.1897
188,70.1943,56.4972,877.5098
189,26.9133,29.3967,560.0267
190,33.2425,34.8718,612.3139
191,63.512,60.0956,949.8368
192,63.6716,60.2324,951.2863
193,63.7849,60.3636,960.9154
194,77.6859,76.3303,2130.7869
195,87.1063,87.15079999999999,2923.6788
196,87.1063,87.15079999999999,2923.6788
197,87.1063,87.15079999999999,2923.6788
198,87.1063,87.15079999999999,2923.6788
199,87.1063,87.15079999999999,2923.6788
200,87.134,87.1627,2923.7342
201,127.15990000000001,91.6129,1734.0526
202,124.0519,89.6906,1672.5071
203,128.1715,92.5047,1739.7341999999999
204,128.1694,92.503,1739.7185
205,128.1821,92.5134,1739.8147000000001
206,128.1694,92.503,1739.7185
207,128.1694,92.503,1739.7185
208,128.1694,92.503,1739.7185
209,128.1694,92.503,1739.7185
210,107.1395,80.2188,1327.3218
211,73.9016,60.742200000000004,680.9518
212,59.3561,50.1999,492.8929
213,38.3244,29.2963,490.4327
214,31.0273,22.977999999999998,423.2546
215,36.054,28.5977,566.2245
216,37.150800000000004,31.2854,582.5353
217,37.150800000000004,31.6643,582.9141999999999
218,37.150800000000004,31.6643,582.9141999999999
219,37.150800000000004,31.6643,582.9141999999999
220,37.150800000000004,31.6643,582.9141999999999
221,37.9741,32.1952,601.0783
222,41.9625,33.3932,673.186
223,60.3415,44.7136,957.7134
224,63.4396,46.8019,1010.8637
225,64.51219999999999,47.493900000000004,1034.5374
226,63.6663,46.695299999999996,1058.3896
227,59.9125,43.153,1164.2005
228,59.5184,42.7808,1175.321
229,59.5184,42.7808,1175.321
230,59.5184,42.7808,1175.321
231,59.538199999999996,42.7991,1175.7795
232,74.304,57.3637,1286.3247
233,58.7964,42.5352,1174.166
234,58.915099999999995,42.6788,1174.4587
235,59.5785,42.8793,1175.0993
236,66.5216,47.829,1165.0277
237,78.2201,55.2947,1149.9558
238,99.9332,62.3157,1335.9291
239,161.1832,82.5526,2207.062
240,210.9754,101.2939,3266.1549
241,225.5884,124.78099999999999,3495.2557
242,174.80870000000002,128.2058,2170.5707
243,96.6906,88.3353,1552.389
244,107.1904,99.6415,1638.1317999999999
245,115.6045,103.1585,1726.8504
246,553.7054,401.8322,13009.765599999999
247,732.8989,525.7133,18635.056
248,335.0655,257.4667,4326.1152999999995
249,352.4915,279.027,4857.6654
250,354.6154,280.70140000000004,4887.2636999999995
251,311.91020000000003,248.7107,4343.2999
252,173.8276,127.62440000000001,2922.318
253,186.76,129.1106,3219.2647
254,172.2398,122.4102,3119.6594
255,136.4642,105.90220000000001,2874.2504
256,122.4606,108.1311,2527.2046
257,78.0174,99.6973,1636.7634
258,97.409,107.2161,1688.3076999999998
259,100.0643,89.4533,1644.7042
260,92.1202,78.2039,1656.3866
261,90.447,77.5996,1614.9048
262,66.6335,68.8769,999.1904
263,62.0383,67.1936,880.3722
264,85.5196,65.2603,1319.3667
265,106.3064,65.29310000000001,1720.825
266,106.3064,65.29310000000001,1720.825
267,130.2283,95.2009,2209.7014
268,171.4744,152.5682,3044.1565
269,201.67079999999999,180.73420000000002,3202.1574
270,220.10070000000002,197.7847,3297.7436
271,203.0481,168.0673,2822.2729
272,123.3044,87.5996,2223.0084
273,119.79610000000001,84.2825,2204.0972
274,119.79690000000001,84.283,2204.0988
275,119.79690000000001,84.283,2204.0988
276,119.79690000000001,84.283,2204.0988
277,118.6101,83.5459,2177.3828
278,119.79690000000001,84.283,2204.0988
279,119.79690000000001,84.283,2204.0988
280,92.8756,75.8553,1680.9524000000001
281,50.4537,42.9285,697.9591
282,39.7127,34.877,457.0062
283,39.7127,34.877,457.0062
284,39.7127,34.877,457.0062
285,40.2263,37.955,748.0704000000001
286,38.3988,43.4801,1517.416
287,36.1397,37.9978,628.4967
288,37.0745,38.1496,573.8348
289,55.0546,58.7831,711.2556
290,33.4086,35.7571,542.2214
291,45.2742,45.3706,703.3595
292,63.553999999999995,60.1369,949.7151
293,63.6716,60.2324,951.2863
294,65.6699,62.52869999999999,1119.6083
295,83.74510000000001,83.2903,2640.8633
296,87.1063,87.15079999999999,2923.6788
297,87.1063,87.15079999999999,2923.6788
298,87.1063,87.15079999999999,2923.6788
299,87.392,87.2564,2924.188
300,90.6463,88.462,2929.9375999999997
301,91.62819999999999,61.4221,1496.8349
302,106.4693,73.2491,1629.8689
303,119.3163,84.6469,1694.9287
304,130.1284,94.07600000000001,1754.495
305,131.4248,95.1275,1763.9724
306,129.8472,93.853,1752.2797
307,128.8545,92.9388,1743.3971999999999
308,128.6485,92.65870000000001,1740.4803
309,128.1694,92.503,1739.7185
310,122.371,89.07,1637.2748000000001
311,80.0442,64.1665,848.5182
312,64.6581,51.759499999999996,703.5725
313,40.3009,29.1825,681.0934
314,38.0745,26.5502,620.7113
315,39.3813,30.0366,594.6621
316,37.3099,30.9917,583.0725
317,37.150800000000004,31.6643,582.9141999999999
318,37.677299999999995,32.005,594.5227
319,39.0911,32.9162,625.7225999999999
320,41.1408,34.2396,670.9244
321,43.7585,35.9291,728.6731
322,54.7596,43.1276,897.4659
323,64.0003,48.8867,1035.2853
324,64.4871,47.4695,1035.249
325,62.5548,45.6467,1089.7154
326,59.589,42.8479,1173.3347
327,59.5184,42.7808,1175.321
328,59.5184,42.7808,1175.321
329,59.5184,42.7808,1175.321
330,59.5184,42.7808,1175.321
331,59.3997,42.9608,1175.3514
332,59.0774,43.187599999999996,1175.1722
333,58.7464,42.5182,1174.086
334,58.8822,42.6224,1174.3611
335,59.277,42.6984,1174.9346
336,59.1397,42.6522,1174.7152
337,116.0973,66.6289,2213.005
338,214.4928,107.2245,4047.5106
339,219.4975,109.55930000000001,4223.8413
340,214.5429,106.0308,3959.2772
341,220.1126,110.1643,4228.0527
342,245.433,139.2794,3768.3343
343,207.5838,125.6344,2355.052
344,146.8582,107.1822,1952.8169
345,215.6186,164.2289,2816.7075
346,490.5525,360.0763,10018.6226
347,675.5996,487.2127,16583.7535
348,358.5602,282.0736,4869.1703
349,351.8538,279.0436,4867.9384
350,342.4023,273.3114,4800.7583
351,237.2899,183.4923,3700.3228
352,156.7764,113.8087,3012.1196999999997
353,176.02270000000001,124.1565,3145.6121
354,141.4312,108.1942,2908.3219
355,136.4642,105.90220000000001,2874.2504
356,121.89920000000001,127.8275,2771.9088
357,106.82639999999999,138.6147,2505.2462
358,95.2194,103.0848,1736.5249
359,122.8671,121.2895,1743.8366
360,148.7423,142.1815,1939.1565
361,129.4883,119.75150000000001,1858.4047
362,105.9587,95.8556,1670.1809
363,67.6553,71.426,954.27
364,94.3357,62.0941,1466.2499
365,106.3064,65.29310000000001,1720.825
366,115.3387,72.7082,1750.8853000000001
367,164.302,120.7264,2129.9376
368,234.0534,208.316,3254.2395
369,242.585,218.1783,3412.4539999999997
370,242.585,218.1783,3412.4539999999997
371,212.5144,183.8528,2835.1974999999998
372,154.9438,116.3528,2385.0075
373,119.648,84.5908,2204.1905
374,119.79690000000001,84.283,2204.0988
375,119.79690000000001,84.283,2204.0988
376,119.7283,84.2504,2203.9665
377,78.1666,58.4845,1276.9881
378,119.79690000000001,84.283,2204.0988
379,118.8739,83.9938,2186.1656000000003
380,84.5491,72.5725,1513.8437
381,43.3452,38.1136,544.0432
382,39.7127,34.877,457.0062
383,42.3335,36.3486,488.4388
384,39.0991,37.4551,1001.0322
385,38.5757,44.0288,1757.3215
386,35.9676,39.3683,780.9109
387,35.9087,37.9338,563.787
388,40.7705,41.010600000000004,609.3129
389,80.7152,86.3835,917.6043999999999
390,35.5759,37.2416,558.3552999999999
391,34.0775,36.2427,548.0325
392,46.0934,46.0327,714.3987
393,62.875899999999994,59.5892,940.568
394,62.7786,59.0824,931.374
395,65.3226,62.1293,1090.2839000000001
396,86.4171,86.3595,2865.7336
397,86.3513,86.312,2867.9235
398,87.72879999999999,85.7325,2765.1113
399,85.1951,80.5364,2393.4159
400,79.1857,73.5885,2008.0627
401,43.8912,31.7543,722.841
402,58.8561,40.6157,984.0360000000001
403,72.95700000000001,48.969500000000004,1229.9848
404,74.9169,50.5985,1244.2608
405,74.9366,52.359,1170.7345
406,90.625,61.1719,1464.6127000000001
407,92.4505,63.3246,1411.9692
408,105.9942,76.3265,1359.1632
409,87.4375,64.4045,1103.5387
410,65.442,49.9268,818.8602999999999
411,48.184400000000004,35.8012,724.4905
412,38.6397,27.6773,676.3639000000001
413,38.6397,27.6773,676.3639000000001
414,38.6402,27.677500000000002,676.288
415,39.4121,28.0573,618.4745
416,38.7038,30.1649,590.3761
417,39.7451,33.3391,640.1392
418,43.2234,35.5831,716.8836
419,44.1892,36.2072,738.187
420,44.1892,36.2072,738.187
421,50.6003,40.5967,835.7272
422,63.6113,49.5062,1033.708
423,63.4685,49.321600000000004,1043.4243
424,60.688,44.8956,1134.9948
425,59.5184,42.7808,1175.321
426,59.5184,42.7808,1175.321
427,59.5184,42.7808,1175.321
428,59.5184,42.7808,1175.321
429,59.5184,42.7808,1175.321
430,59.5184,42.7808,1175.321
431,59.5047,42.8001,1175.323
432,55.9849,41.1109,1095.6304
433,65.0363,49.1832,1194.1705
434,58.8607,42.5572,1174.2688
435,59.4737,42.7656,1175.2494
436,61.3583,44.0966,1313.1571
437,185.1067,96.23389999999999,3759.3593
438,219.0962,109.4324,4223.2087
439,219.1415,109.59230000000001,4223.4257
440,219.07750000000001,109.68780000000001,4223.4406
441,229.00639999999999,113.65910000000001,4242.2145
442,248.4167,125.9684,4314.4298
443,256.7087,131.581,3293.4314
444,221.6548,120.91130000000001,2549.055
445,258.1809,167.7691,3131.9858999999997
446,326.7756,248.1394,4204.7176
447,384.848,299.3707,5484.5716999999995
448,435.7173,337.9065,7515.419
449,326.0664,261.4893,4657.5384
450,227.92249999999999,178.96,3653.1555
451,148.5162,111.7295,2956.5858
452,190.40449999999998,130.7914,3244.2617
453,153.2004,113.6248,2989.0571
454,136.4642,105.90220000000001,2874.2504
455,136.4642,105.90220000000001,2874.2504
456,118.0764,140.2761,2769.6499
457,117.8147,151.26239999999999,2786.63
458,140.5971,152.5529,2635.34
459,145.0328,160.4432,2006.8002999999999
460,166.6443,182.2843,2062.7958
461,175.6279,172.5584,2107.2851
462,158.138,164.5198,1765.1833
463,149.7712,191.6313,1530.7591
464,167.407,215.5896,1956.3646999999999
465,177.6516,190.6002,2053.797
466,190.1564,138.6773,2015.972
467,197.6574,147.2765,2038.575
468,152.2758,136.5551,1966.0283
469,197.5307,183.4603,2593.4064
470,208.0234,192.1981,2765.7318
471,179.4679,158.9033,2142.7448
472,103.7534,85.331,1645.6019
473,99.7531,77.8936,1808.954
474,111.8203,80.9503,2057.3899
475,107.33500000000001,80.3821,1961.9378000000002
476,99.1811,77.8276,1803.6468
477,91.7516,73.8882,1646.4043000000001
478,91.1096,75.3018,1646.6312
479,100.1773,78.1411,1822.8381
480,72.1978,63.61,1238.8195
481,39.6972,34.8694,456.976
482,39.7127,34.877,457.0062
483,44.4777,40.8643,1039.8092
484,34.3022,41.0389,1779.3339
485,36.9492,42.1725,1413.5482000000002
486,36.0743,37.6575,564.5288
487,36.0743,37.6575,564.5288
488,36.0743,37.6575,564.5288
489,36.0743,37.6575,564.5288
490,36.0743,37.6575,564.5288
491,36.0699,37.653999999999996,564.492
492,32.5327,33.6774,499.64
493,39.6333,37.9738,570.7379999999999
494,55.4794,50.0341,773.9493
495,58.8133,52.087399999999995,801.511
496,72.6378,66.3816,1479.5331
497,78.4247,68.5432,1502.3412
498,76.156,65.2903,1359.3854
499,74.44590000000001,63.815799999999996,1306.9165
500,73.5591,63.5445,1305.9123
501,43.1755,31.336199999999998,710.1066
502,43.1755,31.336199999999998,710.1066
503,43.1755,31.336199999999998,710.1066
504,43.1755,31.336199999999998,710.1066
505,43.1755,31.336199999999998,710.1066
506,43.1755,31.336199999999998,710.1066
507,43.280499999999996,31.0327,706.1806
508,43.6874,29.456799999999998,686.0946
509,43.8579,29.3721,684.6595
510,43.8579,29.3721,684.6595
511,42.5058,28.9331,682.5103
512,43.6816,31.2436,707.5607
513,41.3399,29.262700000000002,685.2356
514,39.4732,26.9577,674.4776
515,42.8198,23.355,661.1048
516,41.94,28.433,595.2223
517,44.231,35.6522,730.3095
518,44.1892,36.2072,738.187
519,44.1892,36.2072,738.187
520,44.9251,36.7107,749.3832
521,57.8679,45.5712,946.7148
522,62.4715,48.3984,1071.3946
523,59.4255,45.5234,1157.2777
524,58.803,44.728,1176.3669
525,59.165099999999995,43.7423,1175.8372
526,59.3459,43.250299999999996,1175.5733
527,59.5165,42.7867,1175.3248
528,59.5184,42.7808,1175.321
529,59.5184,42.7808,1175.321
530,59.5184,42.7808,1175.321
531,59.4893,42.8226,1175.326
532,58.7464,43.8575,1175.4253
533,70.1218,53.813900000000004,1249.8844
534,78.0103,61.1255,1302.1416
535,53.9536,39.2514,1036.3246
536,105.41369999999999,63.535000000000004,2384.2644
537,217.9182,108.71130000000001,4174.2315
538,218.8532,109.6764,4223.1466
539,218.7971,109.6446,4223.0441
540,218.8365,109.756,4223.2051
541,223.6256,111.6878,4232.1783
542,232.3738,115.0232,4225.4972
543,245.8476,120.8831,3673.5341
544,252.27270000000001,134.0273,3536.8976000000002
545,266.576,143.9741,3179.2311
546,333.7428,255.8494,4361.4117
547,360.6053,287.4744,5012.408
548,348.63960000000003,269.8059,5008.2027
549,191.0087,135.8302,3174.3581999999997
550,162.1078,121.1257,3044.321
551,188.6721,129.9933,3232.3817
552,149.8982,112.1009,2966.4058
553,136.4642,105.90220000000001,2874.2504
554,136.4642,105.90220000000001,2874.2504
555,129.8228,105.3001,2788.6334
556,128.9073,162.9828,2835.4065
557,124.0339,158.1463,2824.8867999999998
558,202.6795,231.77700000000002,3279.9798
559,270.424,250.5023,4246.1353
560,206.1092,195.373,3235.954
561,184.6791,194.3562,2309.5968
562,147.9624,194.1829,1519.1847
563,165.2574,244.2014,1638.1490000000001
564,200.7612,265.8415,2191.4061
565,203.43110000000001,267.0414,2366.0110999999997
566,187.6185,165.86849999999998,2166.296
567,158.0285,132.2947,1896.227
568,132.2455,120.1793,1796.9282
569,133.7981,119.9054,1806.5727
570,180.4348,151.2955,1969.1491
571,123.59689999999999,96.68339999999999,1611.8062
572,99.2474,73.6561,1477.426
573,93.1991,67.9822,1436.1607
574,88.7501,65.7955,1419.9643
575,90.51219999999999,68.6273,1440.3993
576,90.5122,73.91329999999999,1478.0697
577,86.004,73.28,1472.9397000000001
578,85.6495,73.6587,1476.7098
579,83.541,72.7044,1460.3013
580,132.2679,102.9552,2848.2788
581,39.5906,34.8833,473.2182
582,32.486200000000004,32.7768,1039.3187
583,31.0021,36.9709,1719.2435
584,37.3144,44.3791,1837.4434
585,36.2722,38.677400000000006,756.3787
586,36.0743,37.6575,564.5288
587,36.0743,37.6575,564.5288
588,36.0743,37.6575,564.5288
589,36.0743,37.6575,564.5288
590,36.0743,37.6575,564.5288
591,35.1437,36.473,543.7829
592,28.918400000000002,28.6389,404.5612
593,27.6409,27.3221,375.6474
594,36.5059,34.5165,495.2989
595,68.6716,55.5586,761.1682999999999
596,67.5145,54.322,915.6356
597,71.3432,59.7089,1154.6253
598,79.6424,65.4094,1312.8045
599,79.2119,65.2775,1312.3165999999999
600,76.5567,64.4579,1309.2396
601,43.1755,31.336199999999998,710.1066
602,43.1755,31.336199999999998,710.1066
603,43.1755,31.336199999999998,710.1066
604,43.1755,31.336199999999998,710.1066
605,43.1755,31.336199999999998,710.1066
606,43.1755,31.336199999999998,710.1066
607,44.1918,32.1584,714.4487
608,44.2588,30.0485,690.3374
609,43.8579,29.3721,684.6595
610,43.8579,29.3721,684.6595
611,44.3676,28.824,683.1560999999999
612,77.4573,50.1101,984.2672
613,53.4668,30.3962,679.0641
614,45.0786,22.4174,662.7662
615,44.1701,21.94,660.2774
616,44.5041,24.4069,630.1458
617,44.264,34.1755,717.4561
618,44.1892,36.2072,738.187
619,44.1892,36.2072,738.187
620,56.5433,44.5171,951.1507
621,59.6365,46.0093,1103.2665
622,58.7464,44.8819,1176.4497000000001
623,58.7464,44.8819,1176.4497000000001
624,58.7464,44.8819,1176.4497000000001
625,58.7464,44.8819,1176.4497000000001
626,58.7464,44.8819,1176.4497000000001
627,59.0841,43.9626,1175.9554
628,59.468399999999995,42.9169,1175.3941
629,59.5184,42.7808,1175.321
630,59.4281,43.0274,1175.4539
631,59.2697,43.1749,1175.4017000000001
632,58.9074,43.6541,1175.4245
633,58.7624,43.8827,1175.4704
634,79.5438,62.9142,1312.9002
635,62.2874,44.5306,1418.2707
636,179.3161,92.1141,3475.9753
637,213.7627,106.1294,3945.4725
638,220.6959,110.5327,4226.7776
639,218.7971,109.76520000000001,4223.164699999999
640,218.7971,109.76520000000001,4223.164699999999
641,222.2041,112.4467,4190.2609999999995
642,220.62650000000002,110.59410000000001,3848.0859
643,228.4213,114.0858,2945.7383
644,288.14070000000004,155.2927,3854.7853999999998
645,294.8891,154.4847,3929.1672000000003
646,411.5356,294.88800000000003,5359.787
647,442.92900000000003,350.759,6054.9636
648,396.8515,311.6003,5545.4865
649,319.3358,244.1813,4671.602
650,304.21930000000003,243.0907,5989.413500000001
651,198.7457,154.6969,4003.2213
652,147.2995,107.9489,2888.6373
653,143.9867,107.3221,2884.2375
654,142.0879,106.8847,2881.6376999999998
655,141.4668,128.1729,2948.9049
656,162.39860000000002,194.5767,3021.7504
657,161.7166,192.2763,3016.5965
658,174.4908,190.458,3273.9884
659,252.0786,213.8397,4454.4334
660,257.752,218.8025,4484.0867
661,241.7888,238.4667,3573.3554
662,145.7856,223.8537,1536.3226
663,159.51670000000001,238.5246,1608.4167
664,192.1355,260.3122,2422.8699
665,197.9963,264.7752,2542.1512
666,222.6026,254.6917,3039.241
667,165.0671,153.4159,1964.1345
668,153.0001,141.1213,1894.5072
669,126.0907,101.4757,1646.8192999999999
670,112.9675,87.0268,1557.4063
671,99.12769999999999,73.499,1476.2894
672,94.1093,66.9083,1428.6341
673,94.1093,66.9083,1428.6341
674,94.1093,66.9083,1428.6341
675,94.1093,66.9083,1428.6341
676,96.4366,69.9644,1450.731
677,101.4548,76.5549,1498.3858
678,99.471,74.8253,1460.0439999999999
679,79.7969,59.6009,1131.3919
680,68.8411,53.745,1020.2338
681,44.2372,45.4151,1670.5394999999999
682,31.8546,36.5623,1673.9177
683,34.6636,41.3722,1830.0208
684,37.2273,43.6065,1683.3165000000001
685,36.08,37.6891,570.4988
686,36.0743,37.6575,564.5288
687,36.0743,37.6575,564.5288
688,36.0743,37.6575,564.5288
689,36.0743,37.6575,564.5288
690,36.0743,37.6575,564.5288
691,31.998,32.708800000000004,473.1954
692,27.5327,27.2644,373.1352
693,27.5327,27.2644,373.1352
694,81.0025,75.4602,711.3673
695,141.1755,122.9478,1090.6892
696,63.4215,47.4084,578.9169
697,71.8979,58.0912,1075.9342
698,79.6424,65.4094,1312.8045
699,79.6424,65.4094,1312.8045
700,77.4147,64.6615,1309.5351
701,43.1755,31.336199999999998,710.1066
702,45.0382,32.844,718.0674
703,43.1755,31.336199999999998,710.1066
704,43.1755,31.336199999999998,710.1066
705,43.1755,31.336199999999998,710.1066
706,43.1755,31.336199999999998,710.1066
707,43.3363,31.465999999999998,710.7935
708,44.1763,30.5654,696.5662
709,44.2114,28.9924,683.6188000000001
710,46.5066,26.5274,676.8578
711,48.9507,23.9021,669.6586
712,150.3826,126.3686,2001.9562999999998
713,80.1707,55.4864,1110.0018
714,49.2847,23.4709,668.6933
715,47.5926,24.2215,672.7417
716,44.2312,24.1436,662.7302999999999
717,44.06,28.9593,704.9341
718,44.1698,36.1886,740.0934
719,50.0345,40.2097,827.1301
720,59.722500000000004,45.8915,1134.0684
721,58.7464,44.8819,1176.4497000000001
722,58.7464,44.8819,1176.4497000000001
723,58.7464,44.8819,1176.4497000000001
724,58.7464,44.8819,1176.4497000000001
725,58.8338,44.5942,1176.2717
726,58.8182,44.6086,1176.2666
727,58.7464,44.8819,1176.4497000000001
728,58.8337,44.6441,1176.3215
729,59.1064,43.902499999999996,1175.9239
730,58.7984,44.7403,1176.3733
731,58.799299999999995,44.625,1176.259
732,58.8202,43.816900000000004,1175.4773
733,58.7464,43.8837,1175.4515000000001
734,58.8417,43.9507,1183.6582
735,99.8938,65.1082,2763.7729
736,218.53449999999998,109.81790000000001,4208.9286999999995
737,218.7971,109.76520000000001,4223.164699999999
738,218.7971,109.76520000000001,4223.164699999999
739,218.7971,109.76520000000001,4223.164699999999
740,218.7971,109.76520000000001,4223.164699999999
741,219.0798,109.9608,4220.3183
742,251.7892,131.7748,3929.0396
743,298.9449,174.12,4005.7121
744,475.1217,393.9556,4914.4656
745,366.711,212.5265,4866.7391
746,447.2047,312.1621,5293.9196
747,528.0991,477.50260000000003,5815.258
748,434.552,371.44689999999997,5510.983
749,428.8604,364.096,5711.4432
750,520.7209,469.9251,9634.0959
751,479.1854,418.1459,10375.5157
752,409.095,352.1047,8808.4949
753,261.5346,228.0795,5540.6896
754,238.25639999999999,297.448,4467.4942
755,264.4411,362.9643,5042.8695
756,185.099,252.4853,3736.3548
757,151.0592,167.8374,3000.3015
758,200.1521,203.4899,3323.3648000000003
759,246.3204,229.3405,3712.5134
760,247.4406,214.2119,4254.9729
761,325.2235,284.8947,4838.3477
762,214.7237,261.4713,2120.6347
763,197.3492,251.45159999999998,1895.826
764,228.7548,269.7028,2690.8447
765,395.5457,403.2441,5604.6794
766,622.3139,553.6366,9747.259
767,552.4729,476.5802,8635.620499999999
768,314.9807,277.8711,4632.0194
769,224.51409999999998,167.3053,4661.588299999999
770,300.6643,223.1534,6648.8534
771,176.0353,128.7036,3504.1269
772,94.1093,66.9083,1428.6341
773,94.1093,66.9083,1428.6341
774,94.1093,66.9083,1428.6341
775,94.1093,66.9083,1428.6341
776,101.1555,72.3259,1604.2496
777,89.5958,65.96549999999999,1274.7373
778,78.5564,56.592999999999996,1055.7544
779,77.5764,55.7384,1036.8033
780,71.2207,54.733,1253.5465
781,45.6178,49.8167,2240.698
782,45.3638,49.4925,2224.4473
783,39.2046,45.512,1964.4760999999999
784,36.9623,42.2369,1425.6961000000001
785,36.0743,37.6575,564.5288
786,36.0743,37.6575,564.5288
787,35.856,37.5225,563.0504
788,35.9199,37.5623,563.4836
789,36.0743,37.6575,564.5288
790,36.065200000000004,37.6522,564.3144
791,30.323800000000002,30.6536,435.6645
792,27.5327,27.2644,373.1352
793,27.4861,24.8038,367.8874
794,180.3043,164.9672,1339.514
795,226.04070000000002,204.74790000000002,1623.9551
796,74.99210000000001,56.8007,659.0731
797,89.2047,72.8111,1164.933
798,97.4859,82.8956,1558.5319
799,79.6424,65.4094,1312.8045
800,74.9084,63.820299999999996,1305.8569
801,46.4096,33.9554,721.5182
802,43.1804,31.227899999999998,706.3342
803,43.3011,31.4373,710.6422
804,43.2807,31.4211,710.556
805,43.1755,31.336199999999998,710.1066
806,44.1999,32.1655,714.4843
807,45.541399999999996,33.2509,720.2158000000001
808,53.8777,35.6899,732.2556
809,48.2932,24.607300000000002,671.5919
810,49.3883,23.4326,668.3707999999999
811,49.3883,23.4326,668.3707999999999
812,49.3883,23.4326,668.3707999999999
813,50.2339,24.2312,673.2678
814,126.2054,87.0221,2286.1731999999997
815,38.486200000000004,23.9197,432.0021
816,44.3682,24.2304,663.3352
817,43.9553,26.936700000000002,702.7106
818,44.5402,36.3157,796.4601
819,56.5911,44.0631,1034.4804
820,58.775,44.9093,1175.6267
821,58.7464,44.8819,1176.4497000000001
822,58.7464,44.8819,1176.4497000000001
823,58.7464,44.8819,1176.4497000000001
824,58.7632,44.8356,1176.4243
825,59.6333,43.356,1176.0855
826,59.2856,43.1489,1175.3961
827,59.0485,43.8921,1175.8402
828,58.7935,44.6664,1176.2932
829,58.7464,44.8819,1176.4497000000001
830,59.178399999999996,45.1474,1179.0009
831,83.3531,59.0051,1247.0754
832,58.7464,44.2984,1175.8662
833,58.7464,43.8837,1175.4515000000001
834,63.8005,47.9986,1617.1715
835,164.8175,91.37979999999999,3821.8918999999996
836,218.6558,110.4308,4216.1364
837,218.7971,109.8586,4223.2581
838,218.7971,109.76520000000001,4223.164699999999
839,218.7971,109.76520000000001,4223.164699999999
840,218.7971,109.76520000000001,4223.164699999999
841,227.70430000000002,115.9439,4133.3899
842,250.8779,132.02100000000002,3899.8045
843,254.7123,130.4631,4036.1861
844,288.4095,151.1878,4011.3224
845,329.7642,194.9443,4977.6609
846,610.3004,562.0015,5982.067
847,806.9075,804.8686,7589.011
848,772.1105,778.6432000000001,7124.617
849,800.0031,805.6291,8686.0124
850,841.5908,857.2494,11195.7916
851,896.8203,911.8736,14243.1968
852,703.7391,702.8573,12454.3508
853,482.8204,540.2153,10050.7687
854,306.6005,415.8856,5791.7633
855,278.6704,393.7795,5176.0379
856,287.806,386.418,4972.3689
857,227.3516,255.6608,3533.6702
858,190.61950000000002,195.8639,3028.6217
859,137.634,153.2334,1826.3359
860,137.57750000000001,150.8174,1900.7542
861,228.109,219.6886,2636.4864
862,288.25509999999997,289.4463,2581.8418
863,268.0639,275.3557,2379.9045
864,405.0984,400.0381,5582.9214999999995
865,659.3506,584.8587,10372.981
866,645.6487999999999,562.1084999999999,10349.4767
867,537.4755,483.3466,9179.9558
868,429.1245,385.2204,8115.5969
869,327.28249999999997,242.7411,7337.005
870,327.28249999999997,242.7411,7337.005
871,152.0828,110.6259,2897.629
872,94.1093,66.9083,1428.6341
873,94.1093,66.9083,1428.6341
874,94.1093,66.9083,1428.6341
875,94.1093,66.9083,1428.6341
876,191.3396,140.3856,3895.6209
877,77.6995,55.821200000000005,1039.7129
878,77.5764,55.7384,1036.8033
879,70.14489999999999,56.3897,1050.8386
880,60.6252,57.1459,1080.515
881,56.413999999999994,55.4332,1465.7893
882,50.044200000000004,52.4895,2091.9391
883,45.9652,50.1702,2192.4907
884,36.9929,40.7502,1115.2219
885,36.0743,37.6575,564.5288
886,36.0743,37.6575,564.5288
887,34.9081,36.9381,556.6322
888,34.9675,36.9741,557.033
889,36.0743,37.6575,564.5288
890,35.6013,37.2865,553.6659999999999
891,28.3155,28.2733,390.6205
892,27.5327,27.2644,373.1352
893,88.4237,78.8298,754.6404
894,173.57240000000002,157.589,1303.7425
895,224.2429,204.3036,1618.8506
896,259.0396,227.2261,2037.4747
897,347.3333,314.8084,3817.4927
898,349.7477,319.2079,4074.8146
899,219.7645,199.45159999999998,2870.1848
900,115.0665,100.72099999999999,1794.7152999999998
901,43.1755,31.336199999999998,710.1066
902,43.1755,31.336199999999998,710.1066
903,43.5259,31.6191,711.6034
904,45.191,32.9671,718.717
905,44.847899999999996,32.6898,717.2529
906,49.063,36.100500000000004,735.26
907,59.1582,40.4378,763.6985999999999
908,62.5202,36.1508,746.2037
909,49.3883,23.4326,668.3707999999999
910,49.3896,23.4415,668.5943
911,49.389,23.4373,668.4826
912,55.0853,28.8109,701.3643
913,55.073,28.7997,701.2931
914,65.9432,39.0628,764.2448
915,64.8075,38.4051,759.4698
916,44.8069,24.1729,663.8264
917,44.152,24.332,665.7209
918,43.4894,33.0816,789.5155
919,52.5122,42.1932,1010.8002
920,58.3979,44.8127,1165.6143
921,58.7464,44.8819,1176.4497000000001
922,58.7464,44.8819,1176.4497000000001
923,58.7206,44.8654,1175.7433
924,59.3146,44.5077,1169.7322
925,61.1135,44.0843,1171.79
926,60.594500000000004,43.6237,1170.5853
927,59.8063,43.0138,1172.2289
928,60.1763,43.5084,1177.0025
929,59.224000000000004,44.1443,1167.4215
930,58.7464,44.8551,1176.4229
931,81.5714,66.2715,1583.3562
932,58.7464,44.8205,1176.3883
933,75.3389,58.8332,1516.0704
934,111.3352,75.8989,3272.7731999999996
935,214.2599,109.0972,4193.123
936,218.7971,110.6864,4224.0859
937,218.7971,110.5334,4223.9329
938,218.7971,109.8189,4223.2184
939,218.7971,109.71000000000001,4223.1095
940,222.6715,112.1457,3715.1157
941,254.8682,134.7891,3859.5928
942,256.7306,136.0803,3840.8193
943,255.2575,134.8507,3864.7772999999997
944,262.3617,138.1541,3851.3307
945,346.7949,249.61350000000002,4258.174
946,713.8987999999999,726.465,6201.6081
947,697.4412,661.0889,6615.5355
948,809.0486,821.1871,7109.6159
949,843.5831000000001,857.9052,7578.31
950,822.8211,839.3875,9864.3014
951,984.1681,1023.3253,15452.4164
952,927.4123000000001,947.6897,14507.9877
953,595.8865,653.2681,11206.2554
954,519.7607,542.1682,9896.8161
955,715.9339,527.6017,11448.878200000001
956,660.1021,501.3202,10378.7364
957,376.27750000000003,392.5258,5212.6482000000005
958,304.1636,292.62149999999997,4331.4779
959,120.4479,131.8836,1732.7418
960,179.8769,195.1128,2052.4504
961,246.5704,245.5358,2455.0131
962,297.4221,295.4714,2689.5768000000003
963,379.2402,377.05,4902.81
964,514.9599,506.8711,8696.5219
965,516.862,478.556,8706.4702
966,474.0887,442.1963,8464.5717
967,462.3506,434.53610000000003,8331.2071
968,422.1634,380.2283,8031.8867
969,327.753,242.8842,7328.7065
970,327.9751,242.5385,7320.0801
971,141.6564,99.849,2495.1813
972,93.8887,66.8035,1428.209
973,94.1093,66.9083,1428.6341
974,94.1093,66.9083,1428.6341
975,103.4947,73.9691,1665.2606999999998
976,147.2234,107.8586,2793.0898
977,77.5764,55.7384,1036.8033
978,73.4545,56.100699999999996,1044.593
979,60.5139,57.2348,1069.0356
980,61.4161,57.9747,1079.2666
981,62.6912,58.8652,1091.4587
982,62.2245,58.6301,1128.4106
983,57.6475,56.3259,1491.8541
984,42.935900000000004,43.7061,956.0158
985,35.755900000000004,37.460899999999995,562.3718
986,36.0743,37.6575,564.5288
987,36.0743,37.6575,564.5288
988,36.0743,37.6575,564.5288
989,36.0743,37.6575,564.5288
990,34.2805,35.7468,523.9924
991,27.5327,27.2644,373.1352
992,26.1749,25.3753,368.0075
993,18.8808,15.2233,340.4579
994,17.941200000000002,14.008,337.122
995,35.5363,30.2083,445.9652
996,300.0931,266.5616,2575.7689
997,426.9327,389.1894,4620.1578
998,437.3996,399.8235,4817.8264
999,437.1479,399.5726,4812.8455
1000,413.1781,377.56960000000004,4614.5586
1001,43.1755,31.336199999999998,710.1066
1002,44.100500000000004,31.851399999999998,704.3687
1003,41.9275,30.3866,691.3448
1004,51.2164,37.8443,744.1998
1005,46.6884,33.5151,576.6168
1006,50.0845,33.3725,605.806
1007,43.8952,29.5259,483.4545
1008,83.9267,72.7708,957.905
1009,51.4747,26.627699999999997,715.8194
1010,53.5306,28.7881,734.063
1011,56.7088,31.718799999999998,750.4408999999999
1012,63.8483,38.388400000000004,789.7583000000001
1013,68.1423,41.8602,797.8288
1014,68.0836,41.1562,778.7616
1015,67.5039,40.9375,774.4672
1016,49.1211,26.9571,661.4694
1017,45.1431,24.792299999999997,667.0858
1018,43.6254,31.8197,701.0337999999999
1019,42.9622,41.7523,684.9886
1020,44.5452,42.065799999999996,734.2651000000001
1021,46.687,41.3969,807.7719000000001
1022,42.6758,34.3944,721.4851
1023,38.2438,31.5018,595.9821000000001
1024,193.7832,164.5367,3096.6011
1025,35.9612,27.6091,457.81370000000004
1026,35.9612,27.6091,457.81370000000004
1027,38.4043,29.2029,527.0676
1028,44.2502,33.0914,685.7269
1029,49.8127,39.8385,795.367
1030,40.0746,30.0775,779.4893
1031,54.7054,41.9419,1061.7466
1032,56.3816,43.3392,1109.517
1033,69.053,53.7398,1793.2003
1034,182.5624,101.38260000000001,3993.5807
1035,218.7971,110.6864,4224.0859
1036,218.7971,110.6864,4224.0859
1037,218.7971,110.6864,4224.0859
1038,218.7971,110.283,4223.6825
1039,218.7971,109.76520000000001,4223.164699999999
1040,245.34130000000002,128.158,3955.5913
1041,256.7306,136.0803,3840.8193
1042,256.7306,136.0803,3840.8193
1043,247.2653,136.5591,3773.3660999999997
1044,222.4252,141.6317,3535.8098
1045,443.4029,425.1229,4564.1077000000005
1046,732.7316,751.7405,6340.7015
1047,896.0179,902.4446,8342.2182
1048,849.4669,866.5784,7324.7208
1049,850.7144,867.1151,7327.1266
1050,834.0009,856.6654,8464.9854
1051,1011.7601,1059.6428,15901.9787
1052,977.3041000000001,1013.1525,15316.5059
1053,791.5387,808.5373,12926.948
1054,486.4441,490.1966,8799.8086
1055,713.706,519.7398,11246.170399999999
1056,623.2669000000001,482.519,9614.0026
1057,477.4254,417.7607,6721.231
1058,510.2162,451.07419999999996,6891.6673
1059,269.5742,265.061,3477.7526
1060,240.5172,247.32920000000001,2382.7335
1061,282.99670000000003,279.373,2609.159
1062,293.8206,291.6214,2670.6661
1063,416.1686,413.37039999999996,5840.121
1064,498.1914,483.8178,8580.432499999999
1065,468.026,444.4777,7423.6655
1066,441.24170000000004,411.03180000000003,7958.5106
1067,364.7751,310.3607,6414.5698
1068,314.4561,248.2091,5482.7047
1069,321.2617,245.50979999999998,5909.7952000000005
1070,363.9627,251.2238,6825.9128
1071,336.6892,217.4254,6039.4999
1072,98.4328,73.3117,1816.8733
1073,85.3045,65.905,1627.8304
1074,83.3008,65.6772,1673.1841
1075,228.3988,165.2225,4448.5506000000005
1076,97.9888,69.4301,1486.2314999999999
1077,76.19120000000001,55.8609,1039.4238
1078,63.2354,57.4208,1070.078
1079,62.5725,58.782500000000006,1090.3253
1080,62.6903,58.8648,1091.4497000000001
1081,62.6912,58.8652,1091.4587
1082,62.8796,59.187,1093.2814
1083,65.4605,63.5826,1118.2019
1084,62.214600000000004,62.7541,1043.5018
1085,35.5186,38.6472,564.5225
1086,36.0679,37.6672,564.5231
1087,36.0743,37.6575,564.5288
1088,36.0743,37.6575,564.5288
1089,36.3583,37.910000000000004,565.4154
1090,33.9312,34.5286,481.1117
1091,27.5327,27.2644,373.1352
1092,79.0517,72.2906,706.3674
1093,18.0648,14.087299999999999,337.3755
1094,17.8464,13.9472,336.9274
1095,18.0648,14.087299999999999,337.3755
1096,205.6162,181.39290000000003,1836.0588
1097,426.9327,389.1894,4620.1578
1098,436.7634,399.6097,4816.8924
1099,417.4239,383.269,4516.3867
1100,437.3996,399.8235,4817.8264
1101,44.0226,32.0218,713.6326
1102,47.9743,36.7147,718.3162
1103,44.2245,32.1854,714.5897
1104,56.859,40.263799999999996,760.3965
1105,60.2777,35.0212,674.976
1106,37.9968,20.3401,422.1083
1107,24.4166,12.409,235.12619999999998
1108,58.119099999999996,36.3001,703.3283
1109,63.585,38.4702,797.7714000000001
1110,65.846,40.6049,810.8643000000001
1111,66.2744,41.0096,813.3466999999999
1112,68.2053,42.8331,824.5301
1113,68.4506,43.064099999999996,825.9462
1114,68.3561,42.5729,813.8064
1115,68.1134,41.3115,782.5966999999999
1116,67.7811,40.7976,774.8867
1117,62.768,39.0171,716.2173
1118,46.0038,35.7936,599.7832
1119,42.9622,41.7523,684.9886
1120,43.1153,41.7164,685.1639
1121,39.0553,36.2034,590.7509
1122,33.2542,28.2456,454.7166
1123,33.2542,28.2456,454.7166
1124,33.2642,28.243199999999998,454.72790000000003
1125,33.8088,28.1153,455.351
1126,34.5491,27.9412,456.1981
1127,36.735,29.0705,459.3743
1128,39.4984,31.4596,456.2429
1129,31.6949,22.7567,365.1576
1130,46.5612,48.951,564.7496
1131,202.1567,185.6958,3479.5283
1132,33.8222,28.6162,470.79580000000004
1133,52.776,40.580400000000004,1168.7909
1134,209.29399999999998,108.94279999999999,4136.8771
1135,216.0414,110.6961,4057.7951
1136,218.7971,110.6864,4224.0859
1137,218.7971,110.6101,4224.009599999999
1138,218.7971,110.05160000000001,4223.4511
1139,222.5369,112.3606,4185.4574
1140,255.93939999999998,135.5315,3848.793
1141,256.7306,136.0803,3840.8193
1142,241.07160000000002,132.0096,3723.5834999999997
1143,176.9703,127.4371,3257.4459
1144,105.2856,127.6074,2744.756
1145,127.54990000000001,150.0607,2805.7838
1146,758.3515,726.0671,9045.2631
1147,1231.0710000000001,1125.6458,16254.6722
1148,851.1977,867.4267,7354.8144
1149,850.7144,867.1151,7327.1266
1150,1411.5944,1290.1544,15620.3654
1151,1483.4371,1392.7865,21154.5874
1152,937.7844,969.1003,14555.003200000001
1153,536.1562,427.5374,7236.215999999999
1154,371.9887,308.83570000000003,4878.1284
1155,388.4533,362.1245,5686.1097
1156,402.8796,410.0536,6252.4555
1157,454.0462,413.9232,6591.6146
1158,483.04359999999997,424.4817,6751.447
1159,455.2974,399.2264,5935.6249
1160,312.9812,321.419,3124.5606
1161,297.4221,295.4714,2689.5768000000003
1162,297.4221,295.4714,2689.5768000000003
1163,352.4558,350.9358,4251.0721
1164,511.9976,507.1183,8467.9311
1165,467.1569,451.3989,7446.0014
1166,318.3245,252.7902,5569.4239
1167,312.4492,246.3178,5476.176
1168,312.4492,246.3178,5476.176
1169,315.53340000000003,247.719,5525.982300000001
1170,379.4132,276.6293,6569.1235
1171,310.5415,220.27159999999998,5521.1288
1172,85.4788,71.0756,1788.9504
1173,90.5081,72.8221,1802.1236
1174,88.9285,71.637,1791.4844
1175,80.5615,65.3644,1735.1345000000001
1176,78.2596,58.2451,1217.1921
1177,66.3152,57.4735,1068.9787000000001
1178,62.6326,58.8242,1090.8987
1179,62.6912,58.8652,1091.4587
1180,62.6912,58.8652,1091.4587
1181,62.7569,58.978,1092.0951
1182,67.83,67.61749999999999,1141.078
1183,70.1493,71.5684,1163.4742
1184,69.12650000000001,70.2031,1154.1533
1185,77.3672,80.6453,1147.0299
1186,46.0346,52.9535,678.3886
1187,37.2792,39.7102,576.1655
1188,36.0743,37.6575,564.5288
1189,42.7657,43.637499999999996,585.4441
1190,37.2562,36.7334,458.2255
1191,158.77270000000001,145.5425,1201.932
1192,202.8825,184.60410000000002,1486.06
1193,27.1683,22.485999999999997,393.9608
1194,18.0217,14.0595,337.28679999999997
1195,18.0648,14.087299999999999,337.3755
1196,175.8658,157.2572,1731.4274
1197,436.8434,399.2582,4807.3134
1198,437.3996,399.8235,4817.8264
1199,435.492,399.18330000000003,4815.027
1200,435.8434,399.5858,4820.9522
1201,43.1755,31.336199999999998,710.1066
1202,46.405899999999995,33.9505,723.9087
1203,51.3204,35.844500000000004,737.8494000000001
1204,65.82979999999999,40.5045,793.9628
1205,68.78,43.9594,839.9442
1206,40.4228,23.2954,380.5197
1207,12.588899999999999,5.0938,97.3609
1208,56.0207,33.7692,649.4054
1209,68.4506,43.064099999999996,825.9462
1210,71.2026,47.8724,817.4846
1211,70.5821,44.6002,870.6323
1212,91.6898,72.1846,1215.6342
1213,68.4506,43.064099999999996,825.9462
1214,68.4506,43.064099999999996,825.9462
1215,68.33109999999999,42.4411,810.5503
1216,68.0478,41.3988,769.4819
1217,67.764,46.4989,659.5766
1218,60.9172,43.812400000000004,626.6928
1219,45.0952,40.8215,681.1958999999999
1220,45.5708,41.1387,687.9729
1221,43.9489,40.631099999999996,673.7839
1222,33.3313,28.3318,456.2466
1223,33.413,28.2085,454.89840000000004
1224,33.2729,28.2416,454.73830000000004
1225,33.2542,28.2456,454.7166
1226,33.2542,28.2456,454.7166
1227,37.4876,33.4783,462.121
1228,51.202,48.3948,501.0327
1229,42.2431,39.190599999999996,463.8474
1230,79.0409,75.3704,1049.431
1231,33.2542,28.2456,454.7166
1232,33.2542,28.2456,454.7166
1233,108.4122,54.6063,967.6301
1234,193.2283,93.1324,2770.3321
1235,219.6669,113.0211,4176.3572
1236,218.7971,110.6864,4224.0859
1237,218.7971,110.3762,4223.7757
1238,218.7971,109.76520000000001,4223.164699999999
1239,222.6469,112.4358,4184.366
1240,240.9231,134.12869999999998,3738.0978
1241,149.1243,125.7486,3055.4791999999998
1242,107.8751,121.78620000000001,2754.4332
1243,90.8581,120.1521,2630.241
1244,90.8581,120.7272,2629.5038
1245,91.9986,121.4924,2631.3983
1246,746.4629,649.5966,12374.621799999999
1247,1262.5446,1134.855,17230.8436
1248,968.198,922.7796,8873.8696
1249,891.5291,888.364,7833.8573
1250,2101.3148,1802.3137,25443.9641
1251,2408.8007,2027.0804,31305.0744
1252,481.5594,437.3564,6827.3727
1253,467.4834,351.6127,6392.9745
1254,557.6909,394.34520000000003,7517.547
1255,444.0288,346.7539,6203.5981
1256,437.2574,362.675,6230.2684
1257,443.1602,387.2418,6524.9503
1258,476.7163,375.0959,6687.1749
1259,522.4623,412.7315,7869.5847
1260,583.9472000000001,543.5883,9845.5325
1261,264.9721,268.1239,2207.3822
1262,256.3563,262.7247,2075.5109
1263,253.4142,257.0908,2248.983
1264,348.0557,320.5997,4904.1705
1265,338.2355,278.0118,5632.805200000001
1266,310.8454,245.2074,5443.1883
1267,312.4492,246.3178,5476.176
1268,312.4492,246.3178,5476.176
1269,312.4492,246.3178,5476.176
1270,323.4294,249.4271,5642.5725
1271,136.443,129.9862,2445.1503000000002
1272,111.99940000000001,112.3802,2070.2578
1273,89.9221,77.2872,1817.1644999999999
1274,81.2153,65.6211,1736.3033
1275,81.7611,65.968,1740.6521
1276,76.174,62.1254,1418.1995
1277,62.6912,58.8652,1091.4587
1278,62.6912,58.8652,1091.4587
1279,62.6912,58.8652,1091.4587
1280,79.6982,72.8004,1156.2337
1281,65.3699,63.4865,1115.3499
1282,65.8649,66.9862,1272.8798
1283,64.1578,65.9283,1405.0285
1284,89.3649,87.4631,1469.5132
1285,261.2348,259.342,3667.0238
1286,251.0036,254.2787,3515.5767
1287,159.9551,161.7772,2254.7606
1288,56.3519,59.4743,819.7376
1289,46.9613,47.0048,579.9572
1290,111.4597,102.6185,881.1709
1291,242.7909,221.121,1723.1269
1292,236.94819999999999,216.0262,1697.8216
1293,123.2568,111.1366,991.1804
1294,18.0648,14.087299999999999,337.3755
1295,18.0648,14.087299999999999,337.3755
1296,64.4435,55.0258,819.4704
1297,437.3996,399.8235,4817.8264
1298,437.3996,399.8235,4817.8264
1299,436.2877,399.45,4816.1943
1300,436.8666,396.6887,4954.7083999999995
1301,43.1755,31.336199999999998,710.1066
1302,45.54,28.954800000000002,706.5033
1303,61.747,37.7718,782.048
1304,68.0748,42.7597,824.3411
1305,68.4506,43.064099999999996,825.9462
1306,54.0406,32.557700000000004,608.855
1307,22.6498,12.3381,273.1331
1308,61.657000000000004,38.1642,745.6131
1309,68.4506,43.064099999999996,825.9462
1310,47.7855,27.8947,536.0253
1311,73.8975,46.0597,1022.5015
1312,68.4506,43.064099999999996,825.9462
1313,68.4506,43.064099999999996,825.9462
1314,68.4506,43.064099999999996,825.9462
1315,68.4506,43.064099999999996,825.9462
1316,67.9047,44.2877,710.4924
1317,67.7119,47.4514,639.0742
1318,67.7474,47.8591,643.9079
1319,52.8163,45.2688,699.0891
1320,45.669,41.1156,688.0854
1321,45.63,41.0607,687.1514
1322,36.4041,28.7859,476.0981
1323,35.9612,27.6091,457.81370000000004
1324,35.6738,27.6764,457.4846
1325,34.6072,27.927799999999998,456.26480000000004
1326,33.5469,28.1769,455.0516
1327,45.672,44.0561,476.6243
1328,49.2922,48.6658,483.0125
1329,56.4966,50.6333,790.2922
1330,33.2542,28.2182,454.6892
1331,33.2542,28.2456,454.7166
1332,34.997099999999996,29.2315,454.09310000000005
1333,147.8204,68.84309999999999,1222.7229
1334,168.7226,75.7633,1379.1245999999999
1335,176.1616,85.6403,2411.7486
1336,218.4535,110.408,4205.1224999999995
1337,218.7971,109.8592,4223.258699999999
1338,230.1478,117.897,4326.7604
1339,295.4676,184.3498,4980.2131
1340,270.6109,228.0074,4649.9873
1341,141.2392,156.2169,3220.3844
1342,90.8581,120.1521,2630.241
1343,90.8581,120.1521,2630.241
1344,92.2777,121.4807,2650.7178
1345,164.8403,191.0563,3695.8206
1346,752.7007,656.9462,13901.6314
1347,785.2664,678.6969,13025.3695
1348,933.3188,873.9592,8971.7886
1349,1038.29,979.0125,9452.6808
1350,1081.2103,1024.5046,9595.7958
1351,1006.8346,904.8505,9915.9285
1352,421.0987,342.2308,5595.0285
1353,427.702,350.298,5939.9374
1354,502.4638,484.4001,7445.5761
1355,410.6365,476.8819,6563.2216
1356,376.1167,394.85,5877.4442
1357,330.6915,315.0686,5067.7276
1358,284.614,326.3348,4706.195
1359,246.3664,342.7068,4443.9646
1360,115.3903,164.9884,1877.7624
1361,95.3483,104.44,964.4358
1362,162.4944,173.3568,1354.813
1363,184.8303,196.7057,1574.8082
1364,327.379,296.2897,4644.7731
1365,319.5854,255.5739,5522.0111
1366,302.4605,239.728,5287.9310000000005
1367,312.4492,246.3178,5476.176
1368,312.4492,246.3178,5476.176
1369,312.4492,246.3178,5476.176
1370,304.1293,240.83689999999999,5331.9198
1371,128.7861,125.3577,2291.6327
1372,117.893,118.1839,2102.754
1373,114.0519,115.9006,2088.073
1374,107.9255,105.7656,2036.1206
1375,85.0275,74.5851,1813.186
1376,86.5738,77.8667,2006.017
1377,84.9034,73.7642,1701.691
1378,63.346000000000004,57.735099999999996,1126.239
1379,61.9075,56.9475,1087.4609
1380,61.6337,56.7024,1085.6723
1381,61.1219,56.7497,1081.8799
1382,56.2243,61.8301,2075.7499000000003
1383,79.2891,88.8653,2073.4620999999997
1384,126.988,120.85940000000001,2793.5748
1385,253.719,241.70190000000002,3814.5852
1386,277.0524,275.92109999999997,3866.1263000000004
1387,276.7042,276.6824,3871.5905000000002
1388,263.4259,260.7311,3694.9631
1389,145.9496,146.4087,1776.9297000000001
1390,246.1611,223.9346,1729.0243
1391,250.4407,227.7954,1756.2658999999999
1392,243.1907,221.4703,1724.8597
1393,229.3278,208.99360000000001,1650.3096
1394,122.655,109.7565,996.2338
1395,161.0594,101.3681,1975.9919
1396,370.0118,232.5891,4310.628
1397,455.6633,349.7495,5123.4920999999995
1398,446.74440000000004,395.1629,4963.967900000001
1399,437.0266,391.3682,5205.2678
1400,438.28839999999997,376.1261,5936.7438999999995
1401,46.1884,29.091,712.0656
1402,62.6509,38.3881,798.5919
1403,48.6716,28.0046,692.7912
1404,66.4837,41.4531,805.6446
1405,68.4506,43.064099999999996,825.9462
1406,61.4251,40.7045,751.7035
1407,57.2274,36.0516,682.1631
1408,68.4506,43.064099999999996,825.9462
1409,68.4506,43.064099999999996,825.9462
1410,68.4506,43.064099999999996,825.9462
1411,79.67660000000001,51.2906,1046.2246
1412,68.4506,43.064099999999996,825.9462
1413,68.4506,43.064099999999996,825.9462
1414,72.4665,44.6801,798.162
1415,70.1709,44.1867,837.013
1416,67.738,47.2938,645.7754
1417,80.1621,62.6288,763.8042
1418,97.847,84.1869,940.9609
1419,82.5267,72.063,869.3867
1420,55.0782,45.0817,653.3741
1421,54.8954,52.8828,704.3100000000001
1422,48.2789,43.6531,546.6727999999999
1423,42.9468,36.5041,470.1376
1424,43.1375,36.7464,470.4761
1425,45.2218,39.3999,474.1531
1426,42.1553,35.9906,468.9456
1427,49.1456,47.8762,482.5061
1428,47.2044,46.0083,479.3298
1429,41.5197,38.7686,469.2984
1430,42.514700000000005,40.0365,471.0557
1431,44.2033,39.0921,464.769
1432,57.5935,42.0109,446.0745
1433,59.3947,43.0298,445.4306
1434,129.3747,95.2646,1449.3688
1435,130.73499999999999,70.7201,1150.468
1436,182.9883,91.5254,2814.6557
1437,229.6051,124.76809999999999,3392.2939
1438,196.34470000000002,140.8643,3164.1573
1439,305.1699,273.4533,4927.8536
1440,368.4289,330.4258,5903.7226
1441,253.7179,266.7975,3997.5008000000003
1442,98.6539,130.07729999999998,2048.2382
1443,219.4574,213.4304,3850.1155000000003
1444,317.3261,320.9015,5760.0
1445,371.3476,387.5723,6672.4035
1446,373.2895,384.6293,6715.5133
1447,429.2497,395.3439,7406.6438
1448,423.6931,384.6251,6197.4829
1449,571.5654,562.5074,6906.260899999999
1450,587.7481,583.4145,6966.6052
1451,483.7586,484.6625,6924.6133
1452,614.8155,595.1882,9733.9216
1453,555.7988,591.265,8746.3115
1454,554.7288,606.5177,8446.46
1455,456.7678,535.7637,7263.2277
1456,447.9062,496.3318,6637.7143
1457,421.6377,454.62510000000003,6248.5805
1458,395.8166,464.447,6187.0893
1459,340.1442,417.879,5580.9201
1460,129.9671,144.4198,1958.7318
1461,50.1641,59.6413,721.7364
1462,99.86449999999999,106.2119,973.4261
1463,123.3412,128.8608,1170.2681
1464,159.22320000000002,149.0644,2001.8505
1465,304.8737,242.3384,5377.5849
1466,311.8541,246.1994,5475.6738000000005
1467,311.8712,246.2056,5475.7023
1468,311.8712,246.2056,5475.7023
1469,311.8712,246.2056,5475.7023
1470,311.8712,246.2056,5475.7023
1471,180.4937,159.9628,3207.7607
1472,114.2105,117.4686,2099.7345
1473,114.9222,119.502,2126.6693
1474,123.5617,131.8785,2282.4894
1475,84.0729,86.6177,1961.0221999999999
1476,106.8224,89.7196,2343.5665
1477,110.3132,91.7523,2389.666
1478,102.6771,86.0737,2185.8351
1479,75.55709999999999,65.9088,1461.897
1480,65.7523,61.9707,1140.6484
1481,83.463,89.166,1364.3221
1482,94.8538,108.398,1684.7323
1483,90.623,98.0037,1934.8251
1484,112.8942,115.0527,2294.2861
1485,231.41389999999998,189.2644,4236.4809000000005
1486,283.4167,268.831,3851.4792
1487,276.9507,276.20459999999997,3868.1469
1488,294.0879,282.561,3908.1174
1489,650.0237,411.5551,4492.8365
1490,279.41949999999997,243.421,2034.0033
1491,334.141,289.3067,3148.2585
1492,381.5601,324.1505,3937.456
1493,363.4485,308.1042,3650.6519
1494,406.5876,300.8422,4407.3467
1495,492.8954,310.3802,5736.0917
1496,495.8922,307.9695,5767.8532000000005
1497,495.8922,307.9695,5767.8532000000005
1498,476.99199999999996,309.0827,5728.5856
1499,400.3926,307.6048,5638.968
1500,381.765,310.7328,5735.8955
1501,54.1796,31.4053,761.9041
1502,68.4506,43.064099999999996,825.9462
1503,60.0296,37.0248,746.58
1504,61.9719,38.313199999999995,793.5312
1505,68.4506,43.064099999999996,825.9462
1506,80.3575,52.9399,1009.4189
1507,75.9094,48.7802,933.7089000000001
1508,68.4506,43.064099999999996,825.9462
1509,68.4506,43.064099999999996,825.9462
1510,68.4506,43.064099999999996,825.9462
1511,76.0967,48.2521,994.0263
1512,68.4506,43.064099999999996,825.9462
1513,68.4506,43.064099999999996,825.9462
1514,76.65820000000001,47.2759,813.86
1515,77.8914,53.9584,870.5206000000001
1516,93.30290000000001,78.6301,896.0488
1517,99.1482,85.7727,953.9902
1518,99.4656,86.1592,957.1726
1519,89.446,77.83670000000001,904.6872000000001
1520,67.8804,63.2849,755.8485
1521,61.6761,61.52,716.3172000000001
1522,56.0701,53.6928,582.5648
1523,52.0038,48.036,486.1175
1524,52.0038,48.036,486.1175
1525,52.0038,48.036,486.1175
1526,52.0038,48.036,486.1175
1527,51.7513,48.0956,485.8288
1528,49.8165,48.5511,483.6157
1529,49.2971,48.673500000000004,483.02180000000004
1530,49.2971,48.673500000000004,483.02180000000004
1531,54.574600000000004,45.7242,463.3753
1532,59.3947,43.0298,445.4306
1533,73.8651,61.8867,607.351
1534,32.5689,27.278,235.4984
1535,158.6387,165.0075,1266.619
1536,86.8985,57.7782,952.2536
1537,91.6103,75.9343,1872.3351
1538,87.8749,84.04899999999999,1994.7344
1539,63.518299999999996,123.8373,1465.5215
1540,187.5098,251.5174,4021.7839
1541,97.5325,192.9111,2865.4628
1542,27.5299,108.7093,951.1708
1543,30.5509,86.2068,915.4938
1544,208.7106,239.513,3924.1007999999997
1545,367.9677,380.6797,6620.0864
1546,368.7124,382.9656,6705.5353
1547,318.7812,321.4639,7075.7226
1548,326.4675,314.4856,6836.5059
1549,337.438,357.4904,7367.1548
1550,363.4675,385.5914,6832.7772
1551,648.898,539.5871,7733.5271999999995
1552,876.8119,631.109,11417.8653
1553,766.1426,633.8409,10146.4898
1554,693.7098,711.0876,9848.9855
1555,1173.1663,1177.9445,14982.4671
1556,731.1255,735.0358,9329.6924
1557,515.2888,527.6436,6791.0785
1558,471.7543,512.3987,6704.428
1559,402.5356,465.0709,6142.465
1560,59.745799999999996,69.4212,989.303
1561,50.1918,59.2826,720.9854
1562,54.4494,53.8185,720.6153
1563,55.4881,53.9965,726.2327
1564,79.2538,75.9075,906.9507
1565,163.917,143.9404,2621.5022
1566,282.13779999999997,228.8529,4918.3724
1567,260.0593,214.7221,4418.2157
1568,237.3535,199.0031,3900.1967
1569,236.5255,198.2272,3879.7214000000004
1570,225.7038,190.9536,3633.5183
1571,194.8128,170.52609999999999,3234.6538
1572,140.4135,141.2517,2291.9525
1573,135.28640000000001,140.4768,2329.4723
1574,116.4559,121.1308,2262.2825
1575,103.5069,89.8929,2284.5863
1576,110.3132,91.7523,2389.666
1577,110.3132,91.7523,2389.666
1578,110.3132,91.7523,2389.666
1579,108.0777,92.0834,2294.584
1580,96.8601,101.7617,1676.9559
1581,96.46,109.4701,1517.2154
1582,98.0394,102.9794,1472.4815
1583,395.5276,386.47429999999997,10145.342700000001
1584,674.6846,646.3901,17648.2661
1585,516.0229,450.1164,10614.7404
1586,394.7917,333.9422,6317.8996
1587,352.1982,316.2013,5477.2654
1588,739.4097,459.6126,5383.4814
1589,1128.7007,616.6024,6883.9907
1590,804.1292,500.6517,6126.9261
1591,491.7481,405.0953,5771.1428
1592,485.4681,399.8203,5750.0428
1593,491.8496,402.9834,5761.1465
1594,478.14730000000003,356.1125,5584.2981
1595,481.88329999999996,319.2448,5619.3816
1596,495.8922,307.9695,5767.8532000000005
1597,493.9223,307.0567,5757.3923
1598,401.8438,273.44870000000003,4351.8896
1599,350.2975,255.7532,4772.7973999999995
1600,234.0278,168.0896,4414.0851999999995
1601,64.477,39.8482,808.9696
1602,68.4506,43.064099999999996,825.9462
1603,68.4506,43.064099999999996,825.9462
1604,68.4506,43.064099999999996,825.9462
1605,65.5541,40.7217,811.8309
1606,58.1114,34.6826,765.3141
1607,63.5784,39.1069,793.1695
1608,68.4506,43.064099999999996,825.9462
1609,68.4506,43.064099999999996,825.9462
1610,77.1156,48.3625,935.7328
1611,78.7552,48.7256,943.4937
1612,84.977,53.1692,1035.3298
1613,77.3658,48.5155,938.9001
1614,74.8713,50.2898,895.7909
1615,250.3512,173.4939,3166.9433
1616,99.4656,86.1592,957.1726
1617,99.5631,86.1039,956.356
1618,99.8527,86.2226,954.9554
1619,99.4656,86.1592,957.1726
1620,78.1951,71.4793,789.604
1621,59.2471,59.4843,667.8675
1622,64.467,62.6048,718.6429
1623,52.0038,48.036,486.1175
1624,52.0038,48.036,486.1175
1625,52.0038,48.036,486.1175
1626,52.5231,48.5102,491.8318
1627,114.6267,91.1668,1496.08
1628,47.1105,42.3516,448.476
1629,55.783699999999996,52.955400000000004,540.3102
1630,50.8713,48.4061,495.8104
1631,58.8654,43.3252,447.3977
1632,59.3947,43.0298,445.4306
1633,101.468,83.1262,1043.4954
1634,62.7816,45.4446,470.4439
1635,59.3947,43.0298,445.4306
1636,98.82600000000001,65.1212,1238.4288
1637,116.30160000000001,81.2286,2664.373
1638,116.445,81.3259,2733.0153
1639,102.3289,96.0172,2405.5909
1640,85.9362,172.8624,2273.3592
1641,259.8735,334.6131,7807.8924
1642,69.113,165.4591,2237.2084
1643,27.5299,89.11019999999999,883.6046
1644,27.5299,84.5813,870.5813
1645,85.1965,130.004,1850.5045
1646,229.8037,257.6159,7210.3859999999995
1647,219.3465,248.4795,8372.437
1648,245.3364,270.3276,8300.0533
1649,289.9834,310.968,8179.8985
1650,206.5902,266.8822,5477.2574
1651,286.1564,316.8542,5783.0439
1652,912.2153999999999,637.3041000000001,11610.390800000001
1653,930.8954,648.0881,11040.3164
1654,1429.4392,1306.361,17192.8583
1655,1661.2535,1634.4252999999999,20354.8027
1656,1568.9436,1548.6399000000001,19325.89
1657,792.6707,794.2236,10053.1299
1658,498.9536,521.9236,6758.5656
1659,383.59209999999996,445.747,5619.8149
1660,65.2038,74.2367,819.5027
1661,53.0411,55.626,720.7377
1662,54.855,53.2973,720.5791
1663,54.855,53.2973,720.5791
1664,54.855,53.2973,720.5791
1665,55.4625,53.9684,726.0027
1666,156.01420000000002,150.1722,2151.1633
1667,161.9305,158.2955,2234.1632
1668,156.8576,154.2071,2160.8445
1669,171.9296,161.4173,2440.9663
1670,166.5042,158.2217,2329.9514
1671,167.4952,160.5952,2302.2239
1672,173.9746,167.1552,2399.7873
1673,175.58599999999998,166.4074,2412.8291
1674,136.7265,120.7904,2455.0036999999998
1675,113.6421,94.98830000000001,2425.0443
1676,110.3132,91.7523,2389.666
1677,110.3132,91.7523,2389.666
1678,110.3132,91.7523,2389.666
1679,109.13929999999999,91.7408,2354.8351000000002
1680,100.84100000000001,93.888,2037.6092999999998
1681,94.279,106.8511,1497.8962000000001
1682,99.734,102.7213,1466.0549
1683,419.9491,404.6807,10525.0214
1684,710.4115,675.0235,18529.4951
1685,515.8565,452.3457,10798.5759
1686,416.2547,345.2185,6774.975
1687,514.5294,387.7291,6898.9288
1688,1111.5701,614.4134,7097.6098
1689,1145.0243,627.1983,7263.2549
1690,1124.1772,619.5648,7198.3042000000005
1691,611.6653,444.3953,5997.9419
1692,490.7883,403.81739999999996,5768.1857
1693,488.6461,401.77,5758.0146
1694,527.9134,441.8992,6999.9237
1695,523.5485,403.1686,7302.725100000001
1696,552.0891,394.5026,8339.8089
1697,551.945,384.5814,8138.2020999999995
1698,309.9205,236.4787,2735.2352
1699,245.6484,186.3821,2597.7944
1700,162.6907,117.4246,3331.2747999999997
1701,54.5129,32.8025,722.4518
1702,65.75580000000001,40.5771,810.9851
1703,60.001,34.9958,778.3539000000001
1704,67.0534,41.7044,818.4599999999999
1705,61.7325,37.6301,793.2083
1706,67.9887,42.69,823.6962
1707,68.2497,42.9016,824.9676000000001
1708,68.4506,43.064099999999996,825.9462
1709,77.6265,48.6747,942.2042
1710,93.0412,58.0999,1137.4983
1711,111.883,72.6965,1581.5884
1712,93.06179999999999,58.1121,1137.7581
1713,98.5309,64.7794,1192.5464
1714,130.5924,96.5247,1714.0876
1715,196.0414,135.96269999999998,2868.3178
1716,110.348,91.0832,1221.0138
1717,96.0649,81.4625,915.7455
1718,102.59100000000001,86.8764,1014.3148
1719,99.4656,86.1592,957.1726
1720,74.8831,69.977,723.0159
1721,57.2148,57.2817,590.0352
1722,52.3087,51.5047,529.8928
1723,52.0038,48.036,486.1175
1724,50.7596,45.6034,478.5446
1725,58.564,53.9228,668.442
1726,55.968199999999996,51.6563,529.7455
1727,94.0569,79.2472,811.1674
1728,63.595600000000005,57.900099999999995,604.1965
1729,61.574600000000004,56.7777,591.4538
1730,64.3961,54.9725,578.6117
1731,67.6587,48.4573,518.0966
1732,59.9382,43.0302,446.0521
1733,59.3947,43.0298,445.4306
1734,59.3947,43.0298,445.4306
1735,77.92060000000001,53.2614,799.2872
1736,115.346,77.9632,2186.3779
1737,116.445,81.7036,2733.393
1738,116.445,81.7036,2733.393
1739,116.445,81.8386,2733.5280000000002
1740,85.6709,115.4033,2021.2432
1741,192.9372,273.3659,5678.1447
1742,238.6711,316.727,7204.6564
1743,42.282,120.55030000000001,1378.7834
1744,27.5299,85.1304,869.8836
1745,27.5299,84.7126,870.4127
1746,93.5042,136.8523,3455.8747
1747,219.3465,248.4709,8372.4284
1748,253.3888,284.5695,8075.9884
1749,289.9834,310.968,8179.8985
1750,202.3946,264.893,5341.5179
1751,240.6653,280.5157,4545.7229
1752,914.7216,591.3981,10325.1318
1753,943.9971,603.9803,10344.5477
1754,1294.9428,1133.6811,15369.221300000001
1755,1653.2945,1631.2808,20338.6035
1756,1633.7245,1622.2966000000001,20284.7975
1757,1473.672,1453.8337000000001,18143.7676
1758,595.2775,618.7126000000001,7914.5997
1759,296.108,350.2101,3795.6329
1760,50.7087,58.618900000000004,720.9402
1761,54.7166,53.4756,720.592
1762,54.855,53.2973,720.5791
1763,54.855,53.2973,720.5791
1764,54.855,53.2973,720.5791
1765,54.7318,53.2421,720.3765
1766,155.4702,151.1355,2153.6488
1767,161.6559,158.4581,2234.9478
1768,161.5545,158.3471,2231.5641
1769,160.96,158.1775,2233.6902
1770,163.1665,160.2059,2255.8853
1771,170.13479999999998,169.4331,2371.0632
1772,175.4746,176.5036,2459.3314
1773,169.1766,164.6448,2390.8874
1774,136.4691,117.6062,2383.754
1775,113.6421,94.98830000000001,2425.0443
1776,110.3132,91.7523,2389.666
1777,110.2,91.682,2388.8972
1778,109.0439,90.9687,2381.0699999999997
1779,109.2974,91.1255,2382.7888
1780,109.0073,91.0121,2380.3636
1781,91.5,91.5603,1850.9478
1782,143.0342,125.352,2273.4293
1783,434.927,325.0999,6502.1324
1784,486.9083,366.6876,7400.7336000000005
1785,432.16839999999996,351.6881,7533.8652
1786,377.90430000000003,323.6341,6619.4144
1787,863.2737999999999,520.8616,7199.6203
1788,1142.0262,627.9321,7281.414699999999
1789,1145.0243,627.1983,7263.2549
1790,1145.0243,627.1983,7263.2549
1791,1003.1705000000001,580.1581,6977.3432
1792,501.6604,406.1996,5801.4865
1793,481.5714,396.5636,5734.6199
1794,554.6649,481.2186,8049.592
1795,566.3000999999999,485.0702,8533.1122
1796,546.0742,426.329,8637.8026
1797,564.8806000000001,409.1664,8847.896
1798,312.4589,233.5125,3665.6167
1799,112.9848,87.771,950.6596
1800,46.1518,33.4117,352.224
1801,31.015,21.7715,506.1187
1802,58.5496,35.1393,780.0053
1803,56.7379,31.7052,763.4518
1804,51.3965,27.138,736.5275
1805,57.1452,33.9188,770.8463
1806,67.0491,41.9305,819.1196
1807,56.9633,33.5837,756.7677
1808,69.4674,43.4047,849.9147
1809,89.8739,56.1634,1097.3721
1810,93.06179999999999,58.1121,1137.7581
1811,100.4663,64.8207,1243.1213
1812,121.3779,83.7674,1540.6838
1813,134.0135,99.7038,1660.0798
1814,148.9176,108.1994,2109.3847
1815,160.8702,113.9375,2445.7838
1816,140.8627,104.88680000000001,1960.7376
1817,99.4656,86.1592,957.1726
1818,99.4656,86.1592,957.1726
1819,99.4656,86.1592,957.1726
1820,80.33840000000001,74.7919,744.5908000000001
1821,51.5495,53.3651,531.8533
1822,48.8332,49.067099999999996,470.1239
1823,46.2098,43.364,385.5685
1824,48.5679,44.8197,438.3768
1825,87.6064,76.7319,904.8853
1826,60.2695,55.5852,577.0899000000001
1827,61.574600000000004,56.7777,591.4538
1828,61.574600000000004,56.7777,591.4538
1829,61.574600000000004,56.7777,591.4538
1830,68.0422,53.096500000000006,566.6714000000001
1831,68.0341,47.512699999999995,507.5171
1832,63.6687,43.3979,454.5898
1833,60.8408,43.0302,447.0836
1834,59.3947,43.0298,445.4306
1835,81.4739,55.222899999999996,867.1536
1836,115.9275,79.99170000000001,2485.0987999999998
1837,116.445,81.7036,2733.393
1838,116.445,81.7036,2733.393
1839,116.445,81.7036,2733.393
1840,115.5641,84.7005,2715.0259
1841,160.69570000000002,247.94219999999999,4657.4681
1842,266.833,344.4377,8030.1702000000005
1843,170.1286,255.1704,5193.8164
1844,29.6847,93.84440000000001,956.4507
1845,27.5299,85.1304,869.8836
1846,57.483000000000004,94.8371,1290.1908
1847,244.6501,258.8698,5585.0553
1848,319.8328,393.258,6617.0719
1849,310.7717,366.9474,7118.786
1850,211.455,277.5818,5337.1388
1851,248.1931,285.3886,5431.49
1852,839.2427,526.8629999999999,9094.5929
1853,936.4247,569.0872,9556.739
1854,897.5569,714.4256,10868.5584
1855,1507.3104,1488.6372000000001,18948.1339
1856,1582.8606,1588.283,19975.1607
1857,1370.8811,1382.4224,17372.7913
1858,424.7647,485.7315,6029.734100000001
1859,233.4407,279.7636,2677.1176
1860,52.0007,56.9604,720.8275
1861,54.855,53.2973,720.5791
1862,54.855,53.2973,720.5791
1863,54.855,53.2973,720.5791
1864,54.855,53.2973,720.5791
1865,54.7596,53.2544,720.4221
1866,155.4702,151.1355,2153.6488
1867,161.2329,158.2875,2234.1832
1868,161.9289,158.5683,2235.441
1869,161.9289,158.5683,2235.441
1870,164.3929,161.8303,2276.1632
1871,173.4816,173.8647,2426.3852
1872,173.1135,172.7311,2437.1944000000003
1873,140.5909,121.0341,2125.4289
1874,128.8804,103.2595,2148.7455
1875,159.1069,98.5718,2491.0267
1876,149.4489,91.588,2424.6038
1877,158.0261,94.2186,2446.2424
1878,175.7527,96.3458,2470.6882
1879,208.8388,98.7467,2512.4393999999998
1880,249.409,102.1795,2562.0899
1881,253.7617,103.2487,2456.3505
1882,293.1192,135.737,2968.0657
1883,529.3112,358.927,6656.6413
1884,551.9297,379.6811,7013.793
1885,516.0684,360.8226,6717.5998
1886,182.93869999999998,151.2379,3108.2876
1887,424.9933,259.20160000000004,3703.9355
1888,1111.1143,611.4754,7099.9139
1889,1145.0243,627.1983,7263.2549
1890,1145.0243,627.1983,7263.2549
1891,1144.9535,627.117,7263.3489
1892,494.2088,325.4147,5151.5377
1893,405.3997,297.4208,5080.0946
1894,452.6907,378.9325,7219.6941
1895,386.8844,316.8959,6075.7894
1896,410.6746,302.5747,6485.846100000001
1897,451.9934,333.0018,7892.6084
1898,157.43970000000002,119.52040000000001,1990.65
1899,152.7497,115.101,1052.6416
1900,45.4249,35.8026,366.6536
1901,21.3715,19.63,437.7291
1902,32.2302,22.0757,517.0448
1903,48.9882,27.067999999999998,736.6554
1904,51.3392,26.7491,736.2189
1905,46.2371,24.4465,715.7639
1906,44.553599999999996,23.7352,709.4839
1907,73.406,44.3082,937.5586
1908,89.7633,62.4818,1028.9854
1909,103.175,70.5643,1257.0196
1910,116.1503,79.03150000000001,1466.2974
1911,140.7523,101.3211,1816.3617
1912,145.31640000000002,105.4563,1881.3062
1913,135.4564,97.5839,1731.5773
1914,195.7952,136.9017,2982.6982
1915,160.8702,113.9375,2445.7838
1916,194.9104,134.618,2804.221
1917,124.3666,93.4644,1386.5061
1918,103.90429999999999,87.4226,1031.9935
1919,99.4656,86.1592,957.1726
1920,81.8003,76.0053,752.2448
1921,55.2684,56.4541,551.3344
1922,50.3441,52.0667,515.7379
1923,41.988,40.4407,317.5309
1924,49.9995,46.4192,451.3169
1925,58.5285,53.9956,557.9274
1926,61.574600000000004,56.7777,591.4538
1927,61.574600000000004,56.7777,591.4538
1928,61.574600000000004,56.7777,591.4538
1929,62.3078,56.3671,588.722
1930,68.3495,48.4042,517.65
1931,63.5323,43.0308,450.16020000000003
1932,63.5323,43.0308,450.16020000000003
1933,64.6939,43.9651,456.4495
1934,98.8867,73.6813,1033.3588
1935,92.5937,62.0027,1176.4022
1936,116.36410000000001,81.4324,2693.9303
1937,116.445,81.7036,2733.393
1938,116.445,81.4974,2733.1868
1939,116.445,80.7661,2732.4555
1940,116.096,82.3146,2726.0443
1941,119.5531,187.3105,3234.86
1942,266.833,346.6246,8032.3571
1943,266.833,346.1971,8031.9296
1944,179.3032,251.4383,5416.997
1945,58.6103,110.1756,1635.9935
1946,175.62959999999998,148.9265,2763.0434
1947,219.0909,183.0213,3512.7412999999997
1948,307.8363,369.4989,6158.8956
1949,321.4271,389.0397,6517.5626
1950,291.6673,348.4815,6565.9853
1951,288.2451,269.8561,6510.3593
1952,704.9202,460.2565,8472.0245
1953,821.1115,516.2356,9031.9454
1954,632.6195,480.29990000000004,8360.0965
1955,643.0595,605.7384000000001,9275.7632
1956,761.9773,677.5657,10871.6217
1957,639.2574999999999,628.5506,9697.9195
1958,371.8271,433.4787,4937.7697
1959,148.9446,167.2694,1818.1832
1960,53.3818,56.0958,725.7021
1961,54.855,53.2973,720.5791
1962,54.855,53.2973,720.5791
1963,54.855,53.2973,720.5791
1964,54.855,53.2973,720.5791
1965,54.855,53.2973,720.5791
1966,155.4702,151.1355,2153.6488
1967,161.9289,158.5683,2235.441
1968,161.9289,158.5683,2235.441
1969,161.9289,158.5683,2235.441
1970,164.4239,161.871,2276.6675
1971,169.1858,166.487,2399.5423
1972,146.9024,124.5083,2302.2007
1973,173.308,130.8655,3189.4218
1974,197.9962,146.2283,3870.1727
1975,245.9336,111.0802,2794.6485000000002
1976,180.3886,84.696,2258.1291
1977,257.3209,100.4703,2526.5068
1978,278.8247,105.2879,2615.5694
1979,277.3901,104.4024,2605.855
1980,278.5559,105.5734,2616.6318
1981,278.441,110.66369999999999,2591.4642
1982,268.5692,106.211,2465.7467
1983,341.1277,210.868,4143.3287
1984,427.813,319.5793,5872.0674
1985,266.81329999999997,199.2218,3842.8824
1986,119.8694,100.1808,2109.7277
1987,119.8694,100.1808,2109.7277
1988,490.3706,329.4207,5755.5987000000005
1989,873.0874,545.3425,8807.2764
1990,1118.7856,620.5889999999999,7497.9146
1991,975.2062,539.1308,6683.2321
1992,363.8225,231.8289,4524.1751
1993,345.4457,222.0691,4453.7748
1994,280.9285,193.7716,3769.6949
1995,257.2777,186.808,3461.1542
1996,272.8862,195.7554,3567.8729
1997,251.9177,185.4129,3486.8528
1998,115.7573,96.5425,793.4422
1999,92.5299,77.8606,568.6295
2000,46.1643,38.3851,382.3433
2001,21.8998,20.0587,438.88349999999997
2002,22.248,20.339,441.47339999999997
2003,39.6669,26.5509,591.5074999999999
2004,49.8063,26.6019,733.1875
2005,48.2862,25.3846,724.7279
2006,42.985299999999995,22.3759,651.8321
2007,70.2984,42.3835,959.3804
2008,117.0842,80.76820000000001,1572.1336
2009,141.8238,102.5633,1857.8425
2010,145.31640000000002,105.4563,1881.3062
2011,139.1902,100.5012,1851.4495
2012,145.31640000000002,105.4563,1881.3062
2013,145.1437,105.35849999999999,1878.7122
2014,154.0287,110.0692,2207.7011
2015,155.6601,107.7028,2148.7511
2016,215.6555,141.7231,2698.1664
2017,149.5736,100.4196,1801.7392
2018,147.5666,99.8482,1767.9077
2019,125.4381,93.3466,1400.0428
2020,108.0215,93.1941,992.9233
2021,60.4485,60.7574,578.4704
2022,93.0838,80.5095,1039.6363000000001
2023,75.7298,65.6001,584.526
2024,48.8281,45.7435,415.088
2025,60.9857,55.9634,586.9788
2026,52.609,48.2887,513.4215
2027,61.574600000000004,56.7777,591.4538
2028,61.574600000000004,56.7777,591.4538
2029,65.58239999999999,54.2554,573.5431
2030,64.06869999999999,44.4733,464.9976
2031,63.5323,43.0308,450.16020000000003
2032,63.5323,43.0308,450.16020000000003
2033,75.2687,52.3601,804.4225
2034,139.0143,100.9068,2003.3845000000001
2035,116.8333,86.516,2126.2933
2036,116.6132,81.5565,2742.8655
2037,116.9459,81.1428,2736.9201
2038,116.445,80.9386,2732.628
2039,116.445,80.5776,2732.2670000000003
2040,100.0805,99.0028,2383.5822000000003
2041,146.9707,230.8099,4203.7041
2042,227.1189,307.6986,6777.8885
2043,265.298,344.8757,7975.3026
2044,266.833,346.6246,8032.3571
2045,467.7707,445.8908,9740.5934
2046,405.3412,328.3043,7222.483700000001
2047,239.70000000000002,191.4173,3830.1376999999998
2048,310.7906,336.3392,5298.052
2049,348.7841,448.0057,6130.643
2050,305.73789999999997,376.6891,6446.7982
2051,288.0563,294.5571,6520.3151
2052,327.99670000000003,276.1258,6712.8157
2053,405.7073,378.9072,6863.9597
2054,406.7232,375.30580000000003,6861.349200000001
2055,359.8829,389.9249,5517.1559
2056,398.4392,412.7346,6074.3016
2057,588.6672,527.6097,9418.6534
2058,217.7613,229.8948,2723.2542
2059,98.5468,99.0069,1233.1285
2060,105.7443,101.1416,1330.7242
2061,79.082,74.8015,1007.9905
2062,60.9315,58.6905,792.6676
2063,54.855,53.2973,720.5791
2064,56.9705,56.0651,750.9782
2065,91.6277,99.8772,1363.7374
2066,160.84380000000002,170.9227,2380.4957
2067,162.2125,159.3731,2247.2372
2068,161.9289,158.5683,2235.441
2069,161.2991,157.5656,2229.3963
2070,157.2808,148.8707,2251.2662
2071,142.1751,114.3366,2304.0301
2072,190.6406,141.6825,3649.8129
2073,205.7657,151.5207,4074.4378
2074,216.9784,157.56050000000002,4293.6457
2075,197.8907,95.41109999999999,2438.2143
2076,173.1735,54.2367,1239.8475
2077,246.2987,83.947,1997.3309
2078,270.1361,98.5343,2376.6199
2079,269.5478,98.3577,2396.8385
2080,284.7413,109.4661,2664.914
2081,302.9597,120.6736,2786.1525
2082,286.06829999999997,135.2114,2934.6497
2083,226.27870000000001,217.38019999999997,3999.8413
2084,225.3917,224.0647,4105.6385
2085,153.6765,139.49960000000002,2797.7688
2086,119.8694,100.1808,2109.7277
2087,119.8694,100.1808,2109.7277
2088,489.3592,372.4936,8208.5574
2089,626.5673,473.8374,10386.2701
2090,698.9534,499.3422,10222.250600000001
2091,566.1921,356.6384,6252.3453
2092,347.3995,223.6944,4461.468
2093,348.6524,224.7372,4466.401
2094,288.4527,200.0317,3799.3170999999998
2095,258.2392,187.6077,3464.9397
2096,258.2392,187.6077,3464.9397
2097,250.2374,182.3525,3323.0123
2098,110.8335,93.4432,642.1685
2099,101.9403,85.873,606.4374
2100,46.5391,38.496700000000004,383.9861
2101,20.3505,18.8062,430.1304
2102,21.3715,19.63,437.7291
2103,28.883,25.4719,469.3383
2104,50.1219,30.4843,706.398
2105,62.2834,34.8891,944.3805
2106,107.53020000000001,69.358,1803.9706999999999
2107,156.5707,103.11189999999999,2678.535
2108,136.9555,95.3882,2064.0061
2109,136.4194,98.2606,1837.9486
2110,145.31640000000002,105.4563,1881.3062
2111,142.6334,103.2864,1868.2312
2112,143.30720000000002,103.8311,1871.515
2113,141.6122,103.8339,1802.9672999999998
2114,143.4781,99.8027,1727.5934
2115,149.5736,100.4196,1801.7392
2116,149.5736,100.4196,1801.7392
2117,135.2425,90.24289999999999,1626.6384
2118,146.2275,98.2108,1765.7993999999999
2119,146.888,98.8767,1770.5873
2120,97.9984,79.3839,1078.4821
2121,153.2345,119.7123,2059.2677
2122,85.2075,75.535,936.8515
2123,58.3664,56.6312,588.0246999999999
2124,52.0968,48.3907,421.0345
2125,57.3076,49.0518,490.152
2126,53.950900000000004,46.4499,487.6968
2127,61.3432,55.4494,576.9952
2128,61.574600000000004,56.7777,591.4538
2129,65.985,51.5304,545.5716
2130,63.385,42.9597,449.3899
2131,63.561499999999995,43.0522,450.8323
2132,84.2469,58.4694,939.1695000000001
2133,107.9111,78.38600000000001,1799.9974
2134,161.0388,116.9166,2309.5786000000003
2135,158.1198,115.55250000000001,2359.6137
2136,125.2151,94.4607,3055.1034
2137,117.4054,81.5809,2747.0016
2138,116.445,80.1812,2731.8706
2139,116.445,79.5572,2731.2466
2140,111.4934,153.1365,2862.274
2141,185.1523,267.0591,5463.2157
2142,194.6989,276.1272,5778.9374
2143,206.2572,287.1457,6133.1405
2144,551.9522000000001,604.0051,12018.0739
2145,1157.2107,1129.4325000000001,21445.4921
2146,518.101,452.1752,9547.5787
2147,590.0441,612.3842999999999,9595.5324
2148,482.9813,620.191,7515.8634
2149,348.7841,447.0783,6140.7516
2150,294.4081,381.33369999999996,5898.0555
2151,276.3021,339.6804,6282.4800000000005
2152,333.60990000000004,308.4742,6792.6644
2153,389.657,361.2177,6871.3217
2154,367.4686,385.2943,5891.9235
2155,361.4077,391.9267,5356.1579
2156,357.3702,391.2446,5351.0293
2157,181.1757,200.5675,2544.89
2158,38.307,30.224,443.4027
2159,39.9572,31.2897,458.9343
2160,96.0538,86.1211,1078.3945
2161,120.6602,111.3547,1493.2662
2162,131.2468,122.7602,1856.6371
2163,123.8609,121.4463,1889.2939000000001
2164,145.0469,167.4918,2258.2502
2165,166.5542,194.8792,2680.6293
2166,166.5416,194.8864,2680.6142
2167,166.6245,189.92159999999998,2626.5428
2168,129.2037,121.03970000000001,1885.9868999999999
2169,98.0397,74.4683,1424.5194
2170,95.3928,74.3871,1396.5041
2171,138.3181,104.2435,2428.7731
2172,212.2482,155.26420000000002,4225.1627
2173,212.2482,155.26420000000002,4225.1627
2174,227.4245,157.7066,4252.1535
2175,134.4595,86.0232,2330.1181
2176,201.8663,58.6473,1289.4676
2177,219.5126,61.814,1302.2693
2178,224.6859,63.1518,1120.2518
2179,223.47809999999998,62.4687,1120.1391
2180,233.7482,70.1656,1346.5429
2181,287.51800000000003,108.998,2577.1953
2182,167.2401,122.1823,2443.6348
2183,150.7761,147.5893,2724.6839
2184,365.09139999999996,316.3318,5749.4359
2185,364.8365,303.1419,5813.0983
2186,222.4319,186.2991,3559.6014
2187,293.0801,250.5176,4595.8498
2188,487.0065,396.36899999999997,7657.5779
2189,619.6574,469.19960000000003,10267.2359
2190,626.5673,473.8374,10386.2701
2191,544.9993,402.2839,8720.0555
2192,348.7686,224.8337,4466.8592
2193,348.7686,224.8337,4466.8592
2194,282.8684,197.11069999999998,3748.111
2195,256.0715,184.7782,3449.7071
2196,253.1386,183.4431,3449.2488
2197,254.7641,185.3879,3398.396
2198,123.39840000000001,101.471,882.7846
2199,109.8662,92.6194,638.2828
2200,59.934400000000004,50.11,437.6694
2201,21.0166,19.3434,435.0892
2202,19.7184,18.2961,425.4271
2203,25.1769,22.7101,453.98879999999997
2204,66.70270000000001,48.4703,1053.9436
2205,163.5451,105.291,2766.1708
2206,164.6425,107.9887,2811.5235000000002
2207,157.5478,103.3035,2755.3158
2208,140.1286,95.0093,2278.5051
2209,122.6204,87.0985,1770.6957
2210,128.8609,92.14659999999999,1801.1107
2211,141.7048,102.535,1863.7045
2212,145.31640000000002,105.4563,1881.3062
2213,142.4258,102.2362,1772.0734
2214,149.5736,100.4196,1801.7392
2215,149.5736,100.4196,1801.7392
2216,149.5736,100.4196,1801.7392
2217,148.5479,99.5925,1792.9914
2218,149.5823,100.3959,1803.1118999999999
2219,141.8173,95.9605,1711.7729
2220,118.8947,83.7332,1428.6425000000002
2221,107.8042,97.72330000000001,1136.9645
2222,66.79169999999999,66.0268,611.6998
2223,59.2369,57.352399999999996,612.6672
2224,61.3686,50.2552,531.9176
2225,59.9127,47.251000000000005,487.73900000000003
2226,59.9127,47.251000000000005,487.73900000000003
2227,59.938900000000004,47.406,489.4294
2228,58.4816,47.2105,486.3435
2229,64.3362,47.7235,502.3867
2230,64.2979,43.6017,468.23990000000003
2231,92.7009,64.77,1138.7377
2232,107.9173,76.1115,1497.9705000000001
2233,110.40289999999999,79.7448,1792.8484
2234,150.5063,109.5638,2258.4989
2235,174.9476,129.2166,2407.1275
2236,309.7819,280.15139999999997,3909.8056
2237,420.1233,358.1639,9123.1341
2238,384.1715,321.3003,8725.0404
2239,406.4722,341.007,9569.8184
2240,235.90460000000002,286.9928,6614.5205
2241,185.06019999999998,266.9742,5460.2703
2242,194.6989,276.1272,5778.9374
2243,194.6989,276.1272,5778.9374
2244,438.5582,515.7633,9813.9389
2245,1237.0912,1211.3371,22895.5243
2246,824.9327000000001,946.9906,13573.0316
2247,1039.048,1340.5305,13363.4547
2248,1020.5838,1323.9480999999998,13035.2685
2249,503.6543,666.8824,7582.1413999999995
2250,182.1632,315.6437,3717.5298000000003
2251,175.9077,303.8584,3528.5841
2252,243.7452,329.2328,4217.1916
2253,353.4217,410.55469999999997,5469.7029
2254,367.4769,392.9866,5363.9014
2255,372.3635,392.4557,5368.7521
2256,347.7,366.8518,4914.6084
2257,100.05499999999999,80.5792,987.2969
2258,39.0287,25.7838,439.5573
2259,39.0287,25.7838,439.5573
2260,45.4594,32.4996,509.173
2261,116.6389,106.419,1327.9492
2262,162.5142,154.9323,2742.0086
2263,162.7712,156.31719999999999,2750.4663
2264,165.9688,172.16400000000002,2724.1901
2265,182.7127,195.547,2792.7453
2266,573.3578,495.7983,5100.2507
2267,132.8679,144.2449,2121.4896
2268,66.7051,49.3667,990.0693
2269,80.5011,61.2933,1137.1857
2270,84.9471,65.8128,1192.4167
2271,112.8848,85.4433,1857.971
2272,212.2482,155.26420000000002,4225.1627
2273,212.2482,155.26420000000002,4225.1627
2274,212.2482,155.26420000000002,4225.1627
2275,127.0703,84.5265,2315.7431
2276,136.322,48.5741,1176.1208
2277,229.48149999999998,63.1647,1328.5202
2278,225.1205,63.3948,1124.0671
2279,224.6674,63.14,1120.1249
2280,225.0917,63.4018,1122.9983
2281,202.445,88.6884,1902.5377
2282,133.4098,129.7802,2406.464
2283,196.1837,179.5737,3286.9102
2284,518.4051000000001,426.46840000000003,7309.6623
2285,601.9526,495.5264,7883.327499999999
2286,449.8233,379.43420000000003,6686.0508
2287,412.8639,351.7126,6329.0528
2288,412.8639,351.7126,6329.0528
2289,487.3372,394.4227,7766.772
2290,624.9048,472.9388,10358.333
2291,613.7618,463.21049999999997,10153.5602
2292,389.75,263.061,5408.9217
2293,341.4083,221.80780000000001,4385.394
2294,302.1655,205.671,3951.086
2295,258.2392,187.6077,3464.9397
2296,257.7667,187.215,3463.0787
2297,258.2392,187.6077,3464.9397
2298,134.937,108.8416,1103.7556
2299,110.8335,93.4432,642.1685
2300,99.4836,83.7808,596.5678
2301,20.8524,19.2118,433.8664
2302,21.1121,19.8256,436.0774
2303,21.3715,19.63,437.7291
2304,96.9114,66.7722,1664.583
2305,163.4534,106.54849999999999,2784.5844
2306,162.8329,106.9875,2787.314
2307,157.475,103.2444,2754.7713
2308,142.6583,96.2109,2347.9665
2309,121.4199,86.1276,1764.8445
2310,124.7702,88.7866,1780.8272
2311,123.1998,87.4164,1772.4952
2312,139.3488,100.688,1837.2146
2313,147.67849999999999,100.77300000000001,1793.9906
2314,149.5736,100.4196,1801.7392
2315,149.5736,100.4196,1801.7392
2316,149.5736,100.4196,1801.7392
2317,149.5736,100.4196,1801.7392
2318,149.5736,100.4196,1801.7392
2319,157.7416,111.5285,1981.808
2320,198.9881,154.2772,2707.7075
2321,151.5446,125.2797,1931.0672
2322,94.6307,83.5129,1035.4187
2323,79.2028,69.11,878.4732
2324,75.9651,61.928,830.0556
2325,59.9127,47.251000000000005,487.73900000000003
2326,59.9127,47.251000000000005,487.73900000000003
2327,57.5604,44.814299999999996,459.921
2328,51.2319,38.2582,385.0596
2329,54.1553,39.5099,401.7512
2330,81.8214,56.658,882.133
2331,107.9173,76.1115,1497.9705000000001
2332,107.9173,76.1115,1497.9705000000001
2333,111.941,79.8371,1642.1623
2334,165.0455,119.7138,2329.0102
2335,174.3989,135.344,2482.4040999999997
2336,354.6019,334.7187,4218.0035
2337,590.2042,513.8179,12318.3275
2338,614.9344,533.4019999999999,13206.3185
2339,612.227,531.6251,13017.6491
2340,308.7386,342.3402,8093.7478
2341,198.4797,278.1662,5860.784799999999
2342,194.6989,276.1272,5778.9374
2343,194.6989,276.1272,5778.9374
2344,203.4425,285.5057,5875.430899999999
2345,534.0378,551.8273,10745.0633
2346,467.52230000000003,581.2639,7436.0818
2347,977.7964,1265.3978,12587.916
2348,1087.2315,1412.8222,13721.1467
2349,689.6441,935.4738,9301.395700000001
2350,164.463,287.0713,3442.0308
2351,204.8251,293.7218,3677.1248
2352,281.9063,332.0087,4155.4301000000005
2353,348.0328,415.4532,5306.5686
2354,372.3635,392.4557,5368.7521
2355,372.3635,392.4557,5368.7521
2356,193.3187,197.9169,2580.9019
2357,39.0287,25.7838,439.5573
2358,39.0287,25.7838,439.5573
2359,39.0287,25.7838,439.5573
2360,38.9766,25.8105,440.09979999999996
2361,82.4343,71.6074,916.7338
2362,152.40699999999998,145.13309999999998,2440.6937000000003
2363,162.2729,155.5807,2751.2391000000002
2364,162.2729,155.5807,2751.2391000000002
2365,161.5327,153.4247,2745.4752
2366,194.885,170.1672,2928.8343
2367,73.7299,56.6916,1129.0133
2368,64.3829,46.233200000000004,954.6198
2369,76.3854,57.661,1093.4093
2370,84.9471,65.8128,1192.4167
2371,90.3626,69.6176,1321.417
2372,201.9221,148.0085,3979.1615
2373,212.2482,155.26420000000002,4225.1627
2374,196.0978,140.8667,3669.1803
2375,110.6806,75.40469999999999,1733.6191
2376,61.3289,38.9861,1023.673
2377,168.4769,53.5513,1225.5564
2378,217.4114,61.8228,1119.4154
2379,225.0917,63.4018,1122.9983
2380,224.7054,63.569900000000004,1123.4750999999999
2381,156.1108,138.1709,2182.9532
2382,190.4081,190.77470000000002,2934.068
2383,421.3138,369.9501,4474.7961
2384,790.7339,643.5505,7969.955
2385,924.4039,753.5204,10031.1688
2386,629.9221,521.6395,8786.4969
2387,416.9207,354.8597,6389.820900000001
2388,412.8639,351.7126,6329.0528
2389,413.6508,352.4486,6341.4888
2390,529.3109,425.9651,8433.5008
2391,623.8356,473.9473,10196.2883
2392,386.1339,259.656,5324.5669
2393,296.402,202.2994,3899.015
2394,268.3634,191.7707,3576.9872
2395,258.2392,187.6077,3464.9397
2396,258.2392,187.6077,3464.9397
2397,258.2392,187.6077,3464.9397
2398,174.9754,134.4185,1870.4671
2399,110.8335,93.4432,642.1685
2400,110.8335,93.4432,642.1685
2401,21.3715,19.63,437.7291
2402,21.3715,19.63,437.7291
2403,23.381999999999998,20.7564,486.1058
2404,123.0302,81.964,2228.2468
2405,162.0104,106.9037,2788.5134
2406,162.332,106.5488,2784.7976
2407,153.58350000000002,103.53059999999999,2500.979
2408,155.2758,106.94630000000001,2364.7425
2409,135.8209,96.8049,1821.4234000000001
2410,158.42589999999998,98.226,1826.8044
2411,199.7022,107.5198,2185.5469
2412,199.8084,104.15950000000001,2040.9193
2413,135.1638,85.7403,1700.433
2414,143.9289,95.0831,1803.3475
2415,142.2268,94.4776,1765.9361
2416,149.5736,100.4196,1801.7392
2417,149.0715,100.0144,1799.2954
2418,155.88150000000002,106.1041,1902.2905
2419,211.89440000000002,161.2952,2857.8725
2420,218.6943,171.6385,3022.3875
2421,218.4543,171.4735,3018.4872
2422,140.4158,117.837,1809.2667999999999
2423,117.22370000000001,95.4445,1639.2202
2424,117.9186,94.8036,1697.1041
2425,91.9173,73.4883,1155.0126
2426,63.536300000000004,50.2218,563.294
2427,55.6475,42.8331,437.2965
2428,50.983200000000004,38.0005,382.1175
2429,54.7708,42.199,397.2461
2430,107.9726,75.73530000000001,1394.6390000000001
2431,107.9173,76.1115,1497.9705000000001
2432,107.9173,76.1115,1497.9705000000001
2433,128.6041,91.0894,1775.6742
2434,211.436,152.457,3085.9907
2435,199.5899,150.2147,2937.1861
2436,388.765,356.2723,5011.2991
2437,571.0878,495.59139999999996,10209.1708
2438,578.2359,501.437,10382.4031
2439,565.6396,493.3345,9732.9427
2440,305.1834,338.0011,7581.1934
2441,226.0056,292.9316,6456.6353
2442,194.6989,276.1272,5778.9374
2443,194.6989,274.3485,5776.7732
2444,170.2368,221.4289,4896.0346
2445,145.4313,186.8875,4026.1385999999998
2446,145.4313,186.8875,4026.1385999999998
2447,219.7386,279.7214,4740.2676
2448,345.7043,477.80719999999997,4892.5715
2449,197.424,282.4736,3293.6487
2450,160.8389,218.6301,3297.6333
2451,168.55010000000001,227.2994,3390.7378
2452,252.76350000000002,291.7844,3958.1411
2453,321.5375,379.6191,4968.7887
2454,372.3635,392.4557,5368.7521
2455,312.1481,323.82640000000004,4457.6453
2456,45.1307,32.4267,520.5404
2457,39.0287,25.7838,439.5573
2458,39.0287,25.7838,439.5573
2459,39.0287,25.7838,439.5573
2460,39.0287,25.7838,439.5573
2461,49.9384,37.0244,555.994
2462,149.2709,137.8159,2205.0591
2463,169.0455,158.2939,2777.167
2464,165.0576,156.696,2761.8997
2465,162.2729,155.5807,2751.2391000000002
2466,162.4251,153.4536,2707.774
2467,65.6726,47.3586,986.5703
2468,64.3829,46.233200000000004,954.6198
2469,72.2306,53.7045,1045.3628
2470,84.9471,65.8128,1192.4167
2471,84.9471,65.8128,1192.4167
2472,133.8482,100.1747,2357.3942
2473,145.1661,109.0795,2567.6799
2474,78.813,62.7825,944.7489
2475,73.06869999999999,58.5866,809.5983
2476,72.81530000000001,58.2048,813.564
2477,81.6993,52.9048,906.7859
2478,222.4782,66.5728,1135.0487
2479,210.5631,75.7176,1209.8094
2480,165.3991,117.0358,1558.5853
2481,223.7526,225.09879999999998,3328.2999
2482,300.6983,279.6093,3778.6455
2483,631.7787,543.7585,5500.0293
2484,810.5228999999999,681.9611,8084.9052
2485,992.4304,807.0388,11388.182700000001
2486,953.6133,777.3638000000001,11199.6618
2487,519.2305,434.7258,7699.0008
2488,490.4232,418.0401,6883.8916
2489,543.6533,463.5594,7264.6840999999995
2490,557.8573,475.8868,7399.8454
2491,581.4859,467.9936,8448.5853
2492,472.1939,354.253,7171.5831
2493,327.9684,215.4673,4290.519
2494,325.7992,215.3891,4212.6437
2495,281.7519,197.2766,3725.1552
2496,258.2392,187.6077,3464.9397
2497,292.0621,201.5151,3839.2668
2498,290.304,192.6149,3529.4298
2499,139.1564,108.88029999999999,1102.5099
2500,137.25300000000001,105.4605,1143.2727
2501,21.3715,19.63,437.7291
2502,21.3715,19.63,437.7291
2503,38.7356,29.5304,834.6858
2504,158.2407,104.3589,2750.3008
2505,161.9515,106.8564,2788.0759
2506,162.0104,106.9037,2788.5134
2507,161.8033,107.4099,2740.8726
2508,178.26600000000002,116.0738,2568.8369000000002
2509,227.3407,128.5401,2348.5563
2510,212.4597,109.8098,2171.3191
2511,223.4026,115.86840000000001,2220.2738
2512,210.01000000000002,109.8365,1976.7350000000001
2513,157.2408,95.5179,1798.3938
2514,130.6151,84.8877,1708.0002
2515,143.68880000000001,95.6459,1772.9644
2516,149.5117,100.37,1801.4386
2517,148.9928,99.9501,1798.9086
2518,175.256,123.56139999999999,2211.1081
2519,226.1683,175.9364,3109.0824000000002
2520,218.6943,171.6385,3022.3875
2521,218.6943,171.6385,3022.3875
2522,210.7823,166.2419,2909.8479
2523,109.3963,97.6406,1487.1892
2524,104.3649,92.6173,1411.4132
2525,117.48859999999999,95.21679999999999,1687.8932
2526,103.4564,82.9474,1395.5885
2527,56.882600000000004,44.122,487.6702
2528,50.6391,37.8754,381.5858
2529,62.538199999999996,50.8074,428.2672
2530,478.9878,293.65999999999997,6055.6459
2531,758.0315,459.1843,9327.693
2532,379.7155,236.1413,4730.4186
2533,271.5942,193.1185,3884.4727
2534,299.6069,214.99280000000002,4473.0154
2535,277.81780000000003,204.10920000000002,4401.927
2536,350.6451,288.6329,5568.9941
2537,554.1729,479.4093,9484.0565
2538,566.2156,492.0269,9646.7216
2539,544.6203,475.9334,9459.865
2540,275.8765,309.1266,7322.7991
2541,259.2341,310.82480000000004,7175.9791
2542,205.1807,279.5303,6003.129
2543,187.26399999999998,238.17929999999998,5484.6651
2544,146.0021,187.3517,4045.7486
2545,145.4313,186.8875,4026.1385999999998
2546,145.4313,186.8875,4026.1385999999998
2547,111.4756,163.3337,3036.7766
2548,58.0865,125.5047,1480.4429
2549,58.0865,125.4991,1480.4373
2550,116.6331,170.0891,2507.382
2551,164.463,223.823,3363.6446
2552,226.83859999999999,283.9619,3877.2746
2553,496.6375,541.0814,7170.2953
2554,879.4317000000001,818.8,11189.5416
2555,839.304,768.8629,10620.5731
2556,152.4168,123.9938,1898.3206
2557,65.8697,40.877,536.648
2558,48.0944,30.882,472.3508
2559,39.0287,25.7838,439.5573
2560,39.0287,25.7838,439.5573
2561,60.0132,34.7944,517.3246
2562,154.1418,121.2433,1549.2872
2563,207.8226,180.2826,3052.4623
2564,216.6867,190.8958,3365.2853999999998
2565,232.03300000000002,204.7425,3727.0202
2566,241.7261,212.0572,3929.2557
2567,157.2009,134.0688,2606.4636
2568,83.6802,57.0403,1165.6598
2569,86.0712,56.165,1055.0912
2570,88.0596,65.3922,1180.8220000000001
2571,154.1415,120.7099,1623.2224
2572,90.5657,70.122,1097.2072
2573,73.1625,58.5287,817.4347
2574,73.06869999999999,58.5866,809.5983
2575,73.06869999999999,58.5866,809.5983
2576,73.2153,58.7489,814.5202999999999
2577,78.8166,61.8844,977.0143
2578,121.03609999999999,81.9448,1348.103
2579,194.8722,167.3475,2175.1563
2580,211.7772,184.7697,2576.1396999999997
2581,270.5337,246.8681,3885.7395
2582,313.91949999999997,283.4192,4831.9418000000005
2583,382.8155,346.485,5354.6457
2584,877.6083,726.0844,10261.7994
2585,988.1098,806.8165,11346.8087
2586,978.7817,803.0903,11338.0843
2587,778.2622,650.7755,10039.0969
2588,639.2572,545.3151,7948.6087
2589,639.4631,545.492,7950.0808
2590,639.4631,545.492,7950.0808
2591,623.4526,529.4316,7719.9923
2592,355.3583,277.0329,4310.4398
2593,293.438,204.6113,4012.2482
2594,261.1323,188.7981,3496.9556000000002
2595,258.2392,187.6077,3464.9397
2596,269.5444,192.25639999999999,3590.0602
2597,347.9052,224.4791,4457.2973
2598,348.7686,224.8337,4466.8592
2599,349.3954,223.8749,4537.1745
2600,327.2771,198.4301,4496.5579
2601,21.3715,19.63,437.7291
2602,21.3715,19.63,437.7291
2603,81.7902,58.6186,1549.4054
2604,166.4395,112.7959,2809.4813
2605,166.2363,112.2821,2807.7305
2606,162.0104,106.9037,2788.5134
2607,162.0104,106.9037,2788.5134
2608,212.165,119.3225,2545.7903
2609,224.8481,120.55539999999999,2362.6029
2610,193.8152,99.1232,1998.6004
2611,200.9649,102.5321,1929.5693
2612,208.2389,108.8935,1952.6055000000001
2613,150.7641,89.6675,1762.6846
2614,129.4991,82.3324,1691.3542
2615,139.4507,89.5777,1764.3836000000001
2616,146.3324,97.3602,1782.972
2617,150.5339,101.285,1817.0515
2618,225.8559,169.1546,3017.6298
2619,220.8497,172.8789,3047.3932
2620,218.6943,171.6385,3022.3875
2621,218.6943,171.6385,3022.3875
2622,218.6943,171.6385,3022.3875
2623,101.2371,98.2191,1328.4041
2624,98.367,91.4286,1285.0720000000001
2625,107.9101,93.3189,1486.1066
2626,118.0048,94.8513,1707.3671
2627,101.2824,81.04260000000001,1394.7667000000001
2628,56.9193,43.6441,524.9467
2629,106.9954,72.822,1301.8318
2630,752.0335,454.51980000000003,9436.7999
2631,1060.4035,636.9352,13039.0993
2632,1059.4737,645.1685,13058.1837
2633,784.6847,528.1628000000001,9645.601
2634,457.2127,321.5551,6018.7925
2635,271.6657,207.25220000000002,4438.3323
2636,267.71729999999997,210.60170000000002,4920.5594
2637,346.6509,291.8853,7369.4934
2638,422.161,355.3786,8177.4239
2639,430.5467,312.5524,8298.5178
2640,374.8782,247.9433,7479.6487
2641,310.9353,223.1538,6221.1693
2642,229.0384,210.8405,4745.3859
2643,149.3138,187.458,4182.862
2644,145.4313,186.8875,4026.1385999999998
2645,145.4313,186.8875,4026.1385999999998
2646,145.4313,186.8875,4026.1385999999998
2647,103.9622,159.0316,2818.7938
2648,58.0865,125.4991,1480.4373
2649,58.0865,125.4991,1480.4373
2650,93.0376,147.192,2088.5634
2651,164.463,216.111,3355.9326
2652,352.2254,397.5555,5423.0262
2653,723.1526,736.8076,9731.1741
2654,972.8234,903.4008,12234.293899999999
2655,977.6174,899.206,12223.841
2656,805.1034,587.8891,9326.8095
2657,645.4683,368.41,6319.0389
2658,535.3776,305.7058,4346.2866
2659,247.2467,142.8581,1264.5701
2660,61.589,38.4428,526.2625
2661,84.5162,47.1387,617.89
2662,190.656,153.581,2030.5396
2663,275.7588,225.89149999999998,4063.7425
2664,276.3899,226.6249,4088.8603000000003
2665,273.6056,225.5103,4078.2012
2666,266.8428,222.8001,4052.3091
2667,263.1028,221.3015,4037.9887
2668,208.04670000000002,170.8979,3324.6068
2669,117.6367,72.9453,1355.0159
2670,103.6019,62.4406,1108.0766
2671,74.8027,55.680800000000005,1030.319
2672,81.6767,60.4225,1099.5471
2673,73.6782,58.830000000000005,826.2685
2674,82.5977,69.1031,1130.0472
2675,93.48179999999999,79.9229,1479.5785999999998
2676,118.0453,91.53490000000001,2090.9612
2677,139.8625,100.6335,2617.0186
2678,189.5571,144.2635,2689.813
2679,223.7971,192.8466,2721.2753
2680,208.9552,179.4118,2526.8255
2681,234.8007,201.87820000000002,3228.1985
2682,318.0209,286.6361,6296.0688
2683,319.9282,287.5563,6300.0671
2684,498.9077,427.6697,7584.1953
2685,756.3435999999999,642.2925,9230.1242
2686,766.9541,658.9953,9169.8387
2687,733.8043,627.3276,8977.8164
2688,663.2958,562.2433,8390.0705
2689,614.8679999999999,522.6313,7624.5166
2690,637.5949,544.0113,7921.8784
2691,490.3528,414.7939,5568.0532
2692,301.03249999999997,240.5447,4019.5733
2693,248.03300000000002,184.704,3800.7003
2694,253.8229,183.7046,3592.5739
2695,253.3818,182.72209999999998,3447.3256
2696,309.5258,207.9273,4041.4411999999998
2697,346.5906,222.151,4455.7277
2698,342.8467,217.539,4436.5948
2699,417.7804,277.7373,6298.6422999999995
2700,366.7808,236.9132,4920.0633
2701,25.5403,24.2223,418.7419
2702,26.3044,22.8947,536.5092999999999
2703,115.3709,77.3868,2125.8271
2704,167.2651,110.7791,2803.4966
2705,153.539,101.6877,2553.8152
2706,162.0104,106.9037,2788.5134
2707,171.7499,108.89099999999999,2734.6592
2708,224.8287,119.7212,2441.165
2709,226.7992,118.9113,2397.0632
2710,219.3029,114.465,2152.4959
2711,205.371,107.3265,1931.7778
2712,199.8268,109.7287,2002.5849
2713,219.6739,131.0313,2438.8184
2714,225.0891,135.1003,2460.9578
2715,225.0815,134.4366,2492.7837
2716,382.7529,242.0768,5073.7738
2717,293.4027,231.6572,4784.5418
2718,239.2281,195.2842,3627.6774
2719,219.1005,171.8721,3027.1054
2720,218.6943,171.6385,3022.3875
2721,218.6943,171.6385,3022.3875
2722,218.6943,171.6385,3022.3875
2723,114.2844,106.7778,1536.193
2724,96.06700000000001,90.2227,1267.8977
2725,99.9834,91.7487,1319.1243
2726,118.3081,95.3794,1705.1494
2727,118.1963,94.5232,1720.7193
2728,269.76099999999997,169.2055,4365.8967999999995
2729,317.7377,189.77960000000002,5158.7397
2730,742.0673,451.8012,8779.8937
2731,1042.3851,629.2860000000001,12649.5484
2732,1026.4723000000001,657.2096,12971.364599999999
2733,971.8277,650.7183,12755.5236
2734,688.3613,474.56329999999997,11106.191200000001
2735,405.7685,355.0898,6914.0378
2736,372.8747,386.53340000000003,6705.7082
2737,341.8402,290.7717,7174.6461
2738,364.0449,294.0725,7220.388
2739,330.2413,225.1529,5678.0336
2740,226.0927,127.9529,3247.2952999999998
2741,224.4288,127.1674,3220.2628
2742,215.1714,126.8449,3182.1428
2743,119.7423,135.1252,2737.2451
2744,139.5346,180.1276,3841.0931
2745,145.4313,186.8875,4026.1385999999998
2746,201.8721,237.6212,4895.4097
2747,97.44200000000001,154.0741,2521.7395
2748,64.2864,127.79079999999999,1573.5623
2749,61.7477,127.2512,1552.3916
2750,133.0817,176.9752,2858.112
2751,262.3408,258.208,4453.6856
2752,388.3058,319.7054,4996.747
2753,644.9025,507.0245,6956.2512
2754,810.7330999999999,677.7792000000001,9234.5426
2755,889.9251,618.1562,10044.695600000001
2756,804.2486,458.7806,9132.3052
2757,804.1582,458.66400000000004,9131.266
2758,788.2629000000001,449.7359,9073.8655
2759,484.92150000000004,278.30400000000003,4544.5793
2760,52.1528,36.3374,514.6092
2761,117.696,82.1031,968.7783000000001
2762,224.2942,173.9418,2579.9407
2763,272.1993,221.7654,3947.6376999999998
2764,276.855,226.81189999999998,4090.6413
2765,275.052,226.089,4083.7383
2766,268.4205,223.2036,4059.7542
2767,276.855,226.81189999999998,4090.6413
2768,274.4211,225.8366,4081.3218
2769,233.5532,181.0558,3490.7777
2770,126.70570000000001,77.8756,1513.3719
2771,109.6664,80.8004,1646.2092
2772,116.9141,84.218,1833.7693
2773,125.5785,91.1565,2220.2527
2774,240.5829,182.7463,3066.4634
2775,138.6865,99.8231,2565.3857
2776,142.1512,100.5782,2634.6567
2777,141.5836,100.8706,2651.8611
2778,167.2899,123.712,2681.9578
2779,214.4451,182.16410000000002,2581.1086
2780,185.16240000000002,158.5503,2216.7143
2781,199.5808,166.1193,2485.2831
2782,319.3179,263.64209999999997,5839.651
2783,321.5221,287.6525,6288.6212000000005
2784,530.5824,452.4022,7708.9071
2785,733.3784,619.8069,9031.0299
2786,777.1605,669.8823,9208.976
2787,748.479,640.5124,9078.4433
2788,636.3308000000001,534.5233000000001,8234.3946
2789,598.005,495.62059999999997,7456.1933
2790,493.8347,409.56,5807.9641
2791,315.56239999999997,247.879,4879.784
2792,257.6672,200.93110000000001,4491.4971000000005
2793,258.3033,201.38029999999998,4505.1167
2794,258.6284,201.5073,4505.2347
2795,268.8363,206.4622,4686.8359
2796,334.4137,227.3868,4676.4616
2797,427.3786,281.9421,5679.9639
2798,424.3809,285.2178,5808.5251
2799,414.0395,289.3697,6030.4983
2800,419.1732,283.3765,5679.2083
2801,2.6783,2.4714,55.178999999999995
2802,37.0595,31.013299999999997,531.3242
2803,72.9756,49.784099999999995,1280.4258
2804,156.54500000000002,103.5687,2685.8186
2805,169.948,113.6701,2893.9836
2806,190.4427,112.7051,2631.2999
2807,223.201,119.3889,2450.1653
2808,230.0712,120.6908,2403.59
2809,217.6876,115.3021,2142.3437
2810,209.67499999999998,110.8624,1969.0542
2811,207.6912,115.7371,2052.1499
2812,239.6631,141.7231,2564.8411
2813,256.5034,151.7754,2781.7066
2814,256.9796,151.93,2782.4634
2815,255.0752,150.9383,2756.6709
2816,331.4708,265.1255,5713.4518
2817,210.53979999999999,211.6035,4627.3893
2818,207.5041,194.2931,3963.0452
2819,216.131,173.2759,3107.7128
2820,218.6943,171.6385,3022.3875
2821,218.6943,171.6385,3022.3875
2822,227.3939,175.8052,3071.9782
2823,189.6318,146.786,2193.3958
2824,89.6348,85.413,1230.3547
2825,95.9987,89.6108,1269.0167000000001
2826,115.5022,94.8236,1646.0385
2827,162.3951,117.0424,2477.8051
2828,320.2307,195.0333,5238.7198
2829,339.7839,206.3082,5329.1451
2830,682.9827,425.1913,7273.2466
2831,779.83,487.3156,8332.3668
2832,913.1922,600.2014,11211.996
2833,904.1451,608.2549,12333.5606
2834,625.8282,472.5245,10646.766
2835,574.4435,554.7391,9005.0291
2836,419.58029999999997,476.9767,6940.7326
2837,433.3534,341.37940000000003,7490.8618
2838,399.45300000000003,295.1205,6734.1351
2839,225.3991,127.4212,3226.6033
2840,225.1979,127.2338,3221.9157999999998
2841,225.1979,127.2338,3221.9157999999998
2842,222.69559999999998,127.05099999999999,3216.5719999999997
2843,181.4514,127.5059,2977.9461
2844,104.3514,138.9242,2687.0174
2845,125.7399,161.3597,2959.0816
2846,115.5781,156.0632,2420.8049
2847,113.99990000000001,140.0839,2319.3169
2848,113.1758,142.7455,2307.3473
2849,129.4519,156.4707,2648.9642
2850,169.0667,188.1311,4018.0146999999997
2851,407.5393,326.0814,5044.288
2852,616.5861,450.7498,6248.5194
2853,640.6217,466.5529,6360.0972
2854,646.116,470.1655,6385.6031
2855,670.2292,471.3136,6745.2898
2856,786.5444,457.936,8852.5781
2857,804.1582,458.66400000000004,9131.266
2858,780.6769,445.7076,8979.9379
2859,345.5672,204.79930000000002,4486.0845
2860,77.892,58.1262,1161.6615000000002
2861,149.15609999999998,120.2938,1716.3158
2862,225.138,171.0357,2510.8518
2863,231.017,177.1234,2682.5960999999998
2864,245.3509,192.6604,3122.9030000000002
2865,266.7138,215.8195,3779.1329
2866,276.7183,226.6638,4086.4467
2867,276.31940000000003,226.232,4074.1891
2868,274.3212,224.0651,4012.8302
2869,259.5579,208.0516,3563.7467
2870,189.125,140.0923,2338.6058000000003
2871,138.2105,110.8555,2547.1201
2872,146.303,119.968,2825.7835999999998
2873,144.56289999999998,111.8582,2760.4646
2874,141.8561,101.8737,2661.7738
2875,141.6877,99.67139999999999,2618.6933
2876,147.2157,103.1114,2620.4384999999997
2877,142.9681,97.4501,2584.304
2878,143.9715,102.86370000000001,2686.7117
2879,207.788,166.9953,2761.8082
2880,189.7781,160.4052,2285.4364
2881,272.5147,201.3199,3952.9958
2882,332.1739,230.9758,5141.8941
2883,332.4979,240.2199,5322.2075
2884,556.7083,447.7674,7418.5998
2885,713.9195,599.3035,8957.1548
2886,765.7763,657.7406,9165.3237
2887,764.8633,656.7662,9161.8227
2888,692.3669,564.4875,8609.3283
2889,617.4959,489.6573,7966.3167
2890,392.5449,313.02479999999997,5461.4519
2891,236.8538,184.4296,3659.8793
2892,232.52429999999998,181.214,3750.3772
2893,258.1457,201.297,4504.7047999999995
2894,258.3033,201.38029999999998,4505.1167
2895,273.0265,208.5659,4762.4257
2896,497.1524,359.796,7343.3262
2897,540.8513,394.22360000000003,8026.3353
2898,540.8513,394.22360000000003,8026.3353
2899,525.4662,383.3331,7716.088500000001
2900,483.2193,351.5983,6576.1323
2901,12.9574,8.8246,203.3656
2902,26.080199999999998,18.436700000000002,361.1373
2903,20.7219,14.5478,341.3818
2904,108.0676,81.8376,1717.8525
2905,161.3795,125.26129999999999,2405.3427
2906,186.8144,108.39020000000001,2135.8035999999997
2907,226.0257,119.0796,2353.6384
2908,162.0189,91.2591,1629.0421000000001
2909,177.8092,102.9893,1775.0384000000001
2910,122.2135,86.7775,1408.9283
2911,110.9564,82.3861,1319.5525
2912,155.86169999999998,104.61789999999999,1780.4714
2913,225.5841,137.0507,2457.7400000000002
2914,259.00440000000003,152.5071,2781.1261
2915,259.5616,152.7686,2786.5682
2916,210.6718,208.6692,4556.777
2917,212.427,212.2612,4645.83
2918,257.8735,247.5503,5405.9056
2919,437.1692,387.5486,8387.895
2920,322.8252,274.4823,5528.3368
2921,276.8967,230.5664,4155.3524
2922,342.29429999999996,239.4055,3972.7512
2923,379.0972,248.90230000000003,3894.9643
2924,251.8451,192.446,2509.8222
2925,112.33070000000001,100.1268,1329.8333
2926,111.9893,95.4401,1526.057
2927,256.7999,172.6668,3652.2414
2928,385.4025,241.33589999999998,5630.8445
2929,408.8646,255.8653,5743.6165
2930,672.1289,428.5781,7194.6341
2931,721.2533999999999,455.5653,7432.8985999999995
2932,760.9018,487.4866,7525.2068
2933,822.225,557.217,10073.9808
2934,676.3783,588.1485,9936.0688
2935,689.7405,631.0108,10080.8926
2936,920.2116,675.3648000000001,12238.8131
2937,582.3137,408.2599,9009.8387
2938,421.9498,304.8139,6806.6818
2939,225.4606,127.6293,3224.9977
2940,225.1979,127.2338,3221.9157999999998
2941,225.1979,127.2338,3221.9157999999998
2942,224.2804,132.4076,3226.1587
2943,211.0341,150.2071,3095.3835
2944,102.5331,143.7682,2118.9031
2945,113.99990000000001,154.0067,2339.8913
2946,113.99990000000001,137.3881,2323.2727
2947,113.99990000000001,136.9527,2322.8373
2948,113.99990000000001,136.9527,2322.8373
2949,121.1854,142.4843,2553.7984
2950,171.137,190.5337,4081.1017
2951,504.4173,390.3161,5957.3755
2952,645.9629,470.1025,6385.9231
2953,646.116,470.1655,6385.6031
2954,646.116,470.1655,6385.6031
2955,663.1103,489.5144,6550.1812
2956,882.3938,691.8617,8410.8153
2957,915.6848,711.2072,8745.1616
2958,820.9718,638.1271,8222.0437
2959,464.0419,214.221,3305.1224
2960,1988.6097,113.5103,3581.4299
2961,154.4197,138.2465,1807.088
2962,214.0929,164.3428,2335.4393
2963,225.7344,171.3971,2520.3437
2964,225.7344,171.3971,2520.3437
2965,225.7344,171.3971,2520.3437
2966,236.0949,182.6278,2838.5887
2967,243.6809,190.8503,3071.617
2968,233.1827,179.4712,2749.11
2969,224.8632,171.2919,2505.0669
2970,191.608,141.7527,2760.7186
2971,150.7319,121.5813,2858.0771
2972,146.9574,120.6922,2847.7855
2973,146.9574,120.6922,2847.7855
2974,145.1498,114.0252,2781.8874
2975,142.08520000000001,102.72080000000001,2670.1495
2976,143.8636,101.2786,2654.017
2977,140.8866,100.2361,2658.0183
2978,187.8648,137.1492,3459.1814999999997
2979,258.6823,211.1077,3951.8103
2980,262.7103,200.0233,3435.3347000000003
2981,332.1739,230.9758,5141.8941
2982,332.1739,230.9758,5141.8941
2983,332.1739,230.9758,5141.8941
2984,393.0543,283.94350000000003,5619.5931
2985,687.788,562.1568,8509.975
2986,722.1591999999999,597.7438,8928.8822
2987,696.4870999999999,537.3052,8455.0516
2988,469.8146,267.4321,5463.8989
2989,457.3111,267.784,5274.9236
2990,331.3225,241.451,4749.0500999999995
2991,266.9474,209.5582,4552.9043
2992,231.3007,179.9543,3683.0608
2993,258.239,201.34640000000002,4504.9487
2994,258.3033,201.38029999999998,4505.1167
2995,329.154,249.2621,5107.2606000000005
2996,504.3536,367.8833,7021.2502
2997,540.8513,394.22360000000003,8026.3353
2998,540.8513,394.22360000000003,8026.3353
2999,518.801,378.7275,7539.3394
3000,393.3158,280.6085,5814.2949
3001,20.255,14.3405,328.4563
3002,20.1706,14.0525,329.4724
3003,20.1706,14.0525,329.4724
3004,20.1706,14.0525,329.4724
3005,52.2582,39.983000000000004,822.5917999999999
3006,106.2966,82.1622,1400.8623
3007,122.495,87.3491,1442.5809
3008,112.2988,90.9254,1545.3255
3009,101.8854,81.1497,1279.212
3010,101.8854,81.1497,1279.212
3011,101.8854,81.1497,1279.212
3012,102.0026,80.8124,1274.8448
3013,102.4317,79.5776,1258.842
3014,167.6336,124.22139999999999,2258.8406999999997
3015,261.4,194.23180000000002,3823.2634000000003
3016,235.2736,208.24110000000002,4368.7435000000005
3017,554.5418999999999,385.7768,8303.9112
3018,788.0796,519.4485,11150.9218
3019,440.4515,390.9269,8485.001
3020,482.5092,420.2048,8935.1333
3021,564.6718,512.0041,9453.5192
3022,639.9929,556.3933,9596.7778
3023,458.009,357.61990000000003,5001.0513
3024,502.7121,461.3307,4235.7852
3025,321.89639999999997,318.5292,2061.6501
3026,228.0643,172.8196,1565.433
3027,378.1671,248.1695,4431.4609
3028,464.2718,317.0989,5077.8071
3029,560.5316,397.3007,5751.6372
3030,595.3668,421.0367,6147.2626
3031,743.6362,526.3564,7144.0746
3032,784.7505,528.0819,7575.4798
3033,755.1201,520.5593,8002.5274
3034,670.0454,483.6435,9310.9747
3035,702.5862,509.0511,9759.3708
3036,1059.5974,737.9941,13554.4076
3037,875.8402,587.6191,12306.3919
3038,622.2198,419.4038,9176.882
3039,509.6714,325.6755,7409.1149
3040,271.4144,162.8185,3861.3614
3041,225.0734,127.8913,3221.1414
3042,184.2965,152.4149,2567.5909
3043,110.0458,141.9479,1627.8532
3044,54.4483,127.57679999999999,1244.0595
3045,103.7406,132.7178,2149.7934
3046,113.99990000000001,136.9527,2322.8373
3047,113.99990000000001,136.9527,2322.8373
3048,113.99990000000001,136.9527,2322.8373
3049,139.4,156.7175,3145.2001999999998
3050,176.1284,185.6289,4070.5264
3051,384.4772,317.3663,5388.6807
3052,544.0263,413.437,6213.2912
3053,644.626,469.5404,6388.6871
3054,654.0114,483.6489,6529.264
3055,822.0740999999999,659.9895,8034.9227
3056,931.5269,751.9891,8684.2255
3057,931.5269,751.9891,8684.2255
3058,859.8656,692.8098,8373.0619
3059,620.6212,285.165,4586.5347
3060,3556.3433999999997,123.6136,5276.0012
3061,2188.163,129.1514,3878.6732
3062,233.0095,155.0555,2172.2406
3063,225.7344,171.3971,2520.3437
3064,225.7344,171.3971,2520.3437
3065,225.7344,171.3971,2520.3437
3066,225.7344,171.3971,2520.3437
3067,225.7344,171.3971,2520.3437
3068,237.9571,181.0207,2686.717
3069,273.9369,210.2471,3171.2404
3070,210.479,156.6739,3066.0899
3071,150.7319,121.5813,2858.0771
3072,146.9574,120.6922,2847.7855
3073,146.9574,120.6922,2847.7855
3074,146.9574,120.6922,2847.7855
3075,146.92180000000002,119.3661,2836.0543000000002
3076,145.87539999999998,111.9582,2766.9395
3077,163.5297,120.5938,3051.6985
3078,222.14249999999998,155.388,3755.9292
3079,245.0441,206.3056,3809.9343999999996
3080,238.6457,207.4378,3712.754
3081,344.9461,240.63,5104.1065
3082,388.744,257.6565,5538.8743
3083,422.9543,274.3317,5790.7362
3084,445.02840000000003,290.539,6045.0742
3085,656.4562,450.9158,7740.4012
3086,518.0468,317.0917,6118.3813
3087,428.36469999999997,226.2482,4609.1578
3088,417.93829999999997,214.3321,4590.0122
3089,416.77430000000004,213.7186,4586.9762
3090,316.34590000000003,202.7211,4324.1561
3091,258.3033,201.38029999999998,4505.1167
3092,258.3033,201.38029999999998,4505.1167
3093,258.3033,201.38029999999998,4505.1167
3094,270.9551,210.4406,4704.3569
3095,506.5858,372.6898,7857.8147
3096,533.6443,389.0069,7826.8956
3097,540.8513,394.22360000000003,8026.3353
3098,540.838,394.2199,8026.304
3099,533.6629,390.0263,7886.1563
3100,364.9531,257.6739,5741.6481
3101,20.1706,14.0525,329.4724
3102,20.1706,14.0525,329.4724
3103,20.1706,14.0525,329.4724
3104,36.5827,26.4788,445.5251
3105,44.3784,37.2832,596.9966000000001
3106,68.9708,54.8548,1033.8408
3107,101.8854,81.1497,1279.212
3108,101.8854,81.1497,1279.212
3109,101.8854,81.1497,1279.212
3110,101.8854,81.1497,1279.212
3111,101.87440000000001,81.1411,1279.1323
3112,101.95570000000001,80.7112,1273.7186
3113,102.3623,79.7776,1261.4375
3114,118.3903,93.7951,1587.8236000000002
3115,220.7542,172.3458,3343.6058000000003
3116,338.9905,271.732,5706.3256
3117,780.2553,632.5863,13928.5187
3118,1321.477,1076.0586,21025.849299999998
3119,815.8222000000001,684.3561,13552.3664
3120,577.0424,479.3609,9841.710299999999
3121,608.1134,536.9197,9930.3227
3122,549.5277,502.9432,9259.4548
3123,483.1722,500.4572,4932.4556
3124,425.90819999999997,455.88300000000004,2806.8534
3125,419.86089999999996,453.1535,2715.6268
3126,378.536,310.4466,2578.8747
3127,508.5863,358.128,4370.7953
3128,594.0434,448.8784,4702.9571
3129,494.5851,359.07980000000003,4395.6184
3130,765.2123,556.4312,8444.2691
3131,820.0331,603.8853,8474.4417
3132,722.0051,530.3348,6943.3105
3133,715.5951,529.3133,6881.5648
3134,800.2079,580.2816,10123.245499999999
3135,919.9956999999999,659.5621,12731.1724
3136,1004.8498000000001,737.4693,13650.4464
3137,805.9061,555.6041,11613.572
3138,637.9327,422.3139,9286.364
3139,637.9327,422.3139,9286.364
3140,610.8794,406.9857,8843.7356
3141,287.6294,223.9516,4009.2761
3142,57.1383,126.5778,1219.1235
3143,41.7904,122.5664,1120.4061
3144,41.7904,122.5664,1120.4061
3145,75.81280000000001,131.25310000000002,1688.8537000000001
3146,113.99990000000001,136.9736,2322.8583
3147,113.99990000000001,136.9527,2322.8373
3148,113.99990000000001,136.9527,2322.8373
3149,138.0898,155.6986,3102.801
3150,223.3378,213.6664,4379.9463
3151,235.0192,220.2662,4528.0185
3152,498.3179,387.735,6242.1121
3153,830.1241,607.3477,10507.4494
3154,946.6205,700.1858,10018.6234
3155,941.4418000000001,747.4972,8865.7229
3156,931.5269,751.9891,8684.2255
3157,931.5269,751.9891,8684.2255
3158,834.8316,672.1342999999999,8264.3635
3159,1711.969,194.8874,4279.6767
3160,3560.0207,123.59729999999999,5279.756
3161,3560.0207,123.59729999999999,5279.756
3162,1594.2305000000001,153.6405,3602.3643
3163,286.2198,219.32410000000002,3339.9591
3164,296.3698,227.0186,3481.8462
3165,293.615,224.8487,3444.3452
3166,275.7872,210.81029999999998,3201.6742
3167,284.8636,217.9577,3325.2195
3168,306.53290000000004,235.0864,3621.9874
3169,286.149,226.3141,3350.6107
3170,250.2867,194.5805,3191.1707
3171,158.9555,125.0402,2854.0672
3172,147.844,117.17620000000001,2820.8873
3173,148.2504,115.5663,2808.5705
3174,148.3336,114.1155,2797.6648
3175,148.6736,113.8873,2795.7232
3176,148.7208,113.6995,2794.2897
3177,148.8677,113.7791,2796.709
3178,196.2383,145.0572,3330.846
3179,220.2126,206.8127,3579.8792000000003
3180,218.2186,207.3442,3560.3777999999998
3181,409.50260000000003,275.84929999999997,5284.6069
3182,543.7927,323.1295,6514.7602
3183,543.4605,323.0116,6514.2136
3184,602.4683,358.1499,6818.7702
3185,853.1007,512.5376,9548.642
3186,547.8419,311.0102,6336.4728000000005
3187,422.2443,215.4101,4594.5798
3188,417.474,214.0876,4588.8013
3189,418.2001,214.4704,4590.6955
3190,316.2506,202.9987,4341.6865
3191,258.3033,201.38029999999998,4505.1167
3192,258.3033,201.38029999999998,4505.1167
3193,258.3033,201.38029999999998,4505.1167
3194,328.8306,249.4595,5382.8949999999995
3195,540.3375,393.9114,8016.0303
3196,540.8513,394.22360000000003,8026.3353
3197,534.9595,389.9801,7864.532
3198,525.9557,382.7919,7883.9118
3199,524.0627,383.0169,7616.9982
3200,320.1532,223.1338,5531.487
3201,20.174599999999998,14.051400000000001,329.4609
3202,20.1706,14.0525,329.4724
3203,20.1706,14.0525,329.4724
3204,23.7962,16.681,355.7118
3205,28.9105,20.3915,421.3454
3206,42.393299999999996,32.8577,713.6155
3207,97.7986,77.88589999999999,1249.2729
3208,101.8854,81.1497,1279.212
3209,101.8854,81.1497,1279.212
3210,101.8854,81.1497,1279.212
3211,108.3209,85.6279,1323.3619
3212,101.8045,79.9812,1262.0509
3213,101.6226,80.2416,1268.8046
3214,101.13850000000001,80.5472,1273.6564
3215,104.7816,86.5063,1290.1200999999999
3216,401.1294,349.94030000000004,6963.1376
3217,740.709,633.1308,13010.8977
3218,1237.0083,996.353,19880.2272
3219,983.749,783.5808999999999,15121.4254
3220,709.8,647.7899,10344.2549
3221,606.7542,562.965,9689.3912
3222,632.6504,664.423,10116.365899999999
3223,504.6002,566.0498,5110.933
3224,387.1363,435.63620000000003,2614.1947
3225,537.0228999999999,558.9293,4310.1966
3226,723.9522000000001,668.2474,7172.0635
3227,554.1322,406.79359999999997,4548.2209
3228,596.5044,451.081,4712.0462
3229,627.7547,470.0094,5450.407
3230,964.3737,712.8187,10727.9787
3231,865.8525999999999,637.9284,10222.6465
3232,781.8448,582.3152,10296.3549
3233,1124.2148,883.7628,12333.5794
3234,1320.2454,1037.2963,15104.0008
3235,1310.5312,1015.2072000000001,14516.3941
3236,1268.8242,982.4626999999999,14655.548400000001
3237,740.7759,519.1767,10859.0262
3238,570.269,380.6293,7984.811100000001
3239,562.1043999999999,377.9458,7843.148300000001
3240,490.898,347.1013,6693.2961
3241,231.239,210.3415,3201.4991
3242,41.7904,122.5664,1120.4061
3243,41.7904,122.5664,1120.4061
3244,41.7904,122.5664,1120.4061
3245,43.285399999999996,123.4144,1145.8514
3246,104.8641,139.6065,2169.7262
3247,120.4003,146.5492,2427.1692
3248,120.4003,146.5492,2427.1692
3249,147.6405,167.8735,3393.3914
3250,182.61769999999999,238.41299999999998,4210.5121
3251,273.3258,248.472,4936.8239
3252,569.9111,492.423,7643.119299999999
3253,1124.2871,901.3403,17313.601
3254,1271.5164,920.3477,14028.3531
3255,1295.0984,895.703,11911.727499999999
3256,1130.8781,830.9667,10451.4353
3257,927.0731,743.1893,8685.8336
3258,1591.759,524.6664,8463.000900000001
3259,3312.5897999999997,157.3243,5753.2688
3260,3560.0207,123.59729999999999,5279.756
3261,3560.0207,123.59729999999999,5279.756
3262,2549.2865,147.8313,4562.9675
3263,302.8999,234.1359,3621.7395
3264,314.7633,240.7142,3765.6349
3265,307.2735,234.4274,3622.3232
3266,300.1564,228.3025,3469.8728
3267,297.4619,228.2043,3370.0079
3268,326.0556,249.7529,3683.8444
3269,313.7876,248.4491,3452.9692
3270,264.788,206.4582,3247.4722
3271,180.612,152.3594,3015.9768
3272,152.7554,120.4361,2836.0496
3273,147.39509999999999,116.6687,2816.4002
3274,146.7428,113.2107,2791.9853
3275,148.7208,113.6995,2794.2897
3276,148.7208,113.6995,2794.2897
3277,148.7208,113.6995,2794.2897
3278,158.25900000000001,118.8114,2860.9275
3279,261.8929,245.09799999999998,4475.213
3280,250.3756,244.1361,4138.8850999999995
3281,423.933,284.2517,5495.2618
3282,543.7927,323.1295,6514.7602
3283,549.5229,327.64509999999996,6569.9904
3284,824.1811,494.9296,9555.547
3285,1113.4985,674.8115,15533.3415
3286,827.7975,493.1603,10860.0699
3287,425.1023,216.2326,4598.2094
3288,418.1899,214.4647,4590.6683
3289,418.4262,214.58929999999998,4591.2849
3290,349.2579,207.2806,4455.2916
3291,258.3033,201.38029999999998,4505.1167
3292,258.3033,201.38029999999998,4505.1167
3293,260.0757,202.6362,4524.2484
3294,470.0829,345.5885,7159.7292
3295,540.8513,394.22360000000003,8026.3353
3296,540.8513,394.22360000000003,8026.3353
3297,525.8253,383.9508,7645.7953
3298,475.8128,345.2326,6939.294
3299,400.7008,285.5866,6108.6327
3300,324.382,223.97660000000002,5640.044
3301,22.0489,13.5904,324.3576
3302,20.4393,13.9865,328.74199999999996
3303,20.1706,14.0525,329.4724
3304,20.1706,14.0525,329.4724
3305,20.1706,14.0525,329.4724
3306,21.3516,15.0778,353.751
3307,59.4928,46.9606,904.5075
3308,101.8854,81.1497,1279.212
3309,101.8947,81.1877,1279.2876
3310,103.6116,87.9535,1292.3758
3311,82.0164,70.5706,1036.5371
3312,72.322,57.6535,875.2368
3313,95.27799999999999,79.562,1150.3601
3314,125.6849,123.687,1379.0735
3315,190.1404,174.2123,2423.2576
3316,232.6797,199.4665,3199.1567
3317,328.57550000000003,258.957,4774.3781
3318,788.6052,544.4003,12327.2837
3319,789.2553,573.8492,12067.798
3320,662.9535999999999,636.7798,9529.222
3321,663.038,637.0847,9530.8115
3322,921.7571,1059.5474,11458.5731
3323,942.4009,1127.9894,11185.122
3324,679.8334,772.7126999999999,7227.1184
3325,890.6512,894.1475,9504.4116
3326,988.2218,978.8377,10769.2809
3327,663.5029,589.0666,6423.352
3328,596.6251,451.2602,4712.6248
3329,637.714,481.3427,5400.9501
3330,860.9288,638.0462,9919.5902
3331,859.6578,642.9464,11103.8858
3332,929.0398,694.3804,15344.8893
3333,1279.8545000000001,1008.3816,17068.085900000002
3334,1435.4941000000001,1161.7061,17672.9423
3335,1391.3855,1109.996,16558.783499999998
3336,1506.1284,1171.3231,18641.8835
3337,1170.7835,878.4141,17833.9497
3338,473.7715,321.1817,6128.6148
3339,473.7715,321.1817,6128.6148
3340,461.4556,315.1326,6041.4577
3341,204.62290000000002,207.59890000000001,2993.7661
3342,41.7904,122.5664,1120.4061
3343,41.7904,122.5664,1120.4061
3344,41.7904,122.5664,1120.4061
3345,50.5178,128.8118,1258.2398
3346,275.979,538.7009,5147.0754
3347,314.5532,608.9906,5808.4486
3348,314.5532,608.9906,5808.4486
3349,278.6683,580.6253,5481.7232
3350,567.1628,661.7209,7696.7018
3351,533.1995,478.68330000000003,7118.3794
3352,1021.1514,956.9026,14682.2745
3353,1216.3175999999999,1055.5309,18684.4828
3354,1063.0928,848.7207999999999,14608.5798
3355,776.9111,488.6794,9284.8522
3356,570.409,396.293,7480.2051
3357,673.5059,531.2175,7660.817
3358,3642.4336,310.8239,9522.0839
3359,3711.5353,246.0223,8474.3858
3360,3592.1345,153.6222,5746.0364
3361,3584.8454,146.8073,5640.2037
3362,2599.2880999999998,182.9878,5427.1195
3363,490.486,362.2095,7429.4394
3364,513.1997,375.98199999999997,7793.6169
3365,513.1997,375.98199999999997,7793.6169
3366,513.1997,375.98199999999997,7793.6169
3367,849.7304,676.2291,10388.9719
3368,637.3144,464.4699,8759.5793
3369,444.8134,331.9803,5681.977
3370,334.0047,258.8488,4138.6941
3371,194.2806,172.3231,3139.8515
3372,192.8938,170.5382,3129.3289
3373,203.3351,165.7457,3595.3435
3374,148.0474,113.4802,2793.1072
3375,148.7208,113.6995,2794.2897
3376,148.7208,113.6995,2794.2897
3377,148.7208,113.6995,2794.2897
3378,148.7208,113.6995,2794.2897
3379,477.1035,457.2756,8863.6054
3380,583.8662,573.4898000000001,10801.6839
3381,573.5864,538.7669999999999,10227.765300000001
3382,560.8758,401.1496,7839.1443
3383,669.8149999999999,410.4325,7434.8676
3384,859.7436,524.5491,9050.5785
3385,1113.6178,674.854,15533.538
3386,1068.7486,649.1422,14808.946899999999
3387,455.5554,239.7362,5049.7461
3388,418.523,218.08419999999998,4595.1996
3389,418.523,218.08419999999998,4595.1996
3390,372.9973,208.1911,4342.9376
3391,205.7948,174.4691,3522.985
3392,205.7948,174.4691,3522.985
3393,280.9292,222.91680000000002,4586.7395
3394,539.6736,393.5418,8003.3451000000005
3395,540.8513,394.22360000000003,8026.3353
3396,540.8513,394.22360000000003,8026.3353
3397,540.5644,393.9969,8023.5018
3398,332.4914,230.605,5718.9316
3399,207.9107,135.7414,3438.6516
3400,194.26330000000002,125.4482,2909.1386
3401,22.4775,13.2848,321.25939999999997
3402,22.4796,13.4844,323.1847
3403,20.9549,13.8591,327.33639999999997
3404,20.2508,14.0326,329.2555
3405,20.1706,14.0525,329.4724
3406,20.1706,14.0525,329.4724
3407,28.784299999999998,21.3699,476.18399999999997
3408,100.2529,99.9493,1264.6866
3409,139.8628,138.0044,1950.9707
3410,114.0284,129.5747,1375.9265
3411,95.3377,109.0517,1155.1325
3412,90.1151,102.3874,1089.9656
3413,176.9985,174.8149,2227.2026
3414,225.5433,204.01059999999998,3021.5082
3415,233.4019,199.90959999999998,3211.5014
3416,233.4509,199.9488,3211.8637
3417,314.8213,250.4365,4547.9314
3418,788.6052,544.4003,12327.2837
3419,568.6331,423.47249999999997,8512.6011
3420,338.5358,338.0817,4486.0758000000005
3421,465.3021,455.985,6424.2723
3422,972.2827,1156.1271,11659.489899999999
3423,989.4278,1181.0351,11770.2127
3424,807.7745,912.78,9241.684
3425,708.6292,767.1983,7902.4502
3426,844.2586,924.9915,10202.317500000001
3427,931.7968,1064.8938,11233.8524
3428,795.1378,720.2271,8889.9382
3429,924.4636,646.2286,8753.7758
3430,452.84000000000003,375.5552,5004.785
3431,836.1286,689.5221,11922.3823
3432,1585.198,1300.3217,25229.7895
3433,1454.1134,1178.2999,19305.6537
3434,1435.4941000000001,1161.7061,17672.9423
3435,1442.4814,1165.8612,17855.4987
3436,1800.7679,1391.9434,26493.9852
3437,1543.6045,1160.5139,26007.6203
3438,840.7488,599.3666999999999,14306.065
3439,470.3335,319.5117,6122.2053
3440,467.4475,324.0871,6097.5825
3441,169.8255,204.2398,2524.0929
3442,41.7904,122.5664,1120.4061
3443,41.7904,122.5664,1120.4061
3444,42.4943,122.853,1133.5531
3445,126.8417,181.4766,2636.7877
3446,314.6383,605.2871,5803.8458
3447,314.5532,608.9906,5808.4486
3448,317.6953,602.3126,5803.2176
3449,429.5136,597.2008000000001,6688.4731
3450,511.0426,435.61289999999997,6595.2095
3451,854.616,841.4285,10769.2534
3452,1029.0889,991.5371,13649.986
3453,1304.7141,1153.2794000000001,19647.930099999998
3454,1284.3606,1053.632,16321.5376
3455,724.4621999999999,526.7036,10150.1532
3456,265.8718,209.7346,5524.1395
3457,233.8264,184.2809,4990.2069
3458,3052.2218000000003,686.1605,11167.516
3459,3698.5111,308.6152,8997.2397
3460,3592.8586,255.3358,6880.4349999999995
3461,3657.7496,215.5443,6653.7159
3462,2841.2651,348.25939999999997,9011.1466
3463,785.2676,543.9449,11603.056
3464,630.3322,447.7698,9427.6086
3465,536.6699,389.9342,8259.4823
3466,708.2168,556.1793,9715.8605
3467,778.4144,586.5456,11461.0622
3468,443.9459,361.6539,6055.8673
3469,595.2683,532.5922,7150.6457
3470,957.1848,938.2687,9889.7762
3471,712.2726,667.4012,8227.289
3472,638.4412,583.4018,8357.3923
3473,183.1296,151.22379999999998,3112.8469999999998
3474,148.8665,113.7702,2794.561
3475,148.7208,113.6995,2794.2897
3476,148.7208,113.6995,2794.2897
3477,148.7208,113.6995,2794.2897
3478,148.7208,113.6995,2794.2897
3479,476.9159,457.1457,8863.0681
3480,583.3603,573.1392,10800.234
3481,583.2051,573.0923,10800.0221
3482,583.8661999999999,493.15749999999997,9393.5623
3483,783.0731,491.5761,8242.3788
3484,775.4839,491.4388,7778.4856
3485,739.4166,506.5254,9235.7483
3486,752.5406,518.803,9817.4533
3487,390.9086,273.2206,4634.6147
3488,412.664,232.5916,4594.1434
3489,418.1876,233.8037,4668.8508
3490,206.04569999999998,160.47899999999998,2730.3761
3491,131.4233,137.1755,2052.2128000000002
3492,131.4233,137.1755,2052.2128000000002
3493,134.2343,138.8089,2098.7505
3494,419.52090000000004,317.8761,6283.9823
3495,540.1425,394.1925,7995.0588
3496,576.3121,430.4555,8294.2196
3497,458.4059,349.7442,6736.7587
3498,333.6202,264.4345,4010.2275
3499,294.8992,230.8701,3425.6444
3500,191.2739,128.9795,2630.0452999999998
3501,21.7834,12.990499999999999,318.6684
3502,22.7762,13.411,322.3759
3503,22.7762,13.411,322.3759
3504,37.9574,28.4361,477.1518
3505,20.4686,13.979199999999999,328.6617
3506,20.2109,14.042599999999998,329.3646
3507,20.64,14.6544,348.6439
3508,82.0268,97.2658,894.3594
3509,96.0448,118.05720000000001,1102.0935
3510,93.9262,116.6265,1068.3593
3511,95.5307,118.3187,1092.2884
3512,108.5341,123.7048,1342.9077
3513,146.1704,143.3885,2092.5655
3514,222.8602,197.4468,3160.1955
3515,221.29,192.4426,3188.0843999999997
3516,230.9785,198.4231,3207.0299
3517,241.8847,205.1821,3350.3456
3518,423.847,323.0618,6254.5132
3519,221.5766,216.2981,2600.2615
3520,177.7546,190.2988,1857.8426
3521,178.8476,191.6522,1874.4672
3522,714.2498,861.6873,9050.4018
3523,878.7356,1071.836,11051.6179
3524,709.9427000000001,805.8240000000001,8263.27
3525,739.7682,789.2005,8221.5078
3526,807.7365,939.5824,9185.5754
3527,869.7416,985.0259,9459.3676
3528,1104.1023,844.0702,10153.3249
3529,1095.1411,834.9652,9891.0787
3530,412.533,314.3256,5090.2901
3531,447.2337,373.3452,5236.9222
3532,1446.8496,1193.5468,21286.4594
3533,2030.4495,1828.1541,24909.8972
3534,2034.8818,1864.1187,23307.8197
3535,2030.8336,1636.8337,22892.117599999998
3536,1967.9796,1408.6091000000001,26356.9855
3537,1600.2147,1236.8592,24780.8052
3538,941.9732,700.4671999999999,16039.7876
3539,563.0594,408.7016,9166.78
3540,384.2314,320.858,5510.6702
3541,79.7775,148.7275,1410.8853000000001
3542,71.8329,117.1033,1554.3169
3543,173.6693,194.1492,3398.4034
3544,331.4424,312.029,5276.6233
3545,447.3763,397.841,6484.1256
3546,403.8472,474.4859,6265.3977
3547,877.6264,814.1024,10760.7121
3548,1306.4771,1000.0291,14575.7546
3549,1450.9901,1067.43,15629.8397
3550,1072.1255,1057.3572,12203.166799999999
3551,1088.454,1156.6778,13139.4642
3552,935.0551,906.9557,11435.0434
3553,1233.549,1163.8861,17542.9277
3554,1388.2143,1207.7966,17111.8251
3555,1118.0681,984.7614,15092.4876
3556,493.9336,430.6577,8978.5343
3557,82.04,58.109,1555.437
3558,2623.967,1896.6365,31615.6481
3559,3777.9692,1189.657,24213.4692
3560,3667.2387,387.6657,9340.8143
3561,3657.7974,215.6194,6652.0219
3562,2819.1218,381.0468,9569.66
3563,958.3675,653.9273,14070.0376
3564,927.0115999999999,660.1021,13943.6238
3565,761.9014999999999,593.3768,12462.796199999999
3566,879.6659999999999,718.7852,12598.2844
3567,481.4407,436.3114,6455.3505
3568,528.2304,508.33729999999997,6052.6596
3569,1008.9259,1025.8259,9842.5553
3570,1072.4591,1076.1655,10453.1189
3571,1038.9637,1027.5806,10105.723
3572,847.4621999999999,707.7558,11610.863800000001
3573,517.4009,358.5446,9196.0146
3574,247.159,178.5828,4473.4172
3575,165.7206,123.7925,3175.3624
3576,148.7208,113.6995,2794.2897
3577,189.0442,142.9024,3400.4609
3578,473.20079999999996,358.2445,6801.501
3579,680.1536,539.7509,9857.8576
3580,605.9914,567.8663,10624.0278
3581,579.3797999999999,571.8711,10792.7947
3582,432.3061,430.24940000000004,7010.6897
3583,461.5773,396.0436,5631.9521
3584,428.184,365.7837,4841.0758
3585,282.1909,292.1415,3831.6966
3586,225.2986,239.7483,2721.2855
3587,196.63660000000002,206.4886,2355.9753
3588,212.00209999999998,212.1889,3065.906
3589,259.7278,216.5615,3822.3437
3590,131.4233,137.1755,2052.2128000000002
3591,131.3881,137.0971,2052.0567
3592,131.2108,136.7077,2051.2798000000003
3593,131.4233,137.1755,2052.2128000000002
3594,159.1846,153.8149,2623.357
3595,287.89979999999997,245.07999999999998,4656.3272
3596,430.8549,376.7552,5607.2431
3597,382.3614,313.8592,4273.7252
3598,370.8598,305.02,4019.3601
3599,272.0987,209.1228,3265.3892
3600,215.2465,153.9359,2822.5191
3601,22.7762,13.411,322.3759
3602,22.7762,13.411,322.3759
3603,22.7762,13.411,322.3759
3604,24.823999999999998,14.872,338.1658
3605,22.7762,13.411,322.3759
3606,34.0146,28.5989,789.3743
3607,63.0869,60.1654,1321.7681
3608,103.1608,125.8122,1544.1039
3609,91.3488,115.3783,1048.4137
3610,90.5373,114.5237,1018.1137
3611,90.5121,114.61019999999999,1018.0015
3612,88.85900000000001,114.8987,987.9844
3613,87.4885,111.57,946.9827
3614,170.52179999999998,162.1819,2350.2869
3615,233.134,199.7536,3211.2455
3616,230.815,198.3219,3206.7115
3617,277.6895,228.228,4034.3417999999997
3618,236.947,223.1723,2823.9226
3619,194.9445,206.4113,1948.6261
3620,177.7546,190.2988,1857.8426
3621,177.9552,190.4872,1858.9004
3622,554.472,657.8186000000001,6781.4907
3623,809.0772,979.8645,10389.1475
3624,752.4625,826.9049,9158.4937
3625,1114.8842,1161.2597,13534.4974
3626,1162.4929,1241.6053,13554.5534
3627,1036.6449,986.1349,11510.988
3628,1153.1024,911.5326,11401.8823
3629,1060.3115,799.0014,9951.7726
3630,755.2704,640.1904999999999,7773.7293
3631,617.8593,592.8614,7836.0404
3632,1208.7504,1220.6103,13201.8546
3633,2468.1767,2371.1987,27732.7615
3634,2554.0203,2400.915,28292.006
3635,2301.0383,1580.336,24598.2985
3636,2053.7972,1218.6599999999999,22904.3341
3637,1272.6662000000001,946.0450999999999,16201.4199
3638,1063.6602,867.3109999999999,13675.2521
3639,721.9117,551.5121,11636.5685
3640,453.5502,394.6689,7797.3169
3641,172.8872,186.427,3063.4123
3642,370.9656,323.6773,5620.4756
3643,462.1163,410.1365,6587.2431
3644,478.0927,422.6899,6692.8201
3645,478.0927,422.6899,6692.8201
3646,478.0927,422.6899,6692.8201
3647,1557.7505999999998,1145.4306,16670.748199999998
3648,1689.6255,1255.0558,17895.2505
3649,1701.5844,1472.8148,19217.4764
3650,1644.9602,1668.7223000000001,20033.7714
3651,1491.7998,1590.6759,18756.6794
3652,1190.2532,1156.0338,16627.7783
3653,1199.5509,1164.4619,16804.6648
3654,1411.0831,1210.9168,17871.4279
3655,1805.7257,1526.8085,24258.3142
3656,2323.0687,1791.8896,31570.5196
3657,971.3398,697.408,15990.1473
3658,2073.2131,1544.9394,32469.3932
3659,2605.9541,1902.5518,28791.305
3660,3302.0136,943.0119,16136.274
3661,2218.6835,529.634,11065.6689
3662,984.8845,638.7415,11906.3057
3663,884.2025,719.7871,13792.786
3664,886.7984,724.1850000000001,14352.1135
3665,891.2096,726.2716,13790.7819
3666,832.2638,747.2271,9404.5439
3667,926.1564,876.8617,8616.1531
3668,1203.7042999999999,1123.4223,13485.9138
3669,1097.7653,1117.492,10759.6057
3670,1072.0382,1063.5415,10571.217999999999
3671,1276.0448999999999,1220.321,14522.546699999999
3672,1231.1621,934.5045,18235.9581
3673,1563.9773,875.5731,27867.9921
3674,1135.9325,688.4544,21756.1573
3675,697.473,462.2712,14214.7146
3676,519.8759,370.4661,9526.1839
3677,659.6941,497.33869999999996,9237.0191
3678,718.0735,543.1502,9792.9071
3679,718.0735,543.1502,9792.9071
3680,710.9117,543.2936,9874.871500000001
3681,546.5607,482.8483,8565.8348
3682,493.87350000000004,465.089,5633.2219
3683,293.5943,303.776,3527.5041
3684,267.3123,280.6351,3330.9684
3685,291.0227,331.1914,3837.5883
3686,219.3823,237.1225,2569.0101
3687,225.9977,241.0352,2555.7318999999998
3688,194.7264,207.0816,2491.9369
3689,183.4896,190.4548,3218.7686
3690,131.4233,137.1755,2052.2128000000002
3691,131.4233,137.1755,2052.2128000000002
3692,130.9613,136.1578,2050.1843
3693,130.362,135.70770000000002,2043.885
3694,139.5018,136.4727,2803.6586
3695,290.9864,276.8913,4359.1824
3696,359.1151,337.8296,4896.9669
3697,378.937,313.0495,4193.3719
3698,370.8598,305.02,4019.3601
3699,304.8495,242.2858,3544.4796
3700,181.2724,121.1348,2546.6621
3701,22.7762,13.411,322.3759
3702,22.7762,13.411,322.3759
3703,22.7762,13.411,322.3759
3704,22.8568,13.5136,325.6521
3705,43.2047,36.1652,932.1785
3706,75.53330000000001,66.03699999999999,1500.6367
3707,81.905,71.2235,1566.8342
3708,95.9625,103.1663,1622.9156
3709,97.004,120.5406,1235.0104999999999
3710,95.06739999999999,118.0629,1073.5213
3711,99.5608,120.5005,1153.8527
3712,138.7851,144.6302,1867.3291
3713,89.5231,113.6249,1002.6379
3714,97.6866,118.77,1146.4363
3715,187.9474,169.5296,2438.9351
3716,261.9987,208.2172,3233.6270000000004
3717,256.9875,212.9733,3286.1588
3718,210.1874,204.8942,2504.7845
3719,177.7546,190.2988,1857.8426
3720,177.8143,190.3551,1858.1591
3721,205.9464,216.7253,2006.7277
3722,250.7763,264.6501,2438.2082
3723,462.61719999999997,480.4521,5487.4565
3724,740.9048,674.3761000000001,9375.2249
3725,964.303,924.8729,11652.8261
3726,1092.0604,1100.7733,13140.1175
3727,1153.5493999999999,1048.2473,13520.8693
3728,1122.603,958.409,11990.0442
3729,907.9941,862.1578,8433.5066
3730,843.0466,738.1754999999999,8880.428
3731,710.4583,691.4815,8677.304
3732,905.1539,885.5372,12455.8499
3733,1406.2889,1359.9566,19788.3694
3734,1362.1117,1095.5225,18113.6613
3735,2040.1033,1206.6849,22778.7561
3736,2054.8017,1219.0123,22906.9075
3737,1545.7236,1029.4027,17608.8621
3738,1008.8592,865.3937,11464.144400000001
3739,631.9501,544.5244,7736.113
3740,464.4393,410.391,6215.7586
3741,639.2275,436.1033,6176.165
3742,697.8716000000001,463.5757,6671.8226
3743,587.8754,460.4306,7191.1862
3744,486.3094,425.60380000000004,6732.7029999999995
3745,478.0927,422.6899,6692.8201
3746,646.5001,532.406,8855.0847
3747,1835.3372,1410.0874999999999,20560.7303
3748,2491.6379,2446.3794000000003,25561.8048
3749,1707.8242,1688.1981,20260.7898
3750,1625.6115,1639.5461,20208.7039
3751,1561.2981,1625.7083,20505.6318
3752,1222.3171,1212.2835,17022.5326
3753,1201.4754,1169.0278,16821.9976
3754,1570.7767000000001,1287.7595000000001,21469.293700000002
3755,1966.4523,1588.1490999999999,28096.1502
3756,3187.2381,2388.3519,45358.614199999996
3757,3515.3154,2523.0691,50584.0973
3758,2768.6798,2182.605,34195.895
3759,2062.0393,1868.2640000000001,21907.834199999998
3760,1634.4073,1508.7421,20269.826399999998
3761,1062.0103,936.0475,15366.413
3762,911.7709,792.0055,14763.1841
3763,1254.7695,1134.6701,20494.6109
3764,1672.3028,1491.7352,26316.7278
3765,1032.5176,879.7988,15239.2765
3766,945.7732,877.5665,9252.6661
3767,1213.4949,1126.4778,13315.2411
3768,1309.0526,1207.604,15435.2466
3769,1340.7142,1364.805,13664.9264
3770,1089.9191,1063.0233,10991.637999999999
3771,1665.4488000000001,1552.6648,21655.6427
3772,1679.6589999999999,1212.2692,26074.2955
3773,1471.344,833.908,26243.0126
3774,982.0238,620.7557,19036.19
3775,1044.475,651.5842,18400.8213
3776,1049.6226,686.3569,13994.3928
3777,721.2275999999999,540.874,10099.8084
3778,718.0735,543.1502,9792.9071
3779,718.0735,543.1502,9792.9071
3780,718.0735,543.1502,9792.9071
3781,693.0456,533.7605,9240.8812
3782,347.252,342.2771,3782.243
3783,249.4675,249.98819999999998,2710.1625999999997
3784,244.71200000000002,249.8301,2679.7388
3785,243.3781,263.00010000000003,2899.4903
3786,270.1181,287.2798,3492.8389
3787,233.4534,249.4326,2606.7327999999998
3788,206.3132,215.4183,2445.1711999999998
3789,177.3888,182.5771,3033.1392
3790,131.4233,137.1755,2052.2128000000002
3791,131.4233,137.1755,2052.2128000000002
3792,127.4355,131.1715,1959.6977
3793,121.2295,123.0479,1944.8830999999998
3794,145.23499999999999,140.673,3101.7490000000003
3795,222.53799999999998,203.2311,3734.8489
3796,273.2596,237.317,4015.5553
3797,286.3975,220.446,3466.5826
3798,265.9384,203.2964,3218.0923
3799,222.82750000000001,161.449,2888.9491
3800,179.0128,118.7122,2553.8874
3801,22.7762,13.411,322.3759
3802,22.7762,13.411,322.3759
3803,22.7762,13.411,322.3759
3804,30.2789,22.0069,562.2917
3805,74.4482,65.1582,1489.644
3806,81.905,71.2235,1566.8342
3807,81.905,71.2235,1566.8342
3808,83.1291,73.8184,1571.2203
3809,101.1498,114.937,1546.4987
3810,91.09049999999999,113.3372,995.5305
3811,79.64320000000001,104.5066,772.9567
3812,85.174,110.411,937.2955
3813,84.2809,109.17240000000001,900.6928
3814,108.0091,119.5967,1095.4602
3815,165.2853,136.5862,1098.5611
3816,272.6743,196.6826,2541.677
3817,298.5174,225.433,3357.4582
3818,206.5496,203.2574,2432.2275
3819,177.7546,190.2988,1857.8426
3820,195.1477,206.6016,1949.7018
3821,231.1695,240.3681,2139.9354
3822,253.1807,256.3872,2430.2122
3823,678.6247999999999,558.9818,8032.5659
3824,708.0335,578.1202000000001,8430.6146
3825,716.2178,581.8638,8492.074
3826,720.7074,589.9679,8528.1102
3827,1196.0799,1014.1311000000001,14838.0242
3828,1204.2955,1008.346,13565.196
3829,891.3771,818.8541,8411.6882
3830,903.971,798.1809,9616.4892
3831,884.8788999999999,776.2035,9567.7224
3832,940.563,838.0792,9904.6829
3833,818.2855,684.4957,10411.5354
3834,699.6408,530.9497,9329.8938
3835,999.2285,676.6551,12367.5754
3836,1347.5814,963.202,15664.772
3837,1288.0313999999998,1092.5701,13567.3246
3838,573.7044999999999,516.2539,6916.7252
3839,512.1877,465.4024,6609.3312
3840,542.1571,484.8568,6490.5932
3841,813.7375,760.1025999999999,7252.0213
3842,864.1578,614.4957,6785.1255
3843,848.3701,541.8668,8195.9731
3844,969.3715,668.0454,12116.3667
3845,1487.9771,1069.0478,19188.8908
3846,2162.547,1528.7725,28164.2647
3847,2370.1801,1802.3503,29493.0001
3848,2709.4172,2659.6703,28750.8647
3849,1874.0466999999999,1775.7037,21044.8968
3850,1624.2642,1604.7247,20349.4863
3851,1365.3819,1378.8774,19196.557099999998
3852,1280.0061,1296.0031,19366.3351
3853,1459.9102,1406.9919,21540.9374
3854,1919.2114,1486.6703,31095.0536
3855,3180.1979,1837.9448,35480.4768
3856,4833.6615,2536.9483,53083.0187
3857,4486.0571,3303.4880000000003,52147.9393
3858,3749.9213,2948.8239,38742.1706
3859,2095.3171,1847.1825,23478.4312
3860,1542.799,1370.0442,20891.0749
3861,1293.4233,1084.3883,17300.299899999998
3862,1986.5808,1654.8536000000001,31990.3009
3863,1935.8621,1632.0208,30837.860099999998
3864,1531.2897,1347.2314000000001,24341.6096
3865,1034.8796,911.1954,16480.7904
3866,1148.8746,1002.0398,13653.8028
3867,1690.2152,1330.5359,16736.3979
3868,2141.9262,1777.549,26196.7379
3869,2393.5899,2329.2189,34108.8074
3870,1699.6923,1584.3872000000001,19394.9253
3871,1941.951,1581.2193,23143.6886
3872,1936.8213,1352.6514,25444.2649
3873,982.9783,625.1039999999999,17445.0084
3874,954.8831,611.1952,16907.99
3875,1579.2777,803.8102,16853.057
3876,1545.8866,728.0691,15453.8629
3877,917.9863,549.8541,11170.8897
3878,705.9065,542.6433,9550.6569
3879,707.1389,544.7583,9512.302599999999
3880,703.2796,542.6681,9445.3916
3881,680.9473,562.5245,9099.4586
3882,434.7563,422.8125,5648.21
3883,315.3607,316.86170000000004,4441.487
3884,339.61879999999996,356.0115,5061.8005
3885,319.4569,335.8808,4630.4858
3886,280.0204,296.2402,3702.5126
3887,225.2767,238.3591,2613.4021
3888,184.7458,188.173,2318.1182
3889,170.4526,170.99710000000002,2687.623
3890,133.6876,137.8429,2079.2279
3891,129.189,133.5627,2007.1143
3892,122.1429,122.662,1851.5426
3893,144.0822,103.307,1995.7903
3894,181.0637,114.69239999999999,2813.2559
3895,187.4702,113.09870000000001,2849.3721
3896,209.7878,133.6997,3020.1675
3897,213.8914,138.33780000000002,3026.7995
3898,206.5069,141.1363,2799.0995
3899,206.37,145.5431,2763.1751
3900,213.0854,149.899,2901.7511
3901,22.7762,13.411,322.3759
3902,22.7762,13.411,322.3759
3903,23.1482,13.5555,323.38030000000003
3904,56.4914,48.2236,1152.2148
3905,81.5572,71.042,1563.8359
3906,81.5654,71.0725,1565.2209
3907,80.6829,71.2864,1563.1684
3908,81.3259,72.1962,1566.5505
3909,83.6996,84.4956,1569.612
3910,95.064,118.5956,1143.9941
3911,90.3941,113.66340000000001,1002.2149
3912,86.2173,113.53070000000001,975.5932
3913,85.0365,112.7262,934.7977
3914,91.4455,119.37490000000001,1006.0415
3915,122.3449,128.8392,1049.1038
3916,166.052,143.7264,1244.6737
3917,380.0877,309.8548,4888.5406
3918,233.386,232.679,2857.0728
3919,176.57330000000002,188.9947,1782.8568
3920,229.0803,238.3287,2134.3819
3921,248.4106,252.0909,2526.1721000000002
3922,322.27750000000003,298.2733,3899.7017
3923,466.189,400.3959,6185.7513
3924,535.6778,451.3266,6829.9064
3925,623.0260000000001,514.2257,7632.4499
3926,648.6207,532.8027999999999,7868.5415
3927,1237.5674,1026.9624999999999,15606.2128
3928,1363.9492,1118.2812,16068.5532
3929,1299.5629,1126.3401,15386.1176
3930,1166.3749,1039.3051,13870.697
3931,920.3403,823.3163,10093.7954
3932,799.2632,709.3670999999999,10039.5081
3933,667.4627,569.6596999999999,9618.2642
3934,659.2724,538.456,8268.4239
3935,653.9938999999999,538.4507,8273.6089
3936,699.4002,566.9741,9969.7548
3937,779.1246,662.5255,11420.521700000001
3938,651.4758,552.9879,8446.7698
3939,625.3326999999999,531.952,7493.9603
3940,804.3583,785.9092,7691.9023
3941,913.3215,935.6345,7966.5918
3942,838.4431999999999,774.6148,7364.2781
3943,886.6892,632.577,8512.6987
3944,1078.6993,680.326,11381.4122
3945,1113.9057,684.8425,12112.0582
3946,1538.0189,984.7727,18793.5685
3947,1849.0154,1254.1744,24195.589799999998
3948,1813.582,1604.491,21283.3243
3949,2020.7394,1877.4825,22509.4766
3950,1442.8522,1361.6728,16999.2177
3951,689.1841,609.3231000000001,9092.7526
3952,1073.4462,1044.3874,16579.5459
3953,1609.0572,1537.4672,30864.6474
3954,1815.2536,1390.2956000000001,34006.2429
3955,3869.7405,2062.0813,41701.4847
3956,5393.8803,2540.1188,51734.3305
3957,3360.6653,2494.6776,45137.4418
3958,2836.1431,2194.6952,33052.409700000004
3959,2420.4187,1902.3114,32660.3038
3960,1879.9707,1531.8267,28090.6998
3961,1411.6009000000001,1136.7613999999999,19800.966399999998
3962,2739.2488,2136.2246999999998,42670.6082
3963,2256.0728,1781.1737,35315.9796
3964,1178.6884,995.7288,18370.3072
3965,1162.7407,1050.2574,19465.583000000002
3966,1446.7345,1236.2072,20455.274
3967,1922.3036,1490.385,20401.4798
3968,2068.9468,1627.3911,23137.6144
3969,2137.2247,1944.2631999999999,27769.4606
3970,2632.1256000000003,2378.4574000000002,34853.5585
3971,2490.7961999999998,1985.9345,33183.6892
3972,2205.5489,1819.6668,30054.0473
3973,1481.7541,1200.8707,20144.2276
3974,1313.3323,654.5443,11366.9467
3975,1454.7129,635.1409,11358.779
3976,1183.9059,416.8684,7262.8867
3977,1078.3105,368.6553,5266.1445
3978,497.75690000000003,489.90840000000003,5830.6862
3979,482.0202,488.4741,5706.0866000000005
3980,482.04920000000004,488.4892,5707.1099
3981,509.53000000000003,527.9116,6583.9774
3982,508.4963,538.3172,7215.0849
3983,406.0081,413.5463,6182.49
3984,425.30330000000004,459.493,6347.5071
3985,368.0099,384.6833,5772.962
3986,356.5158,370.9529,5639.0727
3987,219.3862,217.8786,3199.4909
3988,161.0471,154.5336,2006.9233
3989,154.0889,141.9212,2242.0942
3990,138.0375,137.4538,2110.2329
3991,116.8992,113.7276,1639.7939
3992,134.96,113.3018,1900.4516
3993,155.3081,93.4777,2077.3519
3994,181.8936,111.48,2795.7854
3995,179.7467,104.3414,2791.1548
3996,215.02700000000002,138.8204,3060.1115
3997,215.3951,139.1795,3062.9141999999997
3998,215.3613,139.6113,3058.8178
3999,208.3728,142.1208,2844.3409
4000,206.37,145.5431,2763.1751
4001,22.7762,13.411,322.3759
4002,23.9429,13.8139,322.9997
4003,40.961,30.66,711.9195
4004,72.4015,65.1677,1475.0793
4005,82.1246,72.1255,1578.3413
4006,77.5098,76.7991,1557.2703
4007,77.7564,73.1206,1562.2435
4008,79.4427,74.4391,1566.0007
4009,78.1252,70.5002,1533.4974
4010,91.0085,96.8299,1226.4655
4011,88.4744,111.9093,993.5967
4012,86.5432,113.29299999999999,989.7823999999999
4013,86.8528,114.68299999999999,992.8796
4014,88.4338,121.7794,1008.6919
4015,88.4359,121.7878,1008.7108999999999
4016,98.3159,126.8714,1215.716
4017,150.1638,154.4886,1950.1263000000001
4018,147.3083,149.0948,1778.4545
4019,239.7573,240.7102,2662.9339999999997
4020,285.6708,277.727,3360.2704000000003
4021,295.0188,279.8233,3457.0309
4022,303.9524,277.1868,3710.4034
4023,366.9929,326.9715,4866.9906
4024,413.6394,362.2565,5701.0203
4025,413.6394,362.2565,5701.0203
4026,413.6394,362.2565,5701.0203
4027,1682.4549,1321.4198,18620.0223
4028,1753.29,1292.4042,16623.1051
4029,1417.3785,1238.6019,17306.0109
4030,1269.1434,1151.0182,15714.391
4031,936.5286,855.1208,10828.2667
4032,795.1427,735.8910999999999,11027.7041
4033,600.5933,583.1523,11077.0792
4034,621.9642,549.0386,7509.1373
4035,637.9307,535.2841,8212.6715
4036,715.8319,564.3189,10641.6074
4037,741.1777,626.6418,11354.2276
4038,676.5352,495.9781,10328.2449
4039,882.1299,730.5699,9322.3388
4040,1290.3307,1165.0935,12811.8286
4041,1217.1587,1217.4002,14766.657500000001
4042,963.7139,879.5217,11601.5197
4043,1049.5932,877.2945,13649.4002
4044,1080.4641,730.0171,11877.8597
4045,1008.3446,625.0332,10316.3506
4046,1008.3446,625.0332,10316.3506
4047,1240.384,835.6777000000001,15650.8249
4048,1487.3142,1075.3132,21418.2055
4049,1745.7512000000002,1476.5724,21566.1479
4050,1458.6213,1387.8894,15405.4091
4051,612.8259,531.4683,7833.9882
4052,842.6993,754.1627,13564.806
4053,1455.0493000000001,1330.2019,28214.9592
4054,1527.322,1258.8589,28469.6651
4055,2025.9677,1488.8872000000001,32632.5131
4056,2420.0777,1909.7004,33337.8877
4057,2698.0462,2084.0213,35443.5873
4058,2499.1707,1982.0609,33117.5932
4059,1739.8003,1506.7409,31065.4498
4060,1828.5087,1533.8463,31855.8597
4061,1679.3264,1249.4618,24984.4891
4062,2161.2288,1640.6777,31663.9252
4063,2287.3407,1746.1688,30778.471
4064,1356.366,1027.8973,17723.055800000002
4065,916.0871,760.146,12646.4485
4066,1394.3841,1014.7741,20721.1642
4067,1764.9528,1386.7372,25761.0909
4068,2885.4072,2349.9687,47506.2102
4069,2927.9793,2457.9224,46144.378300000004
4070,2814.2372,2455.4327,39360.5449
4071,2310.7252,1910.2101,35854.7875
4072,2338.0102,2023.255,35961.9871
4073,2123.7874,1600.1876,27861.8642
4074,1542.3526,732.586,11500.8838
4075,1360.5122999999999,563.6564,9275.0006
4076,1087.4268,355.2863,4971.3623
4077,1097.6725000000001,363.5326,5130.8062
4078,493.5732,488.767,5742.3149
4079,482.0202,488.4741,5706.0866000000005
4080,486.0021,490.58439999999996,5848.5051
4081,589.2319,571.2909,7485.9769
4082,606.3225,594.4061,7615.1977
4083,390.6633,373.4085,5790.2124
4084,393.5689,418.79519999999997,5993.2672
4085,366.5692,382.8718,5764.4255
4086,225.6746,224.45440000000002,3434.4797
4087,149.3318,139.2012,1865.7767
4088,153.48579999999998,142.7107,1922.8383
4089,160.8071,140.7569,2291.4357
4090,150.802,138.38660000000002,2199.8522
4091,168.9738,132.7365,2199.253
4092,231.7891,150.7248,3100.842
4093,182.1117,109.6117,2708.1077
4094,181.5115,108.49900000000001,2802.5672
4095,184.7758,111.065,2826.8926
4096,214.3674,138.1933,3055.8123
4097,215.3951,139.1795,3062.9141999999997
4098,215.3951,139.1795,3062.9141999999997
4099,214.7654,138.8894,3047.3636
4100,211.7665,143.9438,2926.3574
4101,22.7762,13.411,322.3759
4102,24.1948,15.229000000000001,380.2971
4103,66.112,57.444,1342.5824
4104,80.5969,74.4096,1573.8033
4105,82.7529,76.06869999999999,1617.5212999999999
4106,81.0193,73.1619,1594.9585
4107,79.2873,71.9042,1573.8785
4108,91.2967,75.4333,1581.3618
4109,81.2984,71.8438,1565.9224
4110,80.6441,70.7831,1535.3258
4111,88.0318,106.95700000000001,1114.4771
4112,88.66890000000001,111.9919,994.3235
4113,89.0436,119.6095,1007.2244
4114,88.4359,121.7878,1008.7108999999999
4115,94.44839999999999,123.5669,1170.7407
4116,100.5742,98.11749999999999,1866.7634
4117,95.271,87.1591,1899.0248
4118,115.798,101.5103,2223.766
4119,242.8043,212.05610000000001,3750.9322
4120,284.8889,273.456,3419.8782
4121,282.77549999999997,261.2456,3324.8833
4122,282.1243,260.1023,3315.6666999999998
4123,327.4211,295.234,4134.7908
4124,412.11850000000004,361.0743,5673.396
4125,413.6394,362.2565,5701.0203
4126,515.4376,438.4733,6938.3314
4127,1733.8083,1314.6411,18340.6833
4128,2130.6267000000003,1871.7151000000001,28867.4421
4129,1342.8364000000001,1255.6906,15569.8595
4130,1225.0763,1186.481,14456.7903
4131,918.4398,840.7077,10558.7375
4132,656.9592,614.0767,9614.817
4133,602.1084000000001,550.4517,11484.2981
4134,623.0844,530.9418,7761.791
4135,597.7117,499.3512,7827.8198
4136,877.274,727.1501,15173.3377
4137,890.2296,818.2472,12833.6288
4138,916.8657000000001,850.7775,13022.0113
4139,1587.4943,1273.6159,15702.5992
4140,2613.5339,1858.8425,26838.6171
4141,1721.6491,1682.4740000000002,26171.101599999998
4142,1157.9448,956.3883000000001,15805.393
4143,1169.6411,907.3824,15115.7135
4144,1393.2603,939.5039,17205.268500000002
4145,1413.7441,1055.847,15707.802099999999
4146,1242.8322,940.971,14718.6701
4147,1667.8045,1220.5831,24910.5382
4148,1554.6204,1136.0839999999998,23032.7448
4149,1639.3980999999999,1298.0176,21511.3755
4150,1770.7562,1583.2957,19131.477600000002
4151,1299.9653,1078.5621,16670.5294
4152,1323.434,1040.5743,19284.0364
4153,1433.7633,1267.1615,26361.3857
4154,2334.3144,1937.7677,44258.5219
4155,3261.4497,2554.4251,57055.6048
4156,3612.4078,2748.9369,60843.780699999996
4157,3385.6688,2466.8131,51807.7351
4158,2369.2343,1854.8464999999999,33491.4226
4159,1444.9378,1317.0951,26321.2059
4160,2070.6348,1570.7399,38157.8129
4161,2138.2185,1477.9389,36629.5264
4162,1858.4489,1334.8107,22007.2752
4163,2019.1559,1533.7614,23109.2771
4164,1685.4449,1325.0208,19473.1212
4165,1541.3451,1888.6734999999999,26167.018
4166,1650.471,1309.5465,27008.3457
4167,1692.9725,1372.8337999999999,25144.6583
4168,2854.1036,2330.2132,47655.5901
4169,2864.1042,2274.5182,44673.2402
4170,1809.0052,1333.9422,24315.0735
4171,1609.2591,1174.1539,24223.9695
4172,1406.1206,1210.4391,24056.557
4173,1074.5257,912.9227999999999,17147.421599999998
4174,1462.9044,791.6459,13587.1828
4175,1466.8004999999998,648.0002000000001,11403.3497
4176,1104.1462000000001,363.6629,5072.5265
4177,1495.1075,593.0539,7958.3895
4178,722.484,564.0225,6747.5998
4179,484.38800000000003,490.1964,5722.0929
4180,622.8294,602.3492,8229.8546
4181,644.5607,621.8419,7972.7214
4182,647.4196,617.3135,7773.7589
4183,526.8796,479.2606,6061.126
4184,402.2068,383.1662,4101.8324
4185,246.5289,240.3588,3355.0251
4186,111.9066,107.6115,1602.0135
4187,118.9508,112.6509,1644.2022
4188,111.2637,106.55789999999999,1623.4105
4189,153.0588,134.6405,2216.5299
4190,187.2418,150.99869999999999,2617.7256
4191,239.8194,144.8981,2761.7747
4192,196.4059,117.6695,2735.7255
4193,192.0807,116.4265,2909.6659
4194,181.294,105.8629,2810.1388
4195,180.7961,107.7676,2796.0849
4196,188.2606,115.8471,2846.8461
4197,207.9786,131.93189999999998,3005.1910000000003
4198,214.9946,138.7882,3059.7982
4199,214.9416,138.7372,3059.3892
4200,201.2613,124.85300000000001,3001.2359
4201,21.7461,11.5561,286.64209999999997
4202,42.4302,34.4647,875.4677
4203,80.5315,70.1064,1552.6142
4204,83.2957,73.3679,1601.9271999999999
4205,84.788,75.7123,1640.4303
4206,83.266,74.0815,1606.2556
4207,77.019,68.8184,1512.315
4208,76.541,68.99,1547.1394
4209,81.1148,72.6009,1564.8236
4210,81.8796,71.0718,1577.599
4211,100.8326,80.51050000000001,1886.965
4212,102.9507,91.0662,1656.7411
4213,94.7877,105.183,1266.9454
4214,95.1852,120.8455,1228.8397
4215,99.1871,97.9298,1825.0299
4216,94.5583,86.4316,1897.5402
4217,94.5583,86.4316,1897.5402
4218,228.9492,177.8352,4084.3172
4219,329.9983,247.4134,5722.2794
4220,245.63660000000002,218.8699,3707.5904
4221,288.7792,267.2122,3385.1221
4222,286.397,264.883,3361.0228
4223,282.40160000000003,260.22970000000004,3317.728
4224,358.0906,320.3885,4643.6541
4225,789.6412,659.753,9828.1478
4226,1609.0624,1272.0418,19820.8293
4227,1632.6024,1338.8587,20693.0933
4228,1573.9584,1394.8455000000001,22657.2545
4229,1362.1433,1230.1847,18928.6207
4230,1163.7203,1134.6639,13932.2523
4231,568.3262,566.9603,5298.7406
4232,457.1771,422.9905,4470.7592
4233,471.9674,401.4218,6794.927900000001
4234,488.5948,401.5982,6726.24
4235,737.0868,387.4488,6877.2634
4236,2162.5341,818.9093,18298.5954
4237,1818.4687000000001,789.6437999999999,13098.219000000001
4238,1366.5474,1223.4276,15096.9034
4239,2313.1597,2309.7922,21109.8536
4240,2283.7518,2181.5434999999998,23115.112
4241,1557.3569,1503.9041,22720.0665
4242,1145.7522999999999,900.878,14269.3796
4243,1109.2807,852.8224,13989.6716
4244,1407.7495999999999,957.3322000000001,17597.3145
4245,1706.7139,1330.1535,20027.6097
4246,1612.0492,1310.4893,18097.4882
4247,1735.9865,1304.2121,26052.999499999998
4248,1523.2168000000001,1026.7068,22531.4832
4249,1671.021,1183.5831,22131.9865
4250,2014.5622,1679.2501,24175.26
4251,1684.1177,1339.1292,23246.1868
4252,1426.0657,1082.871,22485.4114
4253,1498.5453,1106.9828,25456.5278
4254,3206.126,2318.448,53730.5125
4255,3210.0998,2448.2541,55718.0152
4256,4309.9666,3260.4557,77998.0901
4257,4051.5953999999997,2852.1205,67827.1773
4258,2377.2611,1782.8981,33013.77
4259,1561.5797,1288.3594,24368.2683
4260,1810.6572,1347.8898000000002,32241.6632
4261,1939.2982,1412.6203,32852.0007
4262,2198.6959,1599.1573,23049.7688
4263,2421.269,1823.4698,31650.7581
4264,2097.8088,2767.3127,37078.4008
4265,2105.9953,3201.2975,33978.0305
4266,3080.7967,3753.4759999999997,37120.3324
4267,3470.509,4127.267,34804.9389
4268,3113.5051,2670.7262,41569.2117
4269,3163.5622000000003,2257.7265,45310.1056
4270,1438.6554,1070.8755,25057.2595
4271,1378.5747000000001,1055.2072,21817.4385
4272,823.1587000000001,732.6516,13745.106399999999
4273,568.8491,477.9798,10673.3365
4274,328.1611,269.841,7038.2802
4275,774.4824,416.4466,8665.0891
4276,2075.3319,906.8344,12807.5303
4277,2401.0171,1083.0103000000001,14520.1126
4278,2339.244,1065.7615,14202.1828
4279,2621.6492,1376.7751,18895.3479
4280,1145.2418,957.8779,14681.869999999999
4281,939.769,855.5687,12540.9026
4282,658.501,625.098,6748.5894
4283,451.8288,393.9281,4612.5094
4284,363.0668,327.1373,3346.0568
4285,203.8628,185.19389999999999,2163.0879
4286,89.9084,89.09,1440.4448
4287,89.9084,89.09,1440.4448
4288,98.4666,96.3937,1502.0816
4289,97.5799,93.7413,1507.9257
4290,199.9965,127.0524,2314.9019
4291,225.6311,132.9664,2459.7059
4292,245.426,156.1169,2927.3799
4293,187.5574,115.11959999999999,2757.2665
4294,174.3369,101.1913,2586.8325
4295,178.73080000000002,103.1474,2761.5646
4296,180.2813,104.5702,2786.0808
4297,178.3384,102.96640000000001,2774.491
4298,182.6574,107.1867,2808.1063
4299,182.565,107.0968,2807.3894
4300,173.6079,98.7071,2681.3261
4301,17.6951,10.0463,219.1783
4302,39.9653,33.4034,927.3329
4303,79.4085,69.0213,1534.5117
4304,81.905,71.2235,1566.8342
4305,84.6636,75.0369,1647.5226
4306,83.1431,73.637,1607.7686999999999
4307,76.2713,68.8432,1545.8137
4308,76.53359999999999,68.9536,1546.7926
4309,106.7585,78.4035,1641.9883
4310,114.4361,77.8343,2182.2113
4311,115.9033,75.51469999999999,2353.8298
4312,116.2876,75.6769,2355.2631
4313,116.2876,75.6769,2355.2631
4314,105.8907,83.2963,2171.7225
4315,94.5583,86.4316,1897.5402
4316,94.5583,86.4316,1897.5402
4317,94.5583,86.4316,1897.5402
4318,154.1619,126.9699,2867.4017
4319,294.3358,221.576,5149.4856
4320,331.8775,247.8412,5601.1252
4321,405.6228,383.5972,4607.3404
4322,368.0887,356.6907,4066.2092
4323,361.2818,343.8573,4111.2656
4324,682.88,606.8711,7331.771000000001
4325,1748.1722,1369.592,21721.861
4326,1759.7278000000001,1377.5988,21847.4488
4327,923.8507,946.7674,11841.359400000001
4328,1052.9017,1057.7377999999999,14311.616899999999
4329,1330.6315,1243.8825,18112.7082
4330,797.0286,736.3506,10808.2247
4331,454.4344,447.9053,4434.7708999999995
4332,463.4213,438.6174,4534.3436
4333,477.0544,415.1684,4918.305
4334,1428.8181,401.7723,6350.8399
4335,2656.6786,464.35880000000003,8845.4732
4336,2837.2988,580.194,11390.3124
4337,2858.2884999999997,598.5545000000001,11582.4646
4338,1383.6227000000001,920.1027,11134.3447
4339,1939.79,1894.7341000000001,16991.4728
4340,2021.6293,2034.6344000000001,19789.8729
4341,1869.703,1736.8807,26292.1082
4342,1978.2908,1586.026,27797.0122
4343,1819.839,1461.9702,28444.254
4344,1858.7897,1610.3517,33205.8658
4345,2379.0793,1975.3991,30950.3354
4346,2145.7184,1773.5706,26174.1083
4347,1949.3501999999999,1381.9927,24407.5965
4348,2259.8209,1480.1065999999998,27474.2772
4349,3008.5688,2218.3242999999998,43037.1019
4350,2861.1254,1924.9895000000001,36012.2697
4351,3201.7078,2070.3837,34530.713
4352,2549.5452,1745.2005,31484.6358
4353,2503.9365,1783.8044,32982.7718
4354,3533.4998,2350.4564,62081.0368
4355,3997.5405,2670.2252,69394.007
4356,3575.1621,2577.1292,66210.4582
4357,3335.7312,2426.8364,47787.019700000004
4358,3062.5238,2018.2532999999999,46392.4425
4359,3284.2262,2215.4121999999998,53521.5
4360,1298.1788,1050.7345,21860.3753
4361,1078.1798000000001,859.0033,17023.4649
4362,4755.3664,3095.1571,66054.2313
4363,3809.5268,2778.516,59120.0536
4364,2863.2059,3388.2237999999998,53839.880300000004
4365,3471.9946,4030.6153,46221.6808
4366,6469.9701000000005,6253.4502999999995,82933.0957
4367,4495.6713,3978.9505,47735.132900000004
4368,2872.0471,2526.9554,42260.3773
4369,3443.8703,2495.214,51246.5184
4370,2448.2249,1846.4374,39172.4882
4371,1613.6656,1292.8135,24070.652299999998
4372,1585.5112,1337.4382,20113.781600000002
4373,320.6573,285.5077,8038.5859
4374,164.2935,181.0245,5699.0561
4375,208.82920000000001,207.2751,5932.2248
4376,1554.5726,778.4675,11363.5667
4377,2043.5079,988.8444,13432.0165
4378,2501.3419,1117.1438,16149.8932
4379,6521.1201,2822.0731,38209.2974
4380,4326.554,2046.5205,28923.0597
4381,1130.5212,818.8708,11565.0447
4382,613.6121,556.7938,5871.6525
4383,475.2081,411.5215,4441.6729
4384,394.3503,334.3124,3508.6419
4385,267.663,214.2498,2269.6057
4386,116.2207,101.776,1572.4950999999999
4387,115.3773,100.8141,1559.3048
4388,112.746,100.1004,1555.0589
4389,126.0772,106.529,1621.9654
4390,180.4396,121.12,2076.9998
4391,222.3548,131.3863,2443.2593
4392,245.4828,133.8141,2494.7291
4393,195.6461,118.81700000000001,2554.734
4394,186.4108,110.1179,2898.0522
4395,181.9133,103.8041,2754.8653
4396,178.3344,102.9626,2774.4769
4397,178.3384,102.96640000000001,2774.491
4398,178.3384,102.96640000000001,2774.491
4399,177.7778,102.352,2771.6129
4400,139.2348,73.8248,1711.613
4401,17.6664,10.0144,218.1132
4402,21.5725,14.2836,361.7529
4403,64.8719,56.3118,1357.5264
4404,81.905,71.2235,1566.8342
4405,81.905,71.2235,1566.8342
4406,80.6226,70.53960000000001,1524.1589
4407,81.9131,73.0939,1602.7233999999999
4408,80.1703,69.9861,1570.3315
4409,102.5027,73.1205,2094.826
4410,111.5104,73.6577,2337.4375
4411,115.9889,75.5504,2354.1471
4412,115.31779999999999,75.2673,2351.6449000000002
4413,115.31779999999999,75.2673,2351.6449000000002
4414,107.57639999999999,78.8515,2211.2483
4415,94.5583,86.4316,1897.5402
4416,94.5583,86.4316,1897.5402
4417,94.5583,86.4316,1897.5402
4418,136.2601,114.79429999999999,2576.1049
4419,249.7834,192.0057,4423.3333
4420,389.1667,303.9507,6108.0276
4421,517.9054,451.7396,6403.4301000000005
4422,419.1136,391.7715,4941.0945
4423,503.5935,447.28860000000003,6475.972
4424,574.6,514.595,7022.3036
4425,1137.7674,972.0112,12890.3554
4426,977.2746,890.4026,9489.4929
4427,736.8665,735.2436,5680.3349
4428,926.3086000000001,968.8828,9138.9683
4429,1012.8302,1097.8828,11249.6301
4430,466.8465,475.7771,5905.3624
4431,365.6712,343.4513,4297.0337
4432,488.7845,523.9564,4848.9469
4433,560.9007,649.1993,4678.3513
4434,1122.4256,588.0499,5748.9961
4435,2681.636,473.5214,7996.0389
4436,3024.0644,680.3848,13377.5616
4437,1455.9162000000001,676.2195,10872.959
4438,827.6693,616.1511,7757.5125
4439,881.1793,681.3439,8527.2902
4440,1463.2644,1465.5457000000001,17366.0192
4441,1565.5829,1535.7166,19485.2939
4442,2650.3828,2169.75,34754.2597
4443,2993.3821,2301.5474,31962.8591
4444,3233.9998,3180.6814,43303.8846
4445,2815.6148,2693.1469,41366.1736
4446,3215.0081,2421.1691,46907.1465
4447,3124.483,2266.5497,42775.1404
4448,2461.8752,1693.6122,28406.8821
4449,2884.58,1934.1606,38023.7908
4450,3036.1856,1945.7833,43153.8862
4451,4510.1393,2790.6702,47548.7711
4452,8704.9201,7196.9668,77782.3871
4453,7645.8817,6518.9146,77743.8191
4454,3458.0238,2400.6713,60777.3253
4455,4199.8994,2808.7128000000002,71436.4378
4456,5688.1483,4211.9758,100173.0297
4457,5623.7311,4417.5937,101093.4741
4458,4447.3593,3284.1554,66365.4996
4459,4025.0114,2864.3993,65325.326
4460,3312.5552,2352.0021,51410.9568
4461,3391.7577,2428.5911,56546.8817
4462,5445.6399,3778.3659,89549.0931
4463,2993.5964,2075.0179,40311.089
4464,3538.6111,3420.4648,40790.4894
4465,4081.198,3010.2706,81855.9341
4466,3058.96,2330.9375,53545.9058
4467,2650.66,2091.8647,35453.5823
4468,2797.4395,2580.7964,43209.5868
4469,2567.1864,1979.7558000000001,44284.0975
4470,2978.0870999999997,2349.6669,41309.0842
4471,2489.6526,2165.7474,28662.7077
4472,2388.0695,2070.648,27879.6415
4473,395.4398,326.8728,8296.7716
4474,88.748,140.0738,2810.1953000000003
4475,104.2769,148.8936,2880.596
4476,559.3042,390.6743,6459.4036
4477,1330.7668,756.3287,10302.892600000001
4478,2779.9527,1202.5082,19133.3421
4479,4329.8495,1811.4698,27976.0324
4480,5862.6754,2574.8824,35887.6087
4481,1228.7826,707.2903,9889.2207
4482,467.2397,434.1096,5412.3816
4483,370.8302,321.749,3906.4583000000002
4484,238.6595,190.7961,2199.7463
4485,167.0585,131.3316,1727.2413999999999
4486,130.4668,105.2318,1591.5809
4487,132.2862,108.0721,1629.7382
4488,132.8045,109.065,1644.3306
4489,133.2971,110.0099,1658.2064
4490,273.7582,121.03529999999999,2027.4176
4491,329.10360000000003,130.4063,2577.0936
4492,210.0042,107.9575,1990.2413
4493,187.3294,96.2843,1877.83
4494,157.1046,91.3876,2219.3146
4495,206.6644,121.64150000000001,2999.6132
4496,197.57229999999998,113.1431,3018.0648
4497,178.3384,102.96640000000001,2774.491
4498,178.4754,103.0253,2781.967
4499,160.6533,89.1962,2330.7396
4500,107.0448,54.5696,1157.5811999999999
4501,16.7505,9.6868,214.8781
4502,17.6664,10.0144,218.1132
4503,43.4715,36.1049,929.0094
4504,81.905,71.2235,1566.8342
4505,81.905,71.2235,1566.8342
4506,79.866,69.6616,1502.7667
4507,67.82300000000001,61.6902,1155.3346
4508,89.4459,67.7893,1705.5967
4509,108.7594,72.2881,2194.0742
4510,111.9004,73.7577,2314.0697
4511,116.2876,75.6769,2355.2631
4512,115.965,75.5407,2354.0583
4513,116.2876,75.6769,2355.2631
4514,103.2847,74.3968,2064.6693
4515,96.23140000000001,82.74810000000001,1890.3637
4516,94.56,86.4284,1897.541
4517,94.5583,86.4316,1897.5402
4518,94.5583,86.4316,1897.5402
4519,163.4203,133.26749999999998,3018.058
4520,331.35,262.2599,5214.5626
4521,552.0454,470.9114,6999.3245
4522,519.1422,456.9194,6733.1465
4523,516.8854,455.991,6716.0779
4524,540.4163,482.6819,6735.5629
4525,753.7039,750.4423,7049.1499
4526,960.4951,954.8543,8494.2608
4527,771.5378,788.7345,6416.3299
4528,809.42,860.8791,7962.0685
4529,794.2,890.5622999999999,10298.5755
4530,552.2936,598.3529,7443.8721
4531,368.7342,349.416,4312.5806
4532,544.5287,585.057,6752.3085
4533,770.1650999999999,861.8922,10465.3158
4534,795.8902,846.2958,10875.0884
4535,1074.4723,800.0758,11834.4342
4536,1446.4984,870.9630999999999,13604.1936
4537,1107.6828,767.1826,12392.312600000001
4538,838.9182000000001,622.1248,7817.1638
4539,1016.4502,747.4282000000001,9603.4934
4540,1555.7108,1449.5549,17841.3783
4541,1519.6838,1505.8551,18346.9217
4542,2001.1622,1720.1023,24957.2334
4543,2104.2132,1707.7497,26449.2313
4544,2864.2277,2729.3867999999998,38786.2763
4545,3345.2479,3315.6674000000003,47060.6476
4546,3386.5194,2608.2023,49419.4262
4547,3518.8170999999998,2891.2854,54462.3854
4548,5275.1761,4501.7838,75416.6204
4549,3672.8755,2859.2798,50025.538
4550,2079.766,1645.2964,36251.8867
4551,2124.9985,1619.0677,33823.6785
4552,3222.9337,2610.2099,38259.3268
4553,5667.5375,5089.2699999999995,89686.822
4554,5465.5037,4554.414,94423.409
4555,6120.2341,4621.9443,89503.7647
4556,7064.3375,5548.7898,98140.5294
4557,4715.4551,3733.7270000000003,61444.9269
4558,4377.0988,3027.2325,57588.5923
4559,4134.115,2921.6883,67103.0383
4560,3508.3439,2315.9715,49770.5228
4561,4418.0597,2932.0633,62247.4695
4562,3613.1898,2365.1195000000002,44625.1306
4563,1294.9953,1021.0004,8984.5335
4564,1565.9141,1036.0602000000001,13437.9346
4565,1605.7778,1061.1311,19929.9302
4566,2272.489,1727.9238,41826.0153
4567,2641.8877,1368.1652,28155.8958
4568,1866.2816,1582.5958,29949.5184
4569,2650.9453,2521.0834,36874.7823
4570,2529.3807,2464.1851,40400.816
4571,2357.9803,2408.1022000000003,27899.7293
4572,1866.2944,2399.3341,16038.2737
4573,89.5557,288.4397,1404.8746
4574,25.229999999999997,105.9783,377.8265
4575,79.4223,170.8728,662.4322999999999
4576,203.2295,257.7279,2545.0747
4577,504.82169999999996,453.911,7236.4088
4578,1307.1274,808.6441,12402.378799999999
4579,1430.7298,789.6625,12652.9293
4580,1418.4184,805.5942,10416.681
4581,389.0175,366.09340000000003,5128.5311
4582,395.05129999999997,391.9623,6287.0111
4583,189.1917,176.8255,3279.859
4584,129.0197,101.8091,1537.7398
4585,129.0197,101.8091,1537.7398
4586,129.0197,101.8091,1537.7398
4587,129.0197,101.8091,1537.7398
4588,129.2324,102.2162,1543.7211
4589,179.1553,109.4441,1703.4288
4590,616.092,146.62539999999998,2745.0816
4591,480.3902,129.9977,2386.1957
4592,313.218,111.86410000000001,2007.8368
4593,230.9864,85.0423,1666.4171999999999
4594,244.3491,140.0315,2300.3631
4595,155.97129999999999,89.0331,2241.0176
4596,171.6773,93.4964,2298.4138000000003
4597,166.1437,95.4864,2485.7548
4598,173.9771,99.5436,2810.2705
4599,116.13029999999999,60.6062,1390.6248
4600,103.1462,52.5291,1121.7131
4601,18.4317,11.4966,243.22650000000002
4602,17.6664,10.0144,218.1132
4603,22.9846,15.796199999999999,410.1572
4604,73.7471,62.8858,1472.8188
4605,82.1181,71.3783,1567.7268
4606,81.2196,70.5016,1541.8378
4607,70.5989,55.2645,1285.0877
4608,86.5463,61.7328,1509.9126
4609,79.7543,57.8084,1292.9173
4610,104.2337,70.1622,2009.7715
4611,115.4858,77.0237,2354.8702000000003
4612,116.2876,75.6769,2355.2631
4613,103.7942,69.5661,1991.9688
4614,64.6592,60.001,1154.9296
4615,73.0805,67.3017,1381.7413999999999
4616,95.5303,84.1558,1892.1209000000001
4617,94.5583,86.4316,1897.5402
4618,94.5583,86.4316,1897.5402
4619,94.5583,86.4316,1897.5402
4620,231.1324,205.0812,3536.5688
4621,546.2753,484.0787,7561.213
4622,532.3341,473.1077,7251.9889
4623,519.9714,459.4096,6823.1261
4624,517.8036999999999,457.3555,6721.9442
4625,630.8104000000001,628.6381,6624.1205
4626,780.4799,815.7463,6684.9179
4627,841.5341,842.8889,9235.7159
4628,846.8335,832.3727,12297.6348
4629,860.5985000000001,816.3129,13867.5195
4630,593.0448,565.6279999999999,9184.448
4631,516.1456,484.6855,7662.0958
4632,719.4244,766.9475,10761.8518
4633,798.2949,886.8354,11065.4399
4634,794.4897,873.4231,11006.696
4635,882.891,834.7468,11792.7571
4636,1062.5136,911.7383,13373.3259
4637,1142.1608,1009.6166000000001,13911.3449
4638,1454.5809,1360.2288,15065.0559
4639,1769.9207000000001,1161.9467,15207.822
4640,1770.5565,1138.2502,15101.22
4641,1847.4611,1434.3456,21794.7469
4642,1900.1982,1560.8129000000001,25678.573
4643,1888.7678,1621.4496,26043.1422
4644,2106.0277,1877.0691,28194.1378
4645,2355.1202,2006.2883,29946.2715
4646,2296.4563,1904.6822,28262.1561
4647,3220.1805,2756.3041000000003,54691.707800000004
4648,4421.8207999999995,3663.5946,78751.9914
4649,3520.7556,2613.8594,43655.2558
4650,3597.2851,2956.4831,47515.4147
4651,3056.9096,2597.9687,47165.8942
4652,4046.5831,3079.4494999999997,57616.5314
4653,6064.2215,4834.3525,101830.7412
4654,6151.3189999999995,5057.4456,111520.1209
4655,6243.0727,4877.1641,102825.7641
4656,6506.2518,4926.1652,93028.1109
4657,4165.9011,2807.1772,47530.2189
4658,4053.4858,2560.0372,49979.1426
4659,3960.9859,2477.1008,61145.3522
4660,3581.589,2491.6593,54148.3111
4661,3297.3959,2091.7289,43001.828
4662,3712.5635,3525.1831,47363.3473
4663,999.3092,1263.5247,8004.657
4664,1959.4783,2021.1017,22367.9192
4665,1333.833,750.2958,10388.7392
4666,1552.5223,1185.9225,12965.4162
4667,1461.534,1594.9556,14252.3361
4668,1285.5691,1757.6245999999999,12074.604299999999
4669,2543.461,3278.6443,27092.0831
4670,2313.5153,2832.5331,31670.1912
4671,2087.666,2920.9885,21438.6165
4672,1098.4519,1756.5699,9810.6997
4673,172.9593,230.6871,3109.558
4674,102.82860000000001,181.39069999999998,1468.96
4675,125.6474,230.7399,910.0009
4676,159.7554,244.73149999999998,1316.0003
4677,658.9241,598.8663,8842.4303
4678,1054.163,977.5412,16026.8745
4679,1231.1231,1222.7621,18185.2377
4680,503.2004,507.79110000000003,4953.843
4681,410.5841,424.0368,6708.0896999999995
4682,412.5478,443.8953,8094.5175
4683,182.6727,172.6093,3214.0153
4684,129.0197,101.8091,1537.7398
4685,129.0197,101.8091,1537.7398
4686,129.0197,101.8091,1537.7398
4687,129.0197,101.8091,1537.7398
4688,130.2603,103.1981,1547.9895
4689,368.6157,138.9768,2224.3748
4690,859.783,187.10809999999998,3318.4595999999997
4691,553.7661,137.6938,2453.2263
4692,375.2347,125.4714,2170.1266
4693,359.3624,118.4586,2098.9171
4694,182.9995,85.3052,1824.0993
4695,64.1747,46.5318,1162.256
4696,55.4315,43.5224,1107.4652
4697,55.4315,43.5224,1107.4652
4698,75.0411,48.980199999999996,1222.5013000000001
4699,103.0354,52.4902,1120.987
4700,103.0586,52.4435,1121.3856
4701,20.5609,14.4771,291.1527
4702,18.785,11.738900000000001,246.3251
4703,26.6434,17.6055,347.7039
4704,51.5506,41.3537,1065.9929
4705,56.2607,50.294,1268.6809
4706,80.8306,62.1183,1680.6933
4707,115.885,75.5937,2344.4923
4708,113.0474,74.092,2261.0299
4709,98.0895,66.776,1826.0832
4710,115.5519,75.3451,2334.2416
4711,115.5205,75.5092,2352.6417
4712,102.2509,68.8295,1954.1174
4713,80.3032,58.077,1308.8832
4714,61.3021,59.9666,1107.8207
4715,57.112300000000005,60.4575,1065.7942
4716,72.4869,68.2369,1380.8775
4717,94.625,85.0939,1886.3577
4718,94.5583,86.4316,1897.5402
4719,94.5583,86.4316,1897.5402
4720,294.8213,262.622,4490.3234
4721,545.0115,487.15389999999996,7691.744
4722,545.0115,487.15389999999996,7691.744
4723,544.3559,489.9305,7518.6946
4724,565.1273,542.4122,6460.8458
4725,794.4554,806.9084,8813.5602
4726,1489.5078,1469.546,17288.554200000002
4727,1474.2563,1460.1907,16629.6614
4728,1048.2515,1039.8601,14248.066799999999
4729,762.7144,742.1170999999999,12552.7336
4730,627.3669,582.4858,10220.0242
4731,596.6717,551.7117,9472.0467
4732,814.1863999999999,811.3257,10889.6978
4733,1162.7558999999999,1207.0641,13126.903699999999
4734,1060.5455,1096.0923,12472.2043
4735,1007.1378,951.6861,12913.6447
4736,1023.9284,914.7782,13404.0859
4737,1087.3912,1005.0981,13731.2807
4738,1483.3128,1506.9246,16129.4341
4739,1369.9138,1170.2611,14394.184
4740,1411.0561,1123.3372,15027.836
4741,2205.2454000000002,1648.3102000000001,29906.639
4742,1829.7175,1482.8386,22454.2225
4743,1813.5673000000002,1660.5562,24104.223
4744,1799.3051,1677.9154,24375.7546
4745,2101.5339,1627.3469,28645.6887
4746,2389.8989,1788.0494,34155.19
4747,2750.3468,2110.9974,42177.3243
4748,2319.805,2084.3425,39399.7705
4749,3342.5832,2407.5244,39867.3902
4750,3949.4301,2864.4535,47496.4435
4751,3062.6131,2476.5079,45906.342300000004
4752,3947.1939,2603.0933999999997,47727.317
4753,4931.7644,3464.1456,67337.3096
4754,5427.9231,4353.8921,100498.129
4755,5701.8915,4255.9775,112272.013
4756,5820.0115,4075.5396,92426.7222
4757,5632.0013,3946.5687,78155.0997
4758,5078.1185000000005,3542.109,72446.6152
4759,4204.4235,2624.6471,63779.304
4760,3897.8009,2662.4091,55195.2935
4761,4827.4365,3726.0655,66842.0586
4762,5068.0731,5069.3042,71494.9757
4763,1711.3418,2142.7392,14228.180699999999
4764,1023.9067,1271.1033,8352.494
4765,2611.5681,1997.4868999999999,22469.5494
4766,2312.1,1577.4986999999999,16804.2809
4767,2150.6022,2074.704,20246.9283
4768,2013.1067,2294.4086,19547.135299999998
4769,1877.3678,2059.0769,17770.5898
4770,2220.4714,2802.0207,19760.2795
4771,1275.7467,1842.0407,14245.459
4772,522.1209,813.6357,11200.2615
4773,191.21,234.638,3678.2416000000003
4774,189.4067,235.6431,2841.5656
4775,245.6707,294.6841,1654.6599
4776,718.2756,536.4646,10237.7667
4777,1545.3472,1116.9258,23237.1619
4778,1523.459,1177.6488,21797.476
4779,1141.0677,964.0827,17002.2595
4780,555.4060000000001,518.0523000000001,6936.5882
4781,429.8408,438.0581,7669.2198
4782,423.0888,400.7984,7898.5659000000005
4783,325.253,256.5221,5380.9733
4784,186.1201,149.3631,2793.1391
4785,129.0197,101.8091,1537.7398
4786,129.0197,101.8091,1537.7398
4787,139.398,111.21390000000001,1642.8065
4788,175.69819999999999,145.0439,2002.2026
4789,302.6282,177.5399,2694.6265
4790,868.9555,192.8811,3345.931
4791,752.3395,170.6908,3041.9553
4792,564.8701,145.0126,2609.5163000000002
4793,556.8971,137.3493,2536.862
4794,108.1031,44.2346,1121.374
4795,44.4636,39.0654,1026.2686
4796,44.4636,39.0654,1026.2686
4797,44.4266,39.0293,1026.1304
4798,44.3921,38.9809,1025.3937
4799,98.521,51.2226,1104.1386
4800,103.1423,52.5252,1121.6975
4801,23.4229,16.6537,302.3469
4802,20.6203,14.5691,292.6483
4803,21.1049,15.3103,288.5385
4804,21.4307,16.4735,292.7234
4805,28.0153,20.2997,439.0025
4806,37.874900000000004,26.7804,821.7827
4807,96.2222,63.813199999999995,2056.649
4808,117.8317,77.06049999999999,2386.9662
4809,115.1571,74.9333,2319.3161
4810,108.0803,70.4731,2134.2342
4811,69.4698,47.3503,1190.422
4812,90.7645,68.932,1461.9756
4813,79.8408,58.0756,1283.1692
4814,61.3021,59.9666,1107.8207
4815,57.112300000000005,60.4575,1065.7942
4816,57.112300000000005,60.4575,1065.7942
4817,71.9227,68.47240000000001,1374.0835
4818,146.7096,119.3937,2669.4962
4819,240.8799,184.5863,4175.7087
4820,354.1573,260.4364,5541.1652
4821,485.8981,412.2273,7041.5049
4822,557.2248999999999,505.4219,7554.5584
4823,586.616,571.9197,6542.8664
4824,605.7349,603.6025,6243.418
4825,795.6882,782.6918000000001,9319.9936
4826,2427.0121,2164.6367,40754.5142
4827,1678.6267,1619.4979999999998,21873.3524
4828,1330.7173,1318.5631,15827.2013
4829,842.3256,817.4562,14627.517899999999
4830,808.6993,764.2874,14638.7852
4831,599.8521,554.9004,9549.5544
4832,753.2803,738.5243,10489.059
4833,1168.0618,1224.7843,13194.5912
4834,1147.9357,1176.5091,12998.3316
4835,1094.2837,1084.0895,13058.2568
4836,825.8267999999999,769.7180000000001,13159.315200000001
4837,681.832,664.4465,12946.743
4838,995.9891,960.9973,12304.2263
4839,1305.5392,1111.4884,12859.9413
4840,1686.074,1382.054,21112.6263
4841,2146.2355000000002,1615.2071,28897.2961
4842,1784.8298,1454.7148,21081.3024
4843,1910.9444,1763.6406,24936.728900000002
4844,1884.7159,1869.9419,25485.6846
4845,2135.2016,1806.556,29462.3296
4846,2525.0441,1941.8784,37094.3552
4847,2781.9368,1879.1691,36458.6209
4848,2976.1104,2163.2162,38768.1175
4849,3900.0221,3003.5634,49197.755
4850,3724.2691,2622.1575000000003,43877.4147
4851,3264.6,2279.1697,44321.1163
4852,3189.9175999999998,2479.6015,42235.7411
4853,4699.1927,3888.1179,67794.43
4854,4292.981,3256.2012,71696.6716
4855,7413.4935000000005,5479.7021,100417.7678
4856,7933.3106,5806.1242,114005.337
4857,8057.2652,5750.7121,121991.8232
4858,4468.4591,2906.2919,58046.8517
4859,3472.182,2249.0428,44551.3022
4860,5123.9127,2914.6698,60789.5858
4861,4955.5833999999995,3988.3665,60832.5607
4862,3309.0125000000003,3215.02,37007.7404
4863,2074.116,2395.4221,23509.3947
4864,1066.7678,1202.9975,10862.6729
4865,2832.457,2758.3833,28840.3938
4866,2316.8032,2032.0312999999999,19084.3036
4867,2496.1916,2349.6172,22532.5007
4868,2220.7016,2352.4638,23413.9163
4869,2086.2416,1772.8533,25826.358099999998
4870,2538.246,1888.306,26942.3006
4871,3038.4448,1210.0209,25114.6002
4872,970.836,907.7915,16157.365899999999
4873,855.9915,939.3368,15386.9494
4874,4807.1869,3170.6324,34911.2211
4875,944.6756,871.5654,6809.9516
4876,969.1581,798.5634,11327.8622
4877,1682.0848,1163.9447,24225.2261
4878,1284.7866,905.2931,17261.2991
4879,1049.1767,718.855,14372.1734
4880,747.3468,594.8861,11903.1284
4881,452.5134,364.6042,7805.307699999999
4882,430.522,340.1632,7614.2029
4883,430.522,340.1632,7614.2029
4884,416.4243,327.334,7256.7662
4885,239.2668,173.7619,3232.6159
4886,156.0691,120.68860000000001,1808.5075
4887,179.4483,148.2829,2041.5906
4888,230.2962,200.4562,3457.4476999999997
4889,1596.8435,901.0656,14036.8937
4890,3967.0693,1973.5503,23088.839500000002
4891,1951.6854,792.5249,9988.3741
4892,828.2667,169.3047,3172.9308
4893,372.6324,74.0406,1430.4917
4894,48.6378,37.9367,949.3914
4895,44.4636,39.0654,1026.2686
4896,44.4636,39.0654,1026.2686
4897,44.453,39.0554,1026.2297
4898,44.4435,39.0463,1026.1946
4899,78.6466,46.9083,1082.9618
4900,103.1466,52.4626,1121.4878
4901,20.6203,14.5691,292.6483
4902,21.8893,16.5207,310.1562
4903,22.096799999999998,17.8215,292.5083
4904,18.9901,15.1547,205.2756
4905,17.4264,12.7962,165.6071
4906,15.989,10.5815,129.3575
4907,29.1202,20.1156,549.3851999999999
4908,66.0845,45.7756,1476.3281
4909,98.7339,64.7926,2037.0892000000001
4910,75.2604,51.9259,1352.847
4911,51.796299999999995,46.0946,932.7473
4912,66.4472,68.2636,1124.1593
4913,74.7414,58.3946,1242.6347
4914,67.2624,59.2698,1167.6102
4915,57.4229,59.2998,1063.8294
4916,71.4795,66.5917,1109.2379
4917,120.2697,87.7952,1267.3805
4918,371.9272,206.5395,3830.3423000000003
4919,385.4452,261.5747,5642.788
4920,362.2769,257.891,5674.5538
4921,362.3498,257.9375,5675.6723999999995
4922,450.2939,377.931,6013.8101
4923,615.4943000000001,616.047,6220.3105000000005
4924,618.6904,619.9455,6211.3919
4925,675.6249,673.7255,6558.5996000000005
4926,2503.2893,2152.4892,42100.8551
4927,2329.2023,2083.8935,38193.3557
4928,1442.0764,1428.424,15906.8154
4929,1002.6825,965.8139,16209.2713
4930,896.9426,852.7585,16789.1136
4931,668.6209,623.8404,11225.112799999999
4932,783.8376,695.2001,10509.1258
4933,1123.2639,1052.7479,12589.331400000001
4934,1138.2901,1109.0732,12798.7989
4935,939.4143,935.7649,11654.9681
4936,636.5442,623.2273,11250.4472
4937,637.0433,623.7171,11279.4639
4938,832.7639,771.4706,11463.5875
4939,1949.4292,1654.8272,24040.6851
4940,2834.5638,2329.8986,42795.6699
4941,2624.5476,2109.11,38683.0593
4942,2519.1943,2222.7152,32158.4623
4943,2661.5306,2650.879,38178.9125
4944,2220.6099,2085.8874,27719.3713
4945,1775.2274,1497.9635,23964.9016
4946,1870.3103,1659.2205,26107.7519
4947,2162.9191,1568.3003999999999,27735.0256
4948,11991.8774,4453.4846,79493.86809999999
4949,4401.1585000000005,2983.6515,49099.7385
4950,2397.1026,1701.4075,31409.1037
4951,2779.0929,1543.8483,27689.9382
4952,3241.9112,2740.7445,45484.0142
4953,3519.1831,3123.9501,51541.5566
4954,3429.855,2773.3136,53738.9152
4955,3346.4946,2694.7597,57637.9825
4956,4070.5335999999998,2582.8965,65304.7928
4957,5207.4064,3784.015,84674.452
4958,6259.9412,4712.2714,75846.8144
4959,6554.4415,3918.0395,81813.50319999999
4960,6029.5414,3784.2884,71075.8735
4961,5345.198,4028.1729,74531.8124
4962,3364.1259,2845.5086,49051.257
4963,2679.3985000000002,1957.6492,32225.9042
4964,1837.7218,1963.9362,33978.7569
4965,1858.7408,2242.0648,30032.5883
4966,1903.7404,2609.7187,16672.168700000002
4967,3913.3085,3225.1934,52874.0542
4968,4958.3227,3626.0593,74172.5953
4969,3414.9483999999998,2547.1218,57680.5826
4970,2592.6395,1627.4268,33979.8338
4971,8492.8019,2329.3563,52241.7301
4972,10634.1786,2957.8685,66305.1143
4973,2821.9179,2329.1055,47218.2364
4974,669.1143,754.9444,10115.159
4975,634.5862,705.1634,5204.2816
4976,697.1142,736.7428,5785.7011
4977,1417.7595,953.3619,20411.376099999998
4978,1125.7618,777.1014,15086.0284
4979,1056.1134,719.1873,14418.4813
4980,682.4413,503.5808,10087.009
4981,356.74240000000003,274.9745,6198.6145
4982,255.9092,175.6005,3698.3894
4983,286.952,204.8381,4393.5418
4984,298.6242,215.84,4655.3791
4985,240.4569,161.0129,3350.5096
4986,189.17340000000002,142.4683,2617.8329
4987,181.1113,152.4283,2430.6835
4988,377.1324,357.5455,7755.4594
4989,2126.5008,1609.8478,18114.2225
4990,1999.671,1248.3656,16425.3521
4991,5233.5494,3137.3971,32093.0058
4992,1117.5816,881.6817,7458.7063
4993,37.0487,24.2821,444.501
4994,44.9416,33.6593,716.1452
4995,45.5817,38.9799,987.4601
4996,44.4636,39.0654,1026.2686
4997,44.4636,39.0654,1026.2686
4998,44.5866,39.0677,1026.328
4999,194.87779999999998,110.4503,2577.0307
5000,187.2003,97.8681,2215.1107
5001,49.3542,38.3011,550.3557
5002,45.5934,36.2646,663.5737
5003,28.3356,22.9083,365.9031
5004,20.0241,16.2564,226.5902
5005,18.9361,15.124500000000001,203.7098
5006,17.9005,13.527899999999999,177.5808
5007,16.1905,10.892199999999999,134.448
5008,17.8536,11.9292,189.019
5009,29.4321,22.408,574.1755
5010,29.2217,28.293499999999998,598.9564
5011,29.0912,29.8421,608.6251
5012,68.0778,64.0049,1066.1195
5013,86.123,67.1977,1264.225
5014,79.7543,57.8084,1292.9173
5015,68.261,54.0239,923.1828
5016,138.8278,93.4952,1275.8644
5017,185.8982,114.863,1610.9532
5018,433.5836,214.6471,3880.9892999999997
5019,431.3483,220.4359,4074.9595999999997
5020,387.5093,244.8405,5103.3334
5021,343.0476,243.4787,5062.6758
5022,435.4328,380.8084,5306.9622
5023,610.7854,610.2998,6181.6095
5024,618.6904,619.9455,6211.3919
5025,751.7616,722.8884,8508.8891
5026,1918.5606,1643.0723,30953.452
5027,2214.2690000000002,1949.2736,35898.2715
5028,1073.6525,1042.8926,8884.8954
5029,617.5503,589.9524,8504.2733
5030,876.9970999999999,834.1034,16263.7973
5031,901.9939,829.1779,14680.8305
5032,1070.5338,925.5271,12051.225699999999
5033,1077.4468,932.206,12084.523000000001
5034,1061.0117,902.9072,11965.4422
5035,840.8605,742.5494,10259.0491
5036,600.2019,587.5389,9135.412
5037,600.2019,587.5389,9135.412
5038,1089.8969,957.6179,17534.0634
5039,2766.1904,2328.1418,36745.871
5040,2870.5956,2385.1359,41047.8488
5041,2613.7389,2117.6134,34949.9568
5042,2084.6241,1515.9767,26261.7978
5043,2025.0258000000001,1580.5524,25642.1954
5044,1614.3196,1217.1869,20149.5831
5045,1868.9200999999998,1449.8105,23747.7244
5046,2921.236,2686.4768,42297.4256
5047,4618.4669,3120.3728,64261.1141
5048,6608.0821,2926.3869,55443.4539
5049,3451.9161,2101.0828,38722.9781
5050,1599.5729,1162.0433,26537.2386
5051,1785.9662,1292.939,29141.4175
5052,2454.9542,1718.6978,36939.0119
5053,3213.9527,2571.9928,42736.7284
5054,2445.2129,2264.4732,31442.817900000002
5055,3283.3516,2104.4721,39646.377
5056,3488.613,1590.31,38048.246100000004
5057,2452.1392,1930.7356,31859.3242
5058,3674.3886,2847.6795,49297.6331
5059,22296.9381,15522.6352,197968.3438
5060,9163.9007,6537.8675,95509.3967
5061,11429.9323,7646.3027,137435.4867
5062,5249.5372,3501.1811,51097.562
5063,3720.2663000000002,2759.9013999999997,45531.3263
5064,2328.8303,1487.4154,36182.9355
5065,1785.4626,1603.6565,22632.7184
5066,1612.037,1822.2454,13590.5238
5067,2742.6966,2420.4106,31868.949
5068,4924.3338,3637.3136999999997,75054.2302
5069,4166.3388,2936.0062,58208.091700000004
5070,3237.9029,2329.4719,50019.878899999996
5071,3188.748,2383.8562,43824.2087
5072,6911.7607,3319.8965,73229.0373
5073,3893.7146000000002,3123.1184,64397.1041
5074,1540.8687,1301.8477,19046.922599999998
5075,369.7664,511.2651,4767.9233
5076,373.9288,499.4998,4585.8816
5077,601.7825,588.1932,9004.6388
5078,781.6576,569.2668,11823.3649
5079,770.4207,567.797,11039.0385
5080,574.6533,453.8711,8911.7587
5081,371.3214,286.88689999999997,6545.0327
5082,287.065,204.9732,4293.6162
5083,239.0709,157.24790000000002,3061.893
5084,233.39319999999998,153.0796,3058.4352
5085,225.4009,147.44129999999998,3028.3428
5086,166.9025,135.0924,2408.2712
5087,144.5158,145.8458,2018.1983
5088,264.6681,252.5795,4992.3523000000005
5089,3236.1579,2641.2804,23474.9529
5090,2179.4663,1717.8717,18086.6173
5091,2035.0314,1610.1819,15698.057499999999
5092,37.0487,24.2821,444.501
5093,37.0487,24.2821,444.501
5094,38.482,26.3581,514.2537
5095,45.7779,36.1981,829.4243
5096,44.4636,39.0654,1026.2686
5097,51.7483,41.958999999999996,1039.4388
5098,133.6045,84.4881,2099.5217
5099,507.764,269.4104,6191.9819
5100,518.1563,274.0317,6286.2287
5101,161.0825,125.75800000000001,1811.2404
5102,92.6195,73.6745,1199.5653
5103,33.6118,26.8904,439.9129
5104,24.0233,19.1926,257.5096
5105,21.7623,16.5577,249.3946
5106,18.9361,15.124500000000001,203.7098
5107,18.4721,14.4078,191.9847
5108,19.4225,12.7356,173.9599
5109,17.6194,11.536999999999999,169.5613
5110,20.6964,15.2316,267.7897
5111,58.2141,48.0777,1195.9525
5112,119.6331,91.4777,1296.1424
5113,123.4173,93.4727,1358.4624000000001
5114,117.5181,89.3373,1311.6985
5115,116.311,84.7065,1200.9021
5116,164.4158,109.13119999999999,1876.563
5117,310.0817,181.125,3837.5018
5118,432.729,215.3727,3949.7095999999997
5119,433.5836,214.6471,3880.9892999999997
5120,419.3302,231.6682,4265.8309
5121,399.9624,264.9459,4895.4903
5122,482.5176,417.6816,5478.3825
5123,555.0432000000001,539.4695,5948.3104
5124,732.3725,689.0506,7899.5134
5125,940.1534,836.3349,10017.104599999999
5126,959.9902,829.6004,11391.7888
5127,994.9655,826.3371,11926.8501
5128,970.9673,859.9461,10237.9178
5129,487.4781,444.467,5869.9578
5130,672.5694,597.8357,10322.8758
5131,1034.4976,910.6818,12792.0193
5132,1077.4468,932.206,12084.523000000001
5133,1077.4468,932.206,12084.523000000001
5134,1057.4706,897.2316,11942.2833
5135,894.202,783.9672,10291.5777
5136,610.6535,595.3896,9149.7609
5137,600.2019,587.5389,9135.412
5138,560.546,713.5069,9216.7181
5139,1120.1036,1290.7897,15815.8741
5140,1833.4143,1777.9389,27403.3162
5141,2155.6281,1877.1557,30502.0643
5142,2468.2873,2073.7146000000002,31483.8374
5143,5774.2878,3444.4031999999997,61217.3854
5144,3725.8395,2431.9844000000003,36603.0755
5145,3461.3372,2517.6143,38994.3212
5146,2996.9625,2848.5171,47745.3707
5147,4604.7874,3412.6016999999997,66325.4416
5148,5408.1694,3747.7072,73061.3993
5149,3871.5808,2850.5472,50510.6307
5150,2823.5668,2451.1841,42995.0697
5151,4085.4046,3265.5617,65381.1275
5152,3825.217,2535.7896,46645.4396
5153,3346.4062,2105.1945,32502.5649
5154,3732.5625,2735.3414000000002,49204.5435
5155,4369.4689,3283.651,53218.239
5156,3089.1674,2383.502,54570.297699999996
5157,2646.2558,1958.766,42708.0375
5158,4196.8233,3061.5486,57357.7748
5159,9342.3256,6471.1023,92329.7162
5160,10017.043,6130.6331,86680.9504
5161,22111.8562,15458.0512,274800.2956
5162,11977.4647,7251.7104,124664.3217
5163,8387.2556,4623.8228,77663.48819999999
5164,1875.5792999999999,1359.7545,29124.6385
5165,1381.0998,1382.4652,13001.0989
5166,1822.4875,1930.607,14354.6685
5167,1585.6618,2091.221,14724.7915
5168,3551.212,2898.2718,50679.2446
5169,2923.9712,2273.468,47849.3386
5170,3178.6050999999998,2374.9326,51051.3829
5171,3148.1382000000003,2315.4906,43718.0714
5172,3380.0979,2575.3957,54230.8482
5173,3290.0105,2893.8149,38760.432
5174,2991.288,2397.1878,29137.03
5175,1528.5608,1280.4331,15990.2935
5176,352.07529999999997,500.0403,4708.1943
5177,406.3307,462.9132,6929.8894
5178,547.9861999999999,499.7208,9379.5281
5179,593.9250000000001,495.6156,10783.3353
5180,588.5483,467.4299,11145.3029
5181,519.2702,408.7467,10081.2162
5182,282.3611,192.65519999999998,3623.0756
5183,265.64160000000004,176.7541,3078.0755
5184,253.5404,168.7965,2968.987
5185,183.3116,123.895,2340.8232
5186,82.9042,85.1429,1246.6115
5187,110.3835,117.251,1506.0368
5188,176.4376,165.3284,2435.6267
5189,322.0949,223.73760000000001,4609.6696
5190,331.3775,225.3714,4702.0509
5191,274.1383,184.805,3822.6863000000003
5192,37.0487,24.2821,444.501
5193,37.0487,24.2821,444.501
5194,45.518299999999996,30.8993,506.0028
5195,77.5135,58.856700000000004,837.6901
5196,75.097,66.1018,1184.3063
5197,164.8662,108.6813,2399.1573
5198,337.0118,200.5684,4778.2168
5199,517.8423,273.8865,6268.588
5200,492.2336,266.9552,6168.7547
5201,160.9928,128.4027,1725.9482
5202,122.7857,97.2833,1399.1284
5203,27.455099999999998,21.8691,341.7609
5204,18.8474,15.0193,202.80349999999999
5205,21.9111,16.4636,257.0443
5206,18.1571,14.5404,195.8973
5207,18.7736,15.0024,202.0761
5208,18.1991,13.9875,185.105
5209,16.3966,11.2089,139.6356
5210,15.982000000000001,10.5703,129.1749
5211,102.3052,75.6913,1706.1001
5212,122.0478,87.41329999999999,1091.2586999999999
5213,159.3,119.5515,2173.759
5214,195.2658,147.5222,3145.8236
5215,229.0856,155.77519999999998,3504.8007
5216,345.2502,218.1935,5540.5004
5217,363.2493,227.0609,5733.6407
5218,391.7124,237.4384,5752.1283
5219,492.9882,309.3996,7639.2715
5220,474.5834,314.4695,7460.740400000001
5221,448.2382,367.06149999999997,5306.1512
5222,379.3209,299.7632,4984.1823
5223,584.0803,521.1178,6332.8189999999995
5224,785.9349,685.3045,8404.0221
5225,939.3921,823.0518000000001,10330.5813
5226,916.7374,780.6254,11017.5761
5227,800.7528,687.0006,7774.054700000001
5228,719.7674,563.5791,8650.6824
5229,643.5104,451.2642,9203.9262
5230,666.235,479.67539999999997,9342.5615
5231,1070.3327,910.0232,12039.1386
5232,1059.2406,906.085,11981.576
5233,1055.357,897.8429,11958.0156
5234,1266.6094,1122.5831,13647.4018
5235,1304.6686,1259.5815,13210.6674
5236,726.1398,688.9304,9464.472
5237,464.8831,559.9827,7226.773
5238,18.0981,464.7919,653.6678999999999
5239,0.0,476.1843,523.9725
5240,1224.4385,1310.637,26022.5644
5241,1802.4903,2065.2443,36431.2606
5242,1607.1343,3048.6514,24563.7579
5243,4442.7817,3194.7128,36325.8826
5244,4086.7143,2734.3935,41666.0887
5245,2966.9773999999998,2186.0492,42200.0494
5246,2531.6169,2185.5292,43015.6561
5247,3228.3967,2724.9033,46448.6325
5248,5212.1459,3864.7010999999998,73068.92689999999
5249,4599.0422,3291.1942,56041.9326
5250,2832.8005,2495.4577,37566.8186
5251,4058.88,3165.8393,53511.4539
5252,4571.9293,3341.0513,60467.49
5253,3053.931,2205.4475,32524.324200000003
5254,3594.4969,2706.0103,51141.2699
5255,4316.4574,3531.2868,69630.062
5256,4140.6251,3692.1730000000002,77926.4271
5257,5136.3931,3839.4526,62341.062
5258,7238.488,4634.7106,100278.4717
5259,4121.1932,2545.0127,91275.547
5260,4210.6344,2432.2422,47533.402500000004
5261,5175.4095,3009.3569,69763.5687
5262,13093.9308,8033.8335,131322.87589999998
5263,6964.2374,4146.4018,82012.6221
5264,1575.6285,1881.862,27892.9736
5265,1574.6662,2140.4036,12692.8585
5266,3190.9542,3243.7515,23354.5723
5267,3269.4208,2964.6801,56174.2991
5268,3310.5686,2904.7798,57734.917499999996
5269,2888.8179,2607.6803999999997,58246.4576
5270,2954.8026,2349.3882,52836.4037
5271,3074.5528,2217.5619,43939.3909
5272,2659.6073,2065.6830999999997,41543.9028
5273,3284.0791,2905.7246,41156.1537
5274,2016.2516,1766.6615000000002,21927.8023
5275,1490.2837,1099.3362,18033.4013
5276,762.9616,637.1683,10592.4172
5277,742.511,549.3752,18120.658199999998
5278,469.3031,445.4398,11199.0133
5279,563.0172,488.13419999999996,11750.9861
5280,609.0008,484.4916,12926.6099
5281,516.4829,392.1787,10447.3787
5282,383.4846,265.7787,6303.3744
5283,240.3502,160.4534,3137.1982
5284,139.4502,93.8937,1946.2939000000001
5285,98.0903,84.2466,1451.0339
5286,79.73,83.6997,1205.4667
5287,78.6537,82.441,1188.4079
5288,115.9746,102.0881,1439.7177
5289,261.4155,188.851,3654.869
5290,305.9387,233.7525,4920.7362
5291,289.4532,251.7853,4991.8695
5292,153.4879,133.5126,2462.13
5293,39.6847,26.5513,472.7585
5294,73.9511,54.0901,737.5891
5295,97.21640000000001,84.9827,1238.0762
5296,98.937,87.952,1298.1484
5297,243.0216,162.3427,3408.6358
5298,350.254,221.2077,5372.8812
5299,395.13210000000004,234.8547,5583.8412
5300,413.2441,239.0059,5540.3383
5301,151.76069999999999,120.6947,1628.3172
5302,144.0749,112.7249,1647.4315000000001
5303,33.3015,26.285,400.6661
5304,18.9361,15.124500000000001,203.7098
5305,18.9361,15.124500000000001,203.7098
5306,18.5078,14.8032,199.4169
5307,18.9361,15.124500000000001,203.7098
5308,16.1637,12.4137,163.8013
5309,15.0755,11.1937,145.133
5310,15.8148,10.5398,129.13920000000002
5311,84.69630000000001,58.2349,669.8496
5312,119.0027,82.17869999999999,941.0028
5313,126.0865,88.6982,1010.0388
5314,277.3026,202.75,4839.7511
5315,339.0476,222.7009,5730.3541
5316,343.9273,223.5802,5731.0174
5317,363.2365,227.0571,5733.6328
5318,400.8658,270.5289,7110.6532
5319,485.5716,363.5441,10037.1321
5320,510.603,364.8003,9970.5834
5321,438.2672,369.3694,6447.402
5322,337.5088,253.2911,4932.036
5323,609.6729,508.2034,7038.1137
5324,651.66,545.3925,7538.2971
5325,753.9706,652.9739000000001,8119.974
5326,749.8651,650.9655,6551.4418
5327,751.7816,659.9164,6455.6657000000005
5328,551.5532000000001,448.1846,5312.0326000000005
5329,456.5616,341.1445,4785.8862
5330,498.6114,396.2761,4856.5663
5331,531.8184,373.4838,5784.1545
5332,766.3674,565.7455,9101.0101
5333,986.7239999999999,813.4182999999999,11244.6715
5334,1431.0102,1420.9602,12498.3334
5335,1431.0448,1461.9114,12333.836
5336,699.9132999999999,537.9447,7749.250000000001
5337,795.1582,895.9503000000001,7551.5293
5338,14.9305,476.7655,657.6445
5339,0.0,487.5016,567.0752
5340,371.7017,749.7674,8401.9796
5341,1442.326,2223.3605000000002,35494.472
5342,1869.2060999999999,3820.0543,46481.963
5343,2014.7172,3046.027,32805.0912
5344,2808.8007,2290.9395,37019.5861
5345,2127.0226,1725.3812,35273.3077
5346,1977.7647,1631.8046,31859.1352
5347,2187.2941,1701.1918,33578.0081
5348,5920.8059,3521.9648,57920.9722
5349,8985.5394,4104.2353,74065.46669999999
5350,3452.1865000000003,2794.3576000000003,39163.1135
5351,2567.6569,2060.3866,37144.9771
5352,3066.4421,1830.3878,37744.4052
5353,3395.4853,1613.2021,32694.2961
5354,2782.0766,1893.7557,32901.8767
5355,2264.3424,1565.2773,26211.034200000002
5356,2309.2837,1648.6687,36445.6273
5357,1774.4677,1080.7713,31811.2592
5358,4793.1852,3481.9629,72334.4753
5359,3428.1571,2576.387,54808.0356
5360,3105.0378,1718.4682,46804.6832
5361,5381.1032000000005,3499.2644,77293.8098
5362,2937.9779,1997.1216,50771.0272
5363,2280.8564,1625.362,41773.0852
5364,1067.5997,1308.466,14780.0268
5365,1262.6582,1921.0749,9537.4304
5366,1989.7687,2057.597,20959.7458
5367,4592.397,3081.8292,69737.6117
5368,4528.8588,2968.2752,63260.9026
5369,3018.2731,2095.7442,38835.0007
5370,3337.7561,2139.5894,42354.4859
5371,3064.5866,2062.3607,36725.5016
5372,4462.6247,4305.303,52354.4795
5373,1958.2886999999998,1997.1091,19327.3285
5374,1642.2148,1675.7385,17091.238400000002
5375,1918.4656,1493.4831,24099.009000000002
5376,1487.5009,1178.4584,20698.7147
5377,482.0045,433.7282,12661.5576
5378,638.5829,462.0381,17250.8733
5379,675.3664,535.7879,15078.2575
5380,675.3917,548.5507,14697.0907
5381,672.6064,546.9649,14673.700100000002
5382,496.1,366.7055,9491.6217
5383,187.5775,131.6138,2735.5091
5384,97.22109999999999,90.0556,1429.015
5385,74.2316,78.7735,1185.0936
5386,78.3156,82.4216,1199.317
5387,79.73,83.6997,1205.4667
5388,79.6691,81.6146,1142.9959
5389,234.0741,220.4882,4129.6551
5390,289.9986,266.0434,5197.4554
5391,289.9986,266.0434,5197.4554
5392,289.9986,266.0434,5197.4554
5393,221.5077,203.9486,3392.5477
5394,114.8047,104.9974,1319.8288
5395,98.6989,87.8095,1296.3039
5396,103.002,89.5561,1364.27
5397,156.4179,113.7606,1744.6958
5398,359.6755,227.8764,5656.6025
5399,359.682,227.87969999999999,5656.6326
5400,364.7481,228.8492,5610.8981
5401,157.1362,125.496,1691.4384
5402,164.7227,131.4485,1774.2955
5403,43.6127,34.7706,507.6024
5404,18.9361,15.124500000000001,203.7098
5405,18.9361,15.124500000000001,203.7098
5406,18.9361,15.124500000000001,203.7098
5407,17.5653,14.096599999999999,189.9696
5408,17.4322,13.9966,188.638
5409,13.5898,11.1146,150.1235
5410,16.4165,12.4198,163.3828
5411,124.58579999999999,87.7936,1007.2974
5412,137.8221,99.4978,1124.4096
5413,140.613,102.0677,1151.6135
5414,144.4992,104.4303,1241.282
5415,314.2113,207.6024,5157.2678
5416,317.8911,209.83939999999998,5242.1644
5417,351.7907,228.0214,5649.9042
5418,465.2673,341.2697,9137.5596
5419,479.6219,360.8021,9847.3208
5420,395.0487,285.6619,7896.1577
5421,301.8423,203.9169,5444.6347000000005
5422,336.5418,241.5677,5644.5733
5423,641.9976,538.9991,7523.3805
5424,648.3841,541.7902,7505.09
5425,665.678,562.0563,7394.7721
5426,735.3485000000001,655.727,6365.3351999999995
5427,532.6399,440.7643,5160.2385
5428,459.5901,347.95439999999996,4719.9051
5429,331.6263,215.0285,2939.1204
5430,273.221,157.1801,1995.611
5431,235.2259,120.5502,1502.0232
5432,244.2716,125.18169999999999,1610.3832
5433,424.5656,272.6505,3441.3257
5434,598.9224,432.8776,4840.8423
5435,611.4511,449.626,4918.8809
5436,594.1183,423.3093,5046.4403
5437,1688.7527,1824.6624,15857.1517
5438,217.3117,696.9138,2638.1038
5439,34.217,557.1818000000001,1481.19
5440,260.6454,737.0690000000001,6445.5808
5441,2532.062,2637.4363,31315.949
5442,3902.0950000000003,3750.2058,44862.101
5443,1869.5752,1430.6614,21956.857799999998
5444,2442.2751,2051.2141,32111.5966
5445,2353.648,2052.4353,33830.6613
5446,2142.6711,1789.4322,28745.4356
5447,2976.7516,1662.2929000000001,25356.3021
5448,2901.913,1680.6604,28915.519800000002
5449,4801.3116,2604.7921,47519.3215
5450,3586.1756,2679.1115,46397.7492
5451,2637.5032,2455.6473,38373.8314
5452,2389.6737000000003,1910.3603,44945.7774
5453,2519.7417,2002.8276,51391.0046
5454,2095.6733,1468.108,27441.2335
5455,2146.6387,1455.5943,23885.6488
5456,1959.6172000000001,1361.9563,25862.296299999998
5457,2112.0524,1655.2973,35244.2692
5458,6232.2949,4726.1809,113380.8117
5459,4434.5526,3081.6759,53421.1325
5460,4326.0751,2593.2527,49850.9572
5461,5043.881,3622.5787,81845.2234
5462,2885.6254,2009.6981,50100.0573
5463,1293.0846999999999,955.1151,25241.7991
5464,1044.1803,1048.0493000000001,13835.8582
5465,1498.7609,1623.8527,10534.5445
5466,3369.4863,3324.1276,29943.3613
5467,4899.3389,3177.6525,76895.5356
5468,3801.4685,2705.888,56611.4209
5469,3505.2719,2331.5165,36697.3513
5470,3082.2551,1840.6758,30628.6123
5471,2770.3546,1773.1154000000001,27869.1187
5472,2297.0788000000002,2051.0738,25803.0673
5473,1596.4668,1879.6524,10267.5768
5474,1373.8586,1757.3887,10509.9464
5475,1465.6686,1481.1258,18974.3712
5476,1114.0184,1090.1536,13843.4427
5477,373.1555,437.52049999999997,6879.7374
5478,580.4423,473.6979,9846.832
5479,684.8596,521.4534,11196.0798
5480,676.7136,549.5091,14527.6689
5481,574.1774,465.3469,12548.5934
5482,314.3284,253.76239999999999,7010.2531
5483,117.3895,98.9996,2196.6672
5484,100.2052,103.6213,1412.3414
5485,92.64699999999999,96.4445,1350.6805
5486,76.79350000000001,80.1722,1194.8268
5487,102.2408,111.7539,1295.7165
5488,118.4428,130.2248,1323.7866000000001
5489,226.8407,219.3928,3953.5125
5490,289.9986,266.0434,5197.4554
5491,289.9986,266.0434,5197.4554
5492,289.3358,265.7579,5172.5055
5493,233.1454,221.8236,3472.4772
5494,125.0622,116.4369,1527.5892000000001
5495,98.6989,87.8095,1296.3039
5496,98.6989,87.8095,1296.3039
5497,100.3282,88.82600000000001,1340.6482
5498,332.4903,211.9862,5069.2762999999995
5499,359.682,227.87969999999999,5656.6326
5500,359.9415,228.9669,5659.3807
5501,164.7227,131.4485,1774.2955
5502,164.7227,131.4485,1774.2955
5503,55.2453,43.9865,645.1154
5504,20.9312,16.6854,221.6308
5505,18.9361,15.124500000000001,203.7098
5506,18.9361,15.124500000000001,203.7098
5507,18.9361,15.124500000000001,203.7098
5508,16.148500000000002,13.0342,175.7698
5509,29.3876,20.8498,275.8386
5510,69.7677,45.0331,577.2362
5511,130.6773,93.8679,1078.4048
5512,140.43030000000002,101.9209,1150.0961
5513,140.362,101.8669,1149.5316
5514,140.613,102.0677,1151.6133
5515,152.059,109.026,1415.5941
5516,205.3286,141.2287,2599.203
5517,344.6701,221.3888,4339.9361
5518,420.5922,302.8196,6745.860000000001
5519,380.0681,273.9033,5656.3232
5520,312.7482,211.6291,3960.0818999999997
5521,271.9336,182.7463,5221.5812
5522,350.7005,256.3288,5706.3601
5523,438.6961,337.6932,6136.9488
5524,641.5884,535.8847000000001,7453.6779
5525,848.5131,679.3435000000001,9977.4452
5526,965.4585000000001,759.558,11311.5912
5527,586.8303999999999,443.1116,7047.9511
5528,411.0297,304.6826,4226.6095000000005
5529,243.69729999999998,126.4881,1590.9551000000001
5530,238.8985,121.7647,1512.0722
5531,238.8985,121.7647,1512.0722
5532,238.8985,121.7647,1512.0722
5533,431.778,268.598,3447.271
5534,531.364,342.5576,4420.0339
5535,531.364,342.5576,4420.1478
5536,530.4069,342.1589,4417.3458
5537,399.0387,259.7708,3366.0703
5538,157.5181,402.7462,2619.5472
5539,237.34969999999998,502.3112,3931.7266999999997
5540,206.8391,653.2365,4912.7145
5541,1502.3622,1373.6865,15855.699700000001
5542,1066.5674,734.8373,9311.5405
5543,2647.3144,1887.1455,27720.5246
5544,3738.8990999999996,2788.7707,40493.0223
5545,2205.5107,2007.8992,31094.0734
5546,2811.7339,2345.3167,37925.6657
5547,2940.1676,2061.5901,37270.3086
5548,1739.0822,1304.7786,24415.3615
5549,1623.7691,1156.7995,18854.7765
5550,1975.4984,1346.1447,23079.2647
5551,1715.6016,1454.3757,27627.577400000002
5552,1631.1083,1425.1722,25029.6698
5553,1849.4571,1543.9394,28592.7041
5554,2503.0547,1691.2889,34161.4743
5555,2658.5796,1765.0765,36829.0073
5556,2151.3492,1552.1222,35135.1714
5557,2524.4334,1706.2569,42428.2766
5558,2666.0686,1907.5195999999999,44831.0596
5559,5456.3162999999995,3383.736,62263.3651
5560,4260.2462000000005,3180.5379,50343.5169
5561,3225.0843,2642.3826,44645.5611
5562,3386.1522999999997,2247.6769,49709.6824
5563,1788.3128,1374.0613,27392.158
5564,2374.0509,1783.674,20078.4072
5565,2649.5834,2153.3442,21198.3816
5566,4535.8026,3662.5868,64766.5847
5567,6716.1983,4995.9252,105790.0871
5568,5194.9569,3780.453,69261.6972
5569,4532.3732,3266.1755,48582.029500000004
5570,4605.6047,2888.2422,48674.3159
5571,3106.0402,1939.4717999999998,34984.1689
5572,2074.0045,1481.2345,20032.2985
5573,1265.5991999999999,1311.2853,8642.1794
5574,1017.0659,1109.6281,7662.6021
5575,1001.1202999999999,1085.7145,9532.5269
5576,865.2112,899.6777,9490.0336
5577,747.5984,743.2247,8410.2911
5578,654.8615,539.9055999999999,9662.3767
5579,688.5289,507.7333,10220.5306
5580,587.6984,459.0223,10604.6569
5581,277.6193,231.36100000000002,6088.2918
5582,179.8562,148.0464,4056.143
5583,171.4537,145.5926,3798.609
5584,114.231,111.502,1786.1187
5585,102.44290000000001,99.4639,1469.2421
5586,87.7328,80.2437,1268.2622999999999
5587,130.3441,140.2293,1442.8564000000001
5588,150.227,160.2046,1548.8957
5589,235.8735,224.2391,3929.3821
5590,322.0369,294.51570000000004,5276.8972
5591,287.3277,264.1691,5143.2996
5592,286.1148,264.3689,5051.0873
5593,219.6694,209.2145,3165.8043
5594,123.7272,114.3049,1515.6386
5595,98.9725,87.9733,1297.4886999999999
5596,98.6989,87.8095,1296.3039
5597,99.3776,88.17,1309.7348
5598,298.5437,201.7736,4844.3021
5599,367.647,241.90879999999999,6118.0075
5600,362.4746,239.6449,6049.3677
5601,164.7227,131.4485,1774.2955
5602,164.7227,131.4485,1774.2955
5603,68.7461,54.7472,710.547
5604,26.8307,20.6811,337.5528
5605,18.9361,15.124500000000001,204.05730000000003
5606,18.9361,15.124500000000001,203.9451
5607,28.1322,20.4196,271.1041
5608,45.531800000000004,29.3108,381.4155
5609,76.5237,47.919399999999996,620.5355
5610,79.1549,49.8473,643.4118
5611,119.1842,85.7698,1382.2962
5612,139.4096,101.9029,1305.9179
5613,139.3243,101.0376,1140.939
5614,138.6792,100.5217,1135.5735
5615,138.9928,100.7035,1136.9234999999999
5616,194.6204,130.794,1365.7138
5617,229.5528,143.3402,1403.36
5618,233.524,149.55010000000001,1487.6661
5619,229.45080000000002,147.7283,1505.9282
5620,198.5634,129.5933,1305.6925
5621,186.1234,121.96340000000001,2033.4464
5622,254.4274,175.6823,4051.8839
5623,283.2643,220.6499,3661.0777000000003
5624,436.3286,367.8984,4636.3939
5625,905.3282,687.6615,11070.1602
5626,756.73,511.7352,10475.3958
5627,579.3148,389.2855,7466.1467999999995
5628,337.3917,211.3279,3145.9089
5629,238.8985,121.7647,1512.0722
5630,238.8985,121.7647,1512.0722
5631,238.8985,121.7647,1512.0722
5632,238.8985,121.7647,1512.0722
5633,431.599,268.5779,3447.126
5634,531.364,342.5576,4420.0339
5635,531.364,342.5576,4420.1987
5636,1217.7943,860.9425,10689.7792
5637,1336.2292,978.6789,11921.7385
5638,169.5125,180.18,2370.0487
5639,401.6842,430.3162,5654.1628
5640,404.418,428.7203,5382.410400000001
5641,722.1301,452.4691,5318.7997
5642,842.4287,524.0981,6681.5871
5643,4021.3114,2792.9857,36167.7525
5644,4119.3446,2925.4653,38265.0316
5645,1945.6051,1723.3153,25172.5091
5646,3814.7675,2548.5053000000003,44773.768599999996
5647,2873.675,2036.3844,39979.7434
5648,1056.6531,639.9238,11186.895
5649,803.9757,539.4932,8018.6105
5650,1330.7265,992.1043,20156.8567
5651,1953.3751,1672.3644,27553.0092
5652,2589.6028,2193.209,41150.335699999996
5653,3781.4354,3004.8208,58933.7066
5654,3422.8191,2222.111,45088.6374
5655,3312.9697,2100.8276,43961.8526
5656,2552.454,1867.4246,43973.2096
5657,2368.0036,1695.0237,40223.8418
5658,7223.3448,4959.8351999999995,107140.1977
5659,7669.1984,5241.8216999999995,87038.756
5660,4282.5958,3636.7934999999998,49749.5308
5661,3879.2155000000002,2925.6971,53586.7068
5662,3313.9894,2399.6298,56389.6902
5663,1044.8353,1372.1444000000001,13953.273
5664,2176.8768,2107.8923999999997,15428.2014
5665,3055.8863,2366.6569,24675.770200000003
5666,2931.377,2517.2562,31736.597
5667,4149.599,3038.6403,66365.5778
5668,3787.381,2741.5694,52306.6999
5669,4397.3691,3140.8057,58937.1713
5670,4542.4855,3015.4955999999997,62564.9617
5671,2616.9307,1754.7984999999999,36857.2483
5672,1863.8669,1172.4756,19634.6768
5673,1073.5248,736.6825,6101.2952000000005
5674,973.1423000000001,827.1982,6554.555
5675,862.4595,903.0794,7757.7274
5676,807.5339,797.9339,8999.2586
5677,807.8251,799.5374,9013.1352
5678,692.1099,654.4069,8202.8443
5679,657.3575,496.5564,10533.5417
5680,341.5519,273.695,7293.8078
5681,187.64249999999998,158.22129999999999,4140.4846
5682,180.1071,151.1506,4086.0333
5683,175.2743,146.6153,4051.1068
5684,263.8778,192.6594,4022.8085
5685,308.6349,218.80419999999998,4122.0548
5686,295.9616,213.4769,4041.2614
5687,322.5542,259.47180000000003,3955.6235
5688,323.41179999999997,262.3635,3846.2898
5689,341.9037,298.0723,4819.1253
5690,315.7261,289.3329,5255.4711
5691,289.9986,266.0434,5197.4554
5692,269.7738,250.0772,4644.4706
5693,183.1671,152.9136,3251.3873
5694,161.6403,124.1092,2872.3233
5695,153.7645,118.6366,2748.1965
5696,138.6361,109.4859,2355.4728
5697,252.421,179.1827,4388.018
5698,418.7179,273.9088,7106.9748
5699,418.8301,274.0,7108.2442
5700,417.30420000000004,276.085,7080.8823
5701,170.3503,135.2656,1938.592
5702,184.73,144.0188,2495.1496
5703,75.1918,59.9709,710.0269
5704,18.9361,15.124500000000001,204.1686
5705,20.1321,15.8172,212.9613
5706,50.2441,35.0018,446.3216
5707,74.9571,46.966,607.3474
5708,80.1758,50.5561,655.2776
5709,80.1758,50.5561,655.5754
5710,82.7041,53.1357,773.7637
5711,107.0902,76.53150000000001,1562.2151999999999
5712,139.1343,104.0878,1805.076
5713,140.1946,102.9947,1408.3249
5714,131.6018,95.5927,1227.0228
5715,152.8975,102.0531,1094.0782
5716,224.17170000000002,137.6726,1335.6416
5717,223.2283,135.8476,1309.696
5718,224.6338,137.7693,1334.865
5719,220.9785,138.1783,1376.9581
5720,217.4786,137.9584,1416.7759
5721,184.9353,117.9151,1254.5888
5722,195.5095,128.33679999999998,1873.5625
5723,218.0657,173.6172,2951.4676
5724,124.0128,95.63470000000001,2401.7612
5725,599.6526,397.7447,8177.7926
5726,419.1569,289.0905,4465.2706
5727,278.50169999999997,196.1577,1868.2579
5728,265.1454,171.4693,1745.0163
5729,238.8985,121.7647,1512.0722
5730,238.8985,121.7647,1512.0722
5731,238.8985,121.7647,1512.0722
5732,226.62290000000002,119.1,1405.7929
5733,343.8491,217.1422,2604.042
5734,519.7966,335.0325,4308.1898
5735,533.0134,343.8879,4444.9139
5736,974.4984,693.52,8609.8042
5737,1903.3887,1115.5479,14490.552
5738,136.7776,100.2908,1260.5031999999999
5739,353.6386,349.81100000000004,4626.5993
5740,400.6035,428.2174,5668.3856
5741,579.3753,375.9353,2342.4831
5742,687.287,467.3538,3735.7764
5743,3253.5422,2383.7151,29760.1574
5744,3432.1369,2694.4187,34277.8158
5745,3414.604,2515.0056,34855.2623
5746,2737.6896,1619.6262,27240.3057
5747,1139.2439,796.1267,13616.4854
5748,655.5876999999999,544.0906,9205.4543
5749,643.5341999999999,535.3419,8026.1125
5750,2159.5166,1427.6796,27035.4261
5751,2417.4639,1663.6442,32813.4329
5752,2889.5996,2410.2217,48507.5939
5753,4176.1563,3647.5909,58726.2919
5754,4512.3667000000005,3920.3302,58700.989199999996
5755,3714.535,3476.5143,56506.0071
5756,2638.9266000000002,2444.2364000000002,47263.896400000005
5757,3605.3391,3068.4292,60522.0151
5758,9492.2861,6555.9564,143489.2707
5759,6587.9391,4816.8360999999995,80572.3945
5760,4534.7257,3628.3807,61600.292499999996
5761,3847.5963,2963.337,59568.792
5762,2679.9854,2001.4259,45398.827
5763,1095.9447,1240.765,16084.4803
5764,2656.9501,2620.4019,25606.8566
5765,7073.2976,5536.7488,93731.7915
5766,7676.0858,5293.7785,87940.05990000001
5767,3784.5764,2557.1783,64863.1276
5768,2928.2182000000003,2057.2925999999998,45705.6915
5769,4680.8626,3253.8309,63929.5872
5770,3919.1493,2651.2519,58789.3953
5771,3024.9464,1719.1124,38862.9353
5772,1548.0556,1010.3960999999999,20286.2805
5773,1054.8866,793.0957,11981.3009
5774,1181.496,749.3061,13350.5583
5775,1167.7493,709.3655,14867.7061
5776,859.7179,697.5726,9227.7944
5777,833.6561,811.5434,9487.0246
5778,957.3633,842.4786,12026.5839
5779,732.3632,611.6948,13906.2808
5780,442.1049,382.2587,11013.6414
5781,216.0881,182.2057,4920.4899
5782,187.64249999999998,158.22129999999999,4140.4846
5783,187.7008,150.6419,4071.8897
5784,291.6514,194.9575,4019.6427
5785,287.0505,196.5594,3990.1009
5786,282.0293,195.4427,3983.4942
5787,300.5008,215.5189,4057.8191
5788,358.3794,280.5555,4835.3613000000005
5789,307.5945,250.5674,3513.0463999999997
5790,263.3163,230.1544,2656.9403
5791,227.2672,198.80790000000002,2479.5052
5792,194.9196,167.9545,2064.3774
5793,210.0116,141.6375,3518.0149
5794,237.9983,157.5917,4178.9671
5795,193.4267,129.7835,3323.5429
5796,193.4267,129.7835,3323.5429
5797,230.4769,157.08169999999998,3974.4381
5798,374.0559,251.3877,6422.6061
5799,417.3215,273.651,7107.3488
5800,401.9495,278.0398,6828.873
5801,252.017,189.96,4263.6419
5802,237.9436,180.34539999999998,4064.9383
5803,142.328,116.6333,1772.7617
5804,80.9743,70.395,806.9995
5805,71.2268,46.8721,600.1351999999999
5806,81.7029,52.414100000000005,673.1168
5807,79.699,50.198299999999996,649.8941
5808,78.0479,48.9599,633.4568
5809,80.3372,50.7188,662.7858
5810,91.7599,62.299,1186.7921000000001
5811,98.3536,68.9836,1489.1898
5812,165.8941,123.6958,2490.5919
5813,230.6056,172.92829999999998,3684.7383
5814,335.9396,253.8162,5356.5936
5815,304.4966,222.387,3743.4957
5816,594.4752,501.6737,10661.0948
5817,464.7729,373.4361,7376.9109
5818,240.9577,154.2557,1794.6634
5819,215.6869,132.8274,1300.1397
5820,217.52,136.3145,1374.1124
5821,193.7182,126.9174,1329.6425
5822,117.21470000000001,87.4199,1283.2552
5823,113.8082,88.14699999999999,1887.6970999999999
5824,115.5672,88.431,1681.5298
5825,269.3892,204.4785,2752.5069
5826,258.0691,189.7913,1724.517
5827,281.9197,203.2355,1893.8899000000001
5828,281.7985,203.00639999999999,1892.8178
5829,249.7023,142.2241,1607.9576
5830,244.9854,136.481,1567.1139
5831,204.0342,114.1514,1198.6649
5832,170.277,106.8867,918.7587
5833,166.4361,106.0935,894.1414
5834,258.5618,167.9777,1791.6397
5835,520.6105,347.6328,4421.959699999999
5836,385.17740000000003,247.9244,3480.9492
5837,171.4877,77.3412,1152.7965
5838,240.50400000000002,93.6539,1190.3303
5839,241.7822,100.7349,1291.2952
5840,276.4977,183.6557,2121.9035
5841,347.587,296.727,2232.3056
5842,274.7463,257.9268,2064.0831
5843,1079.6135,882.0976,13187.638500000001
5844,2363.5849,1922.0398,26637.4023
5845,2321.3993,1967.2178000000001,28311.9098
5846,1310.0445,1099.8668,18104.4198
5847,938.0790000000001,776.7491,14016.8917
5848,541.4562,823.1736999999999,7529.8718
5849,782.0266,638.1664,9126.8744
5850,2200.1331,1540.3023,27583.6574
5851,2513.344,1682.5491,32452.8694
5852,3085.5886,2512.5896,37960.5256
5853,3601.1358,3520.0386999999996,51190.9369
5854,5896.4734,5932.8314,93119.4077
5855,6493.4527,7002.0858,106165.8445
5856,4917.5712,4721.1741,96982.11009999999
5857,5333.856,4858.1912,106148.4458
5858,5710.6291,4977.4858,97114.2977
5859,5732.9717,4287.4393,91329.00230000001
5860,4830.564,3714.6221,68794.4016
5861,3659.2617,3376.6565,60315.445
5862,3844.7641,5762.2424,51679.529299999995
5863,1916.6215,1757.926,27316.0593
5864,1738.2022,1803.4147,20715.9921
5865,4204.4744,3065.6447,52060.9309
5866,6313.6744,3985.7531999999997,77637.6922
5867,4342.3288999999995,2890.5933,68267.057
5868,3780.5429000000004,2987.867,66063.5384
5869,3968.9685,2842.5175,55490.194599999995
5870,3989.1742,2688.8759999999997,52346.0809
5871,2931.4863,1701.0846999999999,38610.3914
5872,1838.9042,1309.5484,31247.3592
5873,1908.1957,1322.3402,24463.0772
5874,2487.0286,1599.8569,30724.036200000002
5875,1988.9871,1331.9787000000001,28723.3857
5876,2472.2591,1753.5620000000001,36653.1129
5877,1489.5636,1258.3623,19725.8146
5878,1286.9172,1131.5988,17397.8509
5879,539.3172,489.5725,11840.1637
5880,486.2561,436.7598,12001.2819
5881,302.42670000000004,271.9431,6975.3092
5882,175.3432,151.7846,3800.9752
5883,195.6393,145.0858,3679.1416999999997
5884,286.4825,195.1024,3904.961
5885,290.5747,198.8838,4059.6847000000002
5886,349.2299,247.6585,5753.7561
5887,425.8245,307.8827,7776.0394
5888,490.5938,367.7638,8874.0531
5889,232.3885,192.2842,1970.9503
5890,237.9765,203.8411,1886.2759
5891,237.5168,203.4611,1882.4895999999999
5892,195.2702,153.8942,1568.1842
5893,150.936,89.4512,1895.765
5894,180.2469,118.9381,2977.0924999999997
5895,193.4267,129.7835,3323.5429
5896,193.4267,129.7835,3323.5429
5897,193.4267,129.7835,3323.5429
5898,207.0463,145.09130000000002,3560.1862
5899,376.0491,274.6421,6529.3141
5900,281.4105,217.42530000000002,4443.0558
5901,261.8092,195.7955,4433.5314
5902,176.1092,141.05089999999998,2827.3467
5903,191.6122,160.5484,2444.4912
5904,198.37969999999999,165.4869,2591.2514
5905,128.9316,108.4134,1236.8355999999999
5906,95.7517,69.12440000000001,841.0391999999999
5907,78.9253,49.6177,642.1423
5908,80.1758,50.5561,654.6786999999999
5909,87.1041,57.579100000000004,975.2522
5910,98.3536,68.9836,1496.4116
5911,98.3536,68.9836,1496.4116
5912,254.11679999999998,198.2929,4177.9253
5913,383.175,298.9677,6157.7664
5914,449.7735,374.13849999999996,6840.769200000001
5915,522.4278,448.2282,8437.1897
5916,660.003,568.2472,12326.871000000001
5917,662.1914,570.8229,12402.8608
5918,480.5772,403.4521,7889.3291
5919,220.3852,155.6876,1368.7372
5920,219.212,160.31550000000001,1418.1462999999999
5921,112.7302,81.5197,832.5845
5922,100.4361,76.70779999999999,795.0377
5923,101.06739999999999,77.2798,801.1681
5924,101.06739999999999,77.2798,801.1681
5925,198.3761,182.1295,1357.4363
5926,227.2321,178.3202,1529.7474
5927,249.8843,177.2906,1690.2544
5928,277.9369,198.8474,1864.3533
5929,241.6957,161.0151,1543.9821
5930,183.6715,118.66,1049.8445
5931,166.4361,106.0935,894.1414
5932,166.4361,106.0935,894.1414
5933,167.5178,107.2151,905.9965
5934,199.8587,140.7789,1260.6267
5935,234.9558,167.7525,1638.3108
5936,326.3179,186.6924,2679.7943999999998
5937,281.9208,137.0588,2162.2672000000002
5938,249.9543,99.8645,1299.3571
5939,269.7282,116.1801,1354.4412
5940,410.2995,310.5685,2617.6163
5941,369.5327,293.0488,2432.642
5942,328.0057,287.8845,3454.1868999999997
5943,527.8649,449.3113,7402.9863000000005
5944,583.1736999999999,492.5393,8186.6798
5945,1406.9664,1261.3007,24530.1521
5946,1439.1621,1287.1258,24050.1396
5947,1074.8495,878.6774,17705.7857
5948,1279.2042999999999,1386.4332,22165.6097
5949,1811.0311000000002,1481.4424000000001,28937.195
5950,2999.3922,2177.9030000000002,39112.679000000004
5951,3200.4294999999997,2533.8908,48441.9349
5952,3814.123,2774.1621,52558.4331
5953,3754.1917,3331.1426,58493.28
5954,5636.3054,5687.7225,99716.8043
5955,7254.3985,7948.1145,135844.9556
5956,6364.963,6436.764700000001,109792.7562
5957,4710.3149,5200.4259999999995,89414.2945
5958,6002.5072,5217.2564,95957.6396
5959,6765.8399,4927.5404,102213.3588
5960,3331.093,2649.4992,49058.1597
5961,1835.1392,1810.9621,26715.201100000002
5962,2570.9788,2327.5939,41818.4729
5963,3119.9514,2488.864,56312.707500000004
5964,4365.4322,3051.0434,63405.5252
5965,8709.4173,5080.9462,82601.205
5966,6837.8807,3766.0256,63180.9769
5967,7771.9742,5142.4854,92454.2819
5968,6029.9137,5049.6538,81603.237
5969,4345.2843,3572.8544,56456.2902
5970,4383.2602,3205.8904,55803.0088
5971,2419.4629,1710.0422,41713.3162
5972,3783.2531,2441.0804,46644.1157
5973,3996.1483,2581.1136,47999.853
5974,3856.3362,2619.5604,53212.3301
5975,3021.4906,2134.0377,46957.786
5976,2575.3574,1870.1503,35797.2195
5977,2260.1833,1826.2849,29229.5578
5978,1421.1321,1276.7758999999999,19011.4104
5979,419.26820000000004,385.0713,7920.3889
5980,341.2585,305.2076,7058.6643
5981,312.00600000000003,280.96909999999997,6270.087
5982,264.0444,240.4726,5253.711200000001
5983,200.8876,178.833,3479.1767
5984,249.1148,178.2918,3399.0436
5985,420.9981,303.1223,7596.1912
5986,477.5061,347.1258,9064.2032
5987,479.78999999999996,347.8936,9068.0229
5988,444.3777,322.76279999999997,8343.3542
5989,206.0471,157.7249,1796.5971
5990,198.9136,169.3169,1653.248
5991,187.8584,160.5205,1514.2819
5992,436.9302,328.5716,3188.4875
5993,193.6731,134.50300000000001,1631.167
5994,212.5262,139.5286,3369.277
5995,220.8112,147.9852,3855.088
5996,202.0336,135.8953,3478.5279
5997,193.7838,130.0258,3331.6901
5998,253.8424,213.9432,4595.9075
5999,301.9064,279.3416,5581.0528
6000,292.1839,271.2102,5416.6032000000005
6001,281.6781,215.4871,4560.1005
6002,266.0412,216.0302,4426.507
6003,256.9124,206.2182,4016.887
6004,188.8006,160.7992,2407.161
6005,150.3411,133.9003,1492.8273
6006,144.7793,126.9675,1424.952
6007,90.3127,62.5453,775.5477999999999
6008,80.7454,51.1327,681.078
6009,95.1445,65.7312,1348.6426999999999
6010,98.3536,68.9836,1497.5707
6011,122.6545,97.362,1590.7028
6012,293.565,243.2361,4462.4465
6013,457.7093,365.3252,7146.4282
6014,484.8808,435.3553,7777.397000000001
6015,490.8644,464.4626,8079.985900000001
6016,522.0885999999999,468.4769,9336.105
6017,484.38009999999997,409.5603,9234.4182
6018,458.9459,387.0344,8530.5421
6019,267.0618,227.7775,2986.5908
6020,172.7841,147.876,1194.6254999999999
6021,84.1788,61.9724,610.5109
6022,84.2868,62.071,612.4279
6023,89.7287,67.0025,673.6342
6024,93.0268,69.9922,710.7301
6025,114.924,100.43900000000001,814.5837
6026,133.6219,119.28059999999999,922.5748
6027,148.8833,131.95080000000002,1027.4695
6028,214.0074,163.0341,1338.7172
6029,178.155,122.8329,982.8143
6030,166.4361,106.0935,894.1414
6031,166.4361,106.0935,894.1414
6032,166.4361,106.0935,894.1414
6033,177.2157,117.2799,1012.3395
6034,212.0883,153.4703,1394.7254
6035,310.1295,237.8101,1871.8519
6036,464.6665,353.2965,2759.8855
6037,333.5718,283.9046,2660.6276000000003
6038,324.6951,267.6755,2259.1124
6039,346.6872,308.8463,2459.3685
6040,413.2295,365.3848,2903.3608
6041,376.3322,318.8709,2591.08
6042,358.07779999999997,309.5057,4086.4491
6043,533.7606,454.1659,7518.166700000001
6044,908.5582,849.4333,16068.6328
6045,1372.3147000000001,1332.9959999999999,25786.5481
6046,1161.9682,1114.2592,18397.0081
6047,927.7957,963.8474,15960.785
6048,1274.5941,1300.9126,22508.763300000002
6049,2572.95,2090.704,39516.4958
6050,4344.5242,3453.9817,58558.5827
6051,4156.2335,3440.4833,60749.367
6052,2889.4863,2468.3,40197.5923
6053,2736.6629000000003,2285.079,42708.6033
6054,2288.7521,2064.961,33488.5167
6055,2314.8681,2083.6599,36333.4561
6056,2376.497,2290.1366,41978.9312
6057,2360.6407,2327.0931,44478.755600000004
6058,7069.5752999999995,6272.3938,91634.3312
6059,4656.1569,3306.6767,63652.8646
6060,1866.7072,1505.4704,24748.5044
6061,1507.5684999999999,1413.2828,20772.021099999998
6062,1823.32,1559.1922,27654.4714
6063,3098.4251,2277.5137,51354.2291
6064,15016.425,10646.1708,126818.9053
6065,9141.650099999999,5679.1589,88418.1211
6066,8285.3141,4790.4137,74334.5815
6067,7844.6275000000005,5078.1013,85432.2439
6068,6760.8203,5229.2852,81026.6309
6069,5814.093,4782.7636,70945.1393
6070,4173.6014000000005,3154.5892,53702.5374
6071,2303.988,1756.0517,38480.8575
6072,10299.032,10160.8623,106965.59270000001
6073,7984.2065,6850.1378,110620.42300000001
6074,4805.3854,3685.6639,72795.238
6075,3512.5245,2641.5206,51640.0147
6076,2643.5254999999997,1993.5063,34272.0195
6077,2510.1098,1900.8063,30926.269500000002
6078,1691.4632,1297.6432,21977.268799999998
6079,358.8335,302.2772,7599.5141
6080,344.2789,295.7255,7090.6109
6081,330.63259999999997,291.2597,6632.7035000000005
6082,324.6062,293.5737,6256.3535
6083,327.3089,304.3077,6038.5167
6084,404.0297,304.6803,7507.8562999999995
6085,483.0297,348.983,9073.674
6086,497.7777,360.8886,9182.684000000001
6087,480.5186,348.1386,9069.2412
6088,348.8922,251.5671,5951.3405
6089,130.041,94.40159999999999,1245.8421
6090,143.65720000000002,118.7707,1307.7274
6091,213.4209,162.7688,1678.48
6092,343.5088,257.0698,2678.4059
6093,305.8122,232.388,3273.4712
6094,278.725,194.6832,3943.9903
6095,337.0231,231.5513,5468.7694
6096,352.454,242.4804,5877.2842
6097,328.4578,229.9673,5488.9655
6098,302.0056,278.0267,5595.1514
6099,301.9064,279.3416,5581.0528
6100,301.9064,279.3416,5581.0528
6101,271.89230000000003,213.9307,4613.3669
6102,278.9454,222.0855,4468.4183
6103,276.4179,220.113,4252.3371
6104,176.5688,150.4464,1812.5638999999999
6105,190.282,183.0212,1890.9076
6106,195.3118,191.1968,1962.03
6107,178.6479,171.4869,1762.0323
6108,147.8311,132.8257,1582.6615
6109,99.0809,69.8449,1506.2497
6110,98.5778,69.5953,1501.4234
6111,163.7279,145.3274,1748.1143
6112,373.79040000000003,310.331,5867.3319
6113,500.5134,401.40819999999997,7925.8489
6114,497.0432,417.6186,7798.695600000001
6115,491.73380000000003,457.8706,8040.3998
6116,483.5977,431.7116,8624.7549
6117,480.9073,405.29019999999997,9166.3788
6118,480.4021,408.4994,9091.2336
6119,465.8419,402.1508,8602.4712
6120,186.1021,154.0331,3269.4312999999997
6121,96.24080000000001,74.5174,1060.2259
6122,86.1386,64.011,684.1671
6123,84.1788,61.9724,611.2118
6124,84.1788,61.9724,611.2118
6125,84.1788,61.9724,611.2118
6126,120.8164,108.1938,849.638
6127,136.6339,128.0373,956.9403
6128,201.8582,159.6206,1188.8376
6129,190.6516,142.0924,1094.0741
6130,166.4361,106.0935,895.1235
6131,166.4361,106.0935,894.1414
6132,166.4361,106.0935,894.1414
6133,178.2,118.3013,1023.1326
6134,277.8007,208.3703,1688.6644
6135,543.8033,443.7539,2967.7781999999997
6136,604.1771,500.6701,3235.1286
6137,466.4796,443.58050000000003,3143.3639
6138,349.8053,327.8532,2568.7398
6139,345.61809999999997,315.17379999999997,2485.2342
6140,349.2251,317.8523,2507.5171
6141,329.7934,318.9049,2510.0941000000003
6142,309.9571,271.6908,3134.6294
6143,635.7566,578.5581999999999,9990.8238
6144,1343.0136,1298.9473,25180.7012
6145,1375.3233,1332.9478,25824.0638
6146,1354.6393,1325.2789,23425.8839
6147,895.8565,960.3469,16400.4916
6148,3019.9102,2865.1396,46075.0862
6149,3439.5018,3042.6181,50648.4192
6150,2843.5344,2340.5781,42215.3066
6151,4297.977,3524.8062,64501.2574
6152,2990.5559,2632.4696,35380.5551
6153,2142.7911,1742.7835,25130.2723
6154,1237.5025,1218.5728,15568.0733
6155,1800.103,1628.6134,24310.4975
6156,1985.6149,1843.3279,33094.780099999996
6157,1781.5348000000001,1609.1232,29245.9826
6158,3949.0233,3272.7473999999997,50792.4864
6159,3214.2880999999998,2634.7556999999997,39787.8916
6160,2241.2801,1855.1956,30230.3441
6161,1372.841,1220.3717,18699.6918
6162,1633.6459,1358.4386,21966.8602
6163,2443.8265,1581.5968,28397.6509
6164,8697.3065,6340.5525,79454.5725
6165,12030.802099999999,8758.7027,100257.6082
6166,8448.083,6126.1492,63688.1275
6167,4328.3723,3000.1839,45476.1077
6168,4328.0086,2885.3799,52682.3252
6169,6887.1022,5776.8819,103415.8489
6170,3745.9076999999997,3119.9023,47722.191
6171,2885.2833,2079.8905,39016.8184
6172,3710.1407,2474.5873,54015.7083
6173,3331.04,2517.9462,45003.9386
6174,4146.7407,3199.5337,58617.9285
6175,3715.6139,2846.0317,60339.3725
6176,2877.7766,2277.8069,45986.8107
6177,2318.7391000000002,1750.2962,29048.8967
6178,1828.1894,1304.6772,26104.192
6179,503.46229999999997,382.9575,9960.1001
6180,359.9305,303.3301,7310.5997
6181,326.01300000000003,313.62629999999996,5901.5603
6182,321.2671,326.0598,5767.8675
6183,306.8019,307.3659,5713.1348
6184,596.6917,483.5489,9879.3708
6185,776.208,592.3518,11077.8737
6186,735.7008,549.9028,9927.2804
6187,731.4756,546.432,9837.2223
6188,428.0483,308.376,7179.3778
6189,69.18260000000001,42.9251,1002.2953
6190,57.485299999999995,38.7693,844.7917
6191,58.7474,39.3172,849.2189
6192,231.317,169.3699,2039.3568
6193,329.8113,249.8854,5036.4375
6194,362.8014,264.231,6151.0766
6195,352.46979999999996,242.8637,5879.641799999999
6196,353.0091,242.9385,5879.9492
6197,353.0091,242.9385,5879.9492
6198,296.5382,262.5464,5768.4776
6199,301.9064,279.3416,5581.0528
6200,301.971,284.2529,5677.6485
6201,264.42289999999997,209.0509,4630.0374
6202,261.5539,205.5787,3694.4515
6203,215.1431,171.7283,2505.4289
6204,174.7053,145.6591,1538.4271
6205,221.0769,218.1604,2164.8988
6206,238.9682,247.2443,2417.6073
6207,238.9682,247.2443,2417.6073
6208,230.2982,235.50220000000002,2408.4951
6209,137.1698,123.1883,1944.0203000000001
6210,140.2855,118.1991,1673.7412
6211,180.8525,163.9418,1852.042
6212,377.3628,305.7749,6106.1433
6213,498.2587,397.8009,7823.0275
6214,498.6623,396.3859,7672.8188
6215,489.3995,395.4513,7464.5922
6216,430.3137,362.7061,6659.6912
6217,556.5924,487.57980000000003,9505.8976
6218,569.1043999999999,517.1428,9185.1233
6219,509.8128,461.0777,8533.0267
6220,179.7227,152.0486,3593.3568
6221,133.0502,112.7991,2430.4545
6222,122.0651,101.3746,2021.5422
6223,85.45609999999999,63.3011,658.7641
6224,84.1788,61.9724,611.2118
6225,88.3771,67.2513,639.3883
6226,130.1402,119.7683,918.0176
6227,131.838,121.90299999999999,929.3082
6228,197.0222,156.0429,1162.1486
6229,191.6434,145.92430000000002,1110.4571
6230,189.2004,140.5727,1085.6746
6231,170.1287,111.5821,924.5147
6232,166.4361,106.0935,894.1414
6233,213.6522,143.3415,1100.6905
6234,498.0811,376.5962,2411.9392000000003
6235,563.2012,444.4033,2841.4286
6236,570.2768,454.0854,2909.0944
6237,550.3337,434.1797,2787.2511999999997
6238,380.9099,336.4139,2534.292
6239,345.61809999999997,315.17379999999997,2485.2342
6240,345.61809999999997,315.17379999999997,2485.2342
6241,330.9983,314.5795,2468.5722
6242,308.1284,344.9799,2551.5382
6243,788.0534,734.0241,6890.2579
6244,1142.1574,1069.2692,15970.9762
6245,1913.9969,1867.2811000000002,32301.8253
6246,2219.9051,2092.7004,33624.6677
6247,2087.3712,1969.7051999999999,32852.1918
6248,2769.9208,2707.0149,43301.1058
6249,3214.5086,3356.3988,42476.3371
6250,2942.9335,2517.8073,39833.1167
6251,3188.8412,2391.7656,48453.7171
6252,3527.5777,2840.9736,46404.3234
6253,2218.4806,1550.5536,27374.4521
6254,1267.7981,1195.0282,14881.2356
6255,1390.4282,1275.4312,14918.3719
6256,1215.8339,1001.5998,16278.6152
6257,1363.0272,1100.4364,21544.7986
6258,2287.8334,1690.9709,35189.797399999996
6259,2640.4863,2170.5983,34050.1091
6260,5140.4953,4094.4704,87495.7691
6261,1853.145,1632.5425,29195.2272
6262,1551.6906999999999,1245.6793,18778.9366
6263,2235.6453,1555.1301,25811.7362
6264,7474.5035,5505.6326,68733.3183
6265,9662.4859,7499.5197,69700.3673
6266,5840.7544,4690.519200000001,43888.169499999996
6267,5271.9982,3942.6295,44772.334
6268,6061.3051,4468.1544,71408.6325
6269,6241.4285,4591.7443,70166.2066
6270,4351.5232,3667.3447,46869.026
6271,4016.4797000000003,3380.2039,38950.9749
6272,3313.7014999999997,2448.8991,34579.9487
6273,3173.0043,2524.4494,50267.3007
6274,3801.0158,3069.8601,52444.9804
6275,2035.7758999999999,1773.2048,35347.977999999996
6276,1616.0667,1495.3357,28624.9529
6277,1861.2334,1375.0044,29545.323
6278,1714.9391,1149.5194,27647.0503
6279,1471.5095000000001,1004.665,23709.971100000002
6280,398.8548,369.5679,6161.4538999999995
6281,323.5776,321.704,5762.2314
6282,318.464,320.0768,5670.4169
6283,334.6359,324.6116,5798.9984
6284,833.0016999999999,659.4882,11925.3034
6285,868.7739,679.7876,12461.6546
6286,791.8059000000001,604.8034,10944.2012
6287,739.9562,554.2899,9921.9523
6288,572.0359,419.1719,8623.1051
6289,158.4975,108.16029999999999,3362.7559
6290,58.9221,43.686099999999996,957.8042
6291,59.9215,45.5156,998.1365999999999
6292,317.6119,235.2409,5194.2675
6293,486.2688,365.29179999999997,8943.8437
6294,426.8175,322.9362,7299.6177
6295,475.6615,349.237,7242.8501
6296,617.9113,449.9704,10016.67
6297,766.9929,566.8841,12717.9103
6298,614.3783,483.6999,10624.090900000001
6299,229.7816,218.7461,4180.8471
6300,285.4492,282.665,5530.463
6301,166.35569999999998,136.8876,2605.0112
6302,205.6671,165.1244,2292.2263
6303,173.3642,142.0539,1504.5751
6304,174.6152,142.6342,1507.3383000000001
6305,190.8901,169.0895,1738.2241999999999
6306,238.8414,247.0384,2415.8251999999998
6307,238.9682,247.2443,2417.6073
6308,238.9682,247.2443,2417.6073
6309,194.62969999999999,187.1953,2370.8206999999998
6310,203.1517,173.3874,2693.6293
6311,275.77049999999997,209.6736,4017.8092
6312,301.6174,217.71970000000002,4780.636
6313,413.2812,320.4729,6169.3076
6314,352.5029,288.5472,4640.5288
6315,280.2159,234.5142,2888.6692000000003
6316,395.885,319.1272,4422.9597
6317,562.0211,504.2512,8742.5377
6318,585.2466000000001,530.131,9346.4009
6319,485.7225,442.5308,8000.853
6320,133.0502,112.7991,2430.4545
6321,133.0502,112.7991,2430.4545
6322,133.0502,112.7991,2430.4545
6323,97.8564,75.112,1093.7063
6324,89.3967,65.3009,753.9182
6325,104.119,84.4257,938.0448
6326,135.70409999999998,124.3524,1037.7241
6327,137.7965,125.08579999999999,952.0179
6328,203.8885,160.6255,1240.9876
6329,181.38119999999998,142.2617,1084.7314
6330,198.6773,157.4637,1177.0037
6331,193.2195,147.8779,1126.1124
6332,170.1749,113.8441,937.788
6333,385.6622,280.4395,1864.1000000000001
6334,537.3864,409.608,2598.9704
6335,536.2035,409.1083,2596.9101
6336,537.9456,409.8443,2599.9072
6337,537.9456,409.8443,2599.9072
6338,449.788,409.1423,2615.6882
6339,370.0978,408.63530000000003,2632.5327
6340,365.1406,405.1574,2625.7044
6341,369.70889999999997,443.6117,2771.9865
6342,487.1754,543.0243,3889.3329
6343,692.4452,767.0183,5920.001
6344,1296.9485,1323.3755999999998,14712.12
6345,5154.5516,5461.8048,77452.3971
6346,2284.6752,2149.3269,34005.0016
6347,2276.1983,2132.3572,34112.2329
6348,1900.5143,1961.4655,32811.079
6349,2245.4209,2571.8334,29843.8116
6350,2820.9629,2684.2251,36321.0669
6351,2792.1174,2202.2143,41924.7032
6352,3296.4222,2367.7076,52343.3706
6353,2501.2702,1803.2418,32304.4822
6354,1560.2764,1388.2379,17139.178
6355,2189.5054999999998,1499.2475,19020.4147
6356,1681.922,952.7423,17135.9771
6357,1418.7928,991.4165,20919.5986
6358,3834.9,2574.7780000000002,77629.8953
6359,3331.4120000000003,2491.4422,46029.0336
6360,3645.7218,2658.2833,44864.2791
6361,2857.4168,2266.1391,30801.8144
6362,1726.9075,1790.2313,19602.8953
6363,2241.23,1734.6582,25293.3483
6364,2764.9198,2239.0384,41496.8211
6365,3919.7500999999997,3186.5703,28968.4942
6366,3872.6395,3202.2944,22719.4875
6367,3517.3752999999997,2845.8423,28295.7725
6368,5056.2635,3893.4081,52765.8921
6369,4212.9185,3576.1083,47248.6642
6370,4118.0597,3751.0288,51016.5314
6371,5115.4578,4818.6805,71713.9455
6372,4829.4622,4596.2072,65724.7955
6373,3229.1122,2641.146,50699.1475
6374,3555.0755,3195.3748,52002.8976
6375,2836.9642,2692.954,44626.978
6376,1495.3652,1299.4625,26133.6888
6377,1493.2037,1093.3133,23388.3521
6378,1128.4649,818.5245,17019.3376
6379,931.0225,707.297,13514.2225
6380,569.3062,504.456,7313.9338
6381,429.47360000000003,412.7522,6280.2275
6382,315.3115,318.59250000000003,5749.9827
6383,513.5532,442.3415,6562.9049
6384,847.4261,660.4205000000001,11714.4916
6385,881.0693,691.7669,12704.0861
6386,881.0693,691.7669,12704.0861
6387,874.0697,684.9469,12566.0777
6388,668.2725,511.5688,10423.9182
6389,173.4157,126.48519999999999,3809.3784
6390,64.8472,65.1637,1457.8334
6391,65.2795,65.6114,1466.8391000000001
6392,400.2203,302.0484,7535.6939
6393,497.4726,373.6205,9216.174500000001
6394,562.1652,424.2886,9536.5501
6395,1156.4278,894.3744,18702.6657
6396,1281.3559,982.7078,21184.6238
6397,1270.7328,964.0789,20950.191
6398,752.0801,588.5022,11848.0735
6399,114.434,122.6506,2614.5938
6400,135.0006,145.5456,3041.3251
6401,63.4784,60.5243,638.7108
6402,161.1781,132.5358,1403.0235
6403,172.5624,141.6815,1502.4454
6404,174.6152,142.6342,1506.9252000000001
6405,171.5781,141.21359999999999,1497.8100000000002
6406,222.4883,220.45469999999997,2185.3631
6407,236.9152,244.72129999999999,2396.4079
6408,241.75730000000001,246.4669,2418.2191000000003
6409,304.44509999999997,274.55559999999997,4001.5827999999997
6410,305.4483,225.2824,4893.2412
6411,300.7678,215.8229,4719.5437
6412,308.4362,226.3912,4597.1737
6413,315.7858,229.3671,4127.7796
6414,242.6009,206.9805,2421.9095
6415,335.1092,274.0061,3555.1686
6416,391.8908,314.702,4320.0393
6417,467.96090000000004,399.4409,6296.9418000000005
6418,510.6257,457.8389,8115.6126
6419,290.6804,259.0856,5023.6139
6420,126.4664,108.1031,2482.5939
6421,131.3298,111.5775,2433.1585
6422,130.1195,108.0526,2279.6499
6423,115.5702,85.1966,1547.4071999999999
6424,119.7379,95.272,1465.3292999999999
6425,130.7942,114.3579,1502.9398
6426,156.7511,139.7503,1462.9605
6427,170.39,160.2401,1201.326
6428,183.1112,183.4116,1270.8853000000001
6429,174.4438,167.1644,1344.3709
6430,195.9736,160.24269999999999,1186.6842
6431,208.1702,167.6517,1267.0552
6432,316.0885,224.75050000000002,1604.7038
6433,994.5864,844.0469,5573.9748
6434,590.1465000000001,460.9538,3263.0544
6435,534.8858,415.6125,2638.0998
6436,537.9456,424.5302,2614.6567
6437,499.7179,432.3295,2635.0712
6438,385.73109999999997,446.7778,2689.46
6439,377.7549,448.8152,2694.8205
6440,377.9404,450.4294,2697.6767
6441,497.53909999999996,617.9882,3612.7747999999997
6442,551.7326,599.765,4117.8659
6443,507.1399,555.5038000000001,3996.4053
6444,1426.9779,1462.5714,18233.2739
6445,2915.9542,2794.1027,43628.5616
6446,3292.7342,3437.3832,41223.7611
6447,2615.224,2553.2013,37331.1274
6448,2165.785,1974.1194,34598.294200000004
6449,1694.657,1739.0952,24372.0589
6450,2005.4567,1833.2074,26144.358500000002
6451,2717.7491,2256.3855,38833.5135
6452,2634.1526,1986.6428,36856.151
6453,2205.4318000000003,1734.9684,28848.3825
6454,1433.9857,1193.3363,14713.8697
6455,1532.5551,1003.7349,12552.2676
6456,3565.4719,1995.5072,33384.4688
6457,4843.011,3235.5780999999997,61186.3673
6458,4761.8716,3168.7687,59224.8781
6459,4537.5005,3190.8908,51916.2593
6460,4726.7023,3430.5113,69956.2103
6461,2766.2461,2472.7491,42109.7047
6462,2340.784,1920.446,27492.3073
6463,2265.4495,1576.5059,22677.117299999998
6464,3512.9038,2007.6731,29006.499499999998
6465,4000.6631,1846.3783,19960.983
6466,2096.8275,1641.8761,11331.893
6467,2054.8775,1621.455,16854.3887
6468,3496.9285,2850.4686,36309.6674
6469,3541.8485,3236.0821,38847.9671
6470,3452.5029,3008.1997,35261.0513
6471,3942.0715999999998,3712.6213000000002,46122.3744
6472,3358.8462,3381.1229,31652.2826
6473,2223.431,1993.7328,31903.2305
6474,2487.7325,2283.9503999999997,35668.5674
6475,1560.7307,1288.6626,25652.031300000002
6476,1150.7814,889.7570999999999,19024.5107
6477,644.8183,524.7004000000001,9650.0785
6478,743.488,595.5173,10482.8845
6479,737.6253,589.5459000000001,10245.1122
6480,487.831,424.4827,6640.405
6481,477.8737,435.0488,6330.0187
6482,394.611,398.68,5338.8906
6483,784.2085999999999,600.8112,9465.9992
6484,909.0332,667.2664,11360.2603
6485,909.918,703.8556,13447.7883
6486,884.5707,693.6357,12822.6984
6487,880.0011000000001,690.7632,12671.5063
6488,659.8382,474.4636,8691.6503
6489,277.2076,187.6453,3758.9788
6490,66.7103,66.4114,1487.8214
6491,65.1152,65.5767,1466.7378
6492,404.5192,306.1633,7577.8623
6493,497.4726,373.6205,9216.174500000001
6494,498.1095,374.1168,9219.7981
6495,1098.38,848.7675,18366.1017
6496,1268.4148,983.9716,21225.7555
6497,1052.9313,818.4679,18468.0164
6498,148.73329999999999,138.0892,2763.1761
6499,89.7386,91.11019999999999,1881.0676
6500,94.4175,90.7724,1818.0974
6501,59.4258,57.4496,594.2835
6502,110.9769,94.7581,988.1068
6503,174.6152,142.6342,1506.9252000000001
6504,174.6152,142.6342,1506.9252000000001
6505,174.6152,142.6342,1506.9252000000001
6506,180.9323,152.9022,1597.8691999999999
6507,230.476,234.3835,2306.9206
6508,238.9682,247.2443,2417.6073
6509,320.5637,288.2031,4195.1412
6510,305.7875,226.9848,4761.363
6511,299.4983,218.3649,4266.2472
6512,328.8792,235.6763,4380.6116
6513,325.5581,233.6586,4244.1581
6514,294.0483,240.90890000000002,3125.8605000000002
6515,389.1735,313.7204,4323.7387
6516,376.4849,302.4489,4174.9219
6517,225.5805,183.1243,2785.7875
6518,120.37180000000001,104.5153,2641.7533
6519,113.0099,98.01429999999999,2568.0445
6520,113.0099,98.01429999999999,2568.0445
6521,106.6518,89.7257,2240.3972
6522,108.6216,81.7239,1491.8611
6523,133.6333,113.4399,1435.5783
6524,144.383,128.453,1429.9873
6525,146.92849999999999,131.0681,1415.9956
6526,151.9754,135.7516,1427.3911
6527,292.2974,230.7844,3099.5445
6528,289.4463,273.8766,3516.8671
6529,154.0309,229.812,1583.9265
6530,130.995,179.1678,1157.9379999999999
6531,144.0074,173.9094,1192.8812
6532,525.4119,413.0083,3090.888
6533,1254.6825,1120.5767,7764.296
6534,812.9695,707.5504999999999,5006.3148
6535,538.8933000000001,729.7934,3918.1515
6536,493.8073,494.1826,3336.836
6537,502.484,554.0325,3680.4167
6538,432.0412,514.1792,3286.0172000000002
6539,468.7215,559.8805,3717.433
6540,509.6471,615.5916,4034.786
6541,601.9088,693.1805,4312.5947
6542,603.2789,673.8977,4297.8225
6543,507.4479,585.5001,4123.7034
6544,560.1242,815.821,5127.3204000000005
6545,1850.9581,1969.0244,24901.8397
6546,2906.4093,3092.7351,38376.7264
6547,3238.1199,3409.1588,40166.2874
6548,1929.0063,1788.2936,27862.8211
6549,1506.8063,1584.5863,18736.2511
6550,1267.6574,1164.9954,19326.6724
6551,1455.6806,1324.6167,19443.2461
6552,1748.4864,1499.5743,20912.0138
6553,1668.0417,1266.0476,18037.8169
6554,1325.2755,1038.8613,11709.2461
6555,817.1885,701.7307,8297.2147
6556,2534.5694,1695.411,25752.0081
6557,6912.2854,3774.6522,78321.0362
6558,7207.1164,4163.9574999999995,77405.9083
6559,5156.8777,3722.7761,53565.8757
6560,4957.6468,3484.0704,64730.4246
6561,2608.9399,2315.7201,37782.6
6562,2477.4274,1819.7471,29286.914
6563,2261.9053,1499.7547,22240.5508
6564,7098.2887,2410.8763,39166.5914
6565,7612.7304,3644.3899,61401.8496
6566,3181.4154,2478.7939,32979.3194
6567,2499.1617,1868.7558999999999,29634.449099999998
6568,2862.4882000000002,2109.5984,36353.8693
6569,3311.6914,2745.9436,33609.5514
6570,3336.376,2824.7736,32585.721700000002
6571,3318.097,2833.9183000000003,32681.6976
6572,2367.2789000000002,2155.0962,24399.3764
6573,2249.2088,2025.5268,31523.2284
6574,3158.3037,2830.5467,47240.1921
6575,1543.0185999999999,1254.0777,26524.1742
6576,935.091,709.7538,17210.1961
6577,931.9833,678.6372,16452.3442
6578,1435.1073999999999,976.4691,24507.202
6579,1145.5806,821.4205,18329.6695
6580,452.1481,398.841,6444.9519
6581,321.3993,310.62620000000004,4755.1821
6582,334.7039,328.6867,5150.4874
6583,825.3811000000001,618.3592,10666.9207
6584,906.28,664.1986,11281.9968
6585,999.5006,751.7081000000001,16297.8074
6586,1000.3431,756.2857,16559.906600000002
6587,815.4199,601.8991,11831.0075
6588,566.4091,372.6639,6427.9095
6589,481.5632,316.1811,5727.0833999999995
6590,97.5387,82.7537,1844.837
6591,147.1555,125.9114,2244.8208
6592,500.8035,376.8746,8234.2911
6593,497.4594,373.5913,9208.7429
6594,497.5177,373.6483,9216.2787
6595,722.5316,561.9148,11909.7614
6596,627.6237,484.1918,10363.3405
6597,415.4683,313.9909,6548.0685
6598,230.7595,192.68789999999998,3591.4691
6599,92.4011,94.8663,1864.8944
6600,85.0195,85.0224,1721.4973
6601,59.4258,57.4496,594.2835
6602,71.0942,66.3888,691.5351
6603,172.1591,141.9011,1492.2308
6604,176.06,144.1977,1522.8207
6605,174.6152,142.6342,1506.9252000000001
6606,174.6152,142.6342,1507.89
6607,198.133,183.4285,1891.2359
6608,302.9256,276.8342,3896.7687
6609,313.226,240.8295,4757.3631000000005
6610,274.1685,181.6275,4409.2038999999995
6611,248.8957,172.8432,3796.2653999999998
6612,288.7774,208.7715,4209.0138
6613,297.1718,215.712,4064.6762
6614,284.0667,232.1043,3223.1486
6615,287.75870000000003,235.7536,3438.2771
6616,130.1084,108.6222,1909.7568
6617,95.8352,80.05409999999999,1555.6664
6618,113.0099,98.01429999999999,2568.0445
6619,113.0099,98.01429999999999,2568.0445
6620,113.0099,98.01429999999999,2568.0445
6621,99.4183,80.8086,2019.3787
6622,101.9871,81.979,1418.8247999999999
6623,148.3637,132.4595,1406.9735
6624,148.4368,132.6198,1407.7238
6625,148.4368,132.6198,1407.7238
6626,148.4368,132.6198,1407.7238
6627,317.4321,243.4972,3530.9502
6628,325.7798,282.9777,4078.4082
6629,198.0581,258.4125,2277.493
6630,132.4757,232.8161,1212.1193
6631,214.9863,283.1367,1397.0846999999999
6632,523.3163999999999,573.6546,3094.4184
6633,682.4781,645.5948,4264.0042
6634,1524.1691,1931.1045,8951.3929
6635,1109.7684,1534.3922,6863.9746000000005
6636,583.1166000000001,641.9935,4026.1366
6637,507.2275,558.7135,4130.3588
6638,534.0681,615.8773,4448.9329
6639,534.0681,651.4357,4487.766799999999
6640,543.2704,649.7475,4428.6587
6641,603.2789,694.0864,4317.553
6642,603.2789,703.8312,4327.5392
6643,507.4479,615.61,4196.762
6644,614.885,901.7437,5005.6739
6645,2217.7494,2362.3903999999998,28579.6108
6646,2312.0199,2354.1176,34443.559
6647,2905.2174999999997,2732.8965,36926.720499999996
6648,1401.1394,1596.2576,12935.0702
6649,1026.2177,1208.9746,10458.644100000001
6650,707.2385,638.2289,13583.1423
6651,981.9513000000001,857.4466,14054.499
6652,1477.9228,1171.9596999999999,17933.863699999998
6653,1672.2723,1278.5953,18142.365
6654,1412.6863,1143.9271,13806.3447
6655,922.1913,796.4897,9161.5321
6656,2506.8653,2124.1167,33572.5136
6657,3665.8502,3083.4637000000002,55921.2465
6658,5071.4387,3993.713,47927.453199999996
6659,4008.7839,3806.1978,44604.1982
6660,3014.6133,2673.7825,27935.331
6661,2205.3449,1808.5362,26772.2971
6662,3043.1151,2598.0421,42331.994099999996
6663,2830.0848,1893.9392,32533.5173
6664,2649.8486,1743.0178,35345.9113
6665,3594.5735,2742.2874,44813.5117
6666,1870.9021,1436.1405,22519.4239
6667,2457.7237,1815.1557,31461.2962
6668,2097.8677,1559.4683,27489.5538
6669,1757.8328999999999,1414.8982,19585.4777
6670,2736.9692,2359.6164,29208.2387
6671,3447.0202,2659.0044,49288.3887
6672,3196.9456,2317.681,48744.6342
6673,2828.4611,2485.9266,41361.5015
6674,4209.1925,3706.4846,62400.1232
6675,3662.7452,3071.6815,47853.659
6676,684.0723,594.9666,12249.848399999999
6677,460.0914,412.9885,9349.6243
6678,455.7432,410.48789999999997,9310.996500000001
6679,707.9387,555.8054,13404.102
6680,353.8308,344.1045,7085.888
6681,258.6448,268.9575,4014.4746999999998
6682,240.5259,261.8564,3972.6933
6683,681.9451,536.4695,9603.2137
6684,802.6166,610.4082999999999,10535.3067
6685,932.3176,688.6409,12682.9859
6686,999.1468,751.3762,16278.726
6687,876.9025,644.5894,13766.5067
6688,566.332,372.581,6427.5192
6689,566.2906,372.5315,6427.3421
6690,426.249,306.8971,4978.1237
6691,576.0455999999999,432.5269,6627.8572
6692,597.4816,446.7796,6889.9455
6693,560.949,420.5366,7752.7309000000005
6694,691.6443,513.4336999999999,12410.65
6695,895.5486,657.0494,15433.7391
6696,462.443,349.0389,7294.2282
6697,349.45,258.3213,5460.4398
6698,357.4941,267.6569,5495.3461
6699,164.7468,141.8449,2414.8257
6700,78.7712,73.164,1461.7672
6701,59.4258,57.4496,594.2835
6702,147.87890000000002,127.20660000000001,1288.6341
6703,222.7826,186.1904,1875.9197000000001
6704,218.5515,183.0122,1856.4225000000001
6705,201.1336,169.5079,1740.7286
6706,334.61379999999997,259.4463,5189.0948
6707,345.7566,275.438,5746.0145
6708,357.0949,281.7594,5737.1803
6709,309.4387,230.4495,4978.6912
6710,283.9595,210.952,4640.0805
6711,248.39260000000002,179.251,4176.659
6712,277.2645,203.3791,4223.8447
6713,286.7857,205.709,4037.7246
6714,194.7346,152.33849999999998,2370.4989
6715,93.792,79.5616,1564.642
6716,89.3793,75.9606,1519.8363
6717,83.8597,71.2471,1447.254
6718,97.5723,83.8557,2023.0289
6719,110.9473,96.07249999999999,2490.4044
6720,110.9171,96.0744,2476.0701
6721,92.8573,74.876,1663.4216999999999
6722,121.5127,102.0077,1320.586
6723,160.0746,139.3371,1606.8156999999999
6724,157.73770000000002,135.317,1594.1538
6725,153.9322,135.1333,1480.7192
6726,246.6114,184.928,2482.3622
6727,317.22520000000003,225.9925,3429.4987
6728,329.2129,295.4894,4177.2916000000005
6729,258.9558,293.096,2983.0179
6730,159.6372,285.2894,1339.2488
6731,284.19579999999996,391.7358,1638.0485
6732,716.3784,864.593,4379.6177
6733,740.1463,839.3979,4610.785699999999
6734,692.8415,968.5495,4617.8499
6735,653.4405,1001.518,4555.7315
6736,680.1383,803.673,4483.7455
6737,581.3106,664.2637,4434.5575
6738,526.2442,635.8861,4452.8027999999995
6739,521.3855,652.0362,4376.7126
6740,476.9943,638.6461,3961.7283
6741,517.4471,656.129,3984.3622
6742,591.5614,676.4146000000001,4274.8314
6743,523.043,776.0906,4344.958
6744,1041.2595,1346.6216,7158.8904999999995
6745,2212.3459,2165.3747,21988.6858
6746,2065.0555,1998.1334,23727.509000000002
6747,2502.7307,2580.1554,30535.8797
6748,1320.6413,1541.4086,11832.2368
6749,1014.3296,1135.1504,9914.7078
6750,782.9425,667.2769,11790.2061
6751,1483.4405,1384.5736,22187.3578
6752,2387.269,2038.1752999999999,28606.6746
6753,3846.3349,3715.0908,34020.0956
6754,2183.8033,1928.8718999999999,23046.4273
6755,1712.5582,1446.545,18378.3149
6756,2801.1963,2467.1206,36953.5217
6757,3458.2711,2937.1317,50506.932
6758,4390.8034,3446.2184,44513.3673
6759,2992.3749000000003,3177.248,36674.356
6760,2314.4571,2216.161,30366.283799999997
6761,2411.6233,2083.3601,33628.0146
6762,3311.5244,2976.6945,49836.0144
6763,3447.346,2442.8091,35569.6953
6764,2675.0063999999998,1748.6543,32904.2565
6765,1422.1786,979.8569,14964.8566
6766,986.4705,764.6806,10085.0752
6767,1062.6002,848.9516,10873.9519
6768,1349.3826,1102.6885,17423.0361
6769,1284.3523,1009.9115,16928.2843
6770,2071.5951,1792.029,25461.485
6771,2958.6468999999997,2527.5265,43596.1363
6772,3753.2218000000003,2578.1032,59064.5696
6773,2518.9528999999998,2167.7894,36168.9558
6774,2795.5393,2272.5083,32812.848
6775,2779.6692,2051.1053,25913.116299999998
6776,464.6115,418.546,9366.085500000001
6777,455.7432,410.48789999999997,9310.996500000001
6778,455.7432,410.48789999999997,9310.996500000001
6779,507.8831,459.8576,10453.2487
6780,551.1406,523.9978,11236.1179
6781,348.2187,330.3492,5449.8123000000005
6782,274.5141,276.76529999999997,4069.513
6783,577.4211,474.4189,8562.5686
6784,746.7155,600.1698,10135.3469
6785,869.5154,721.3894,11032.6039
6786,909.6767,713.154,12540.316
6787,839.3312999999999,700.1794,12999.24
6788,540.1965,410.6485,5964.7313
6789,556.4509,373.205,6232.032
6790,544.8669,403.7529,5986.7751
6791,598.5175,447.6696,6891.1287
6792,598.5175,447.6696,6891.1287
6793,596.0046,447.8334,6888.4258
6794,1000.1969,715.8512000000001,17766.809
6795,1068.7496,756.1427,19300.9463
6796,732.735,515.182,13078.0345
6797,192.1183,136.3675,2798.337
6798,192.1183,136.3675,2798.337
6799,192.1183,136.3675,2798.337
6800,102.5307,80.5232,1800.3089
6801,99.8536,89.5803,918.3072
6802,220.3355,184.263,1856.8478
6803,222.83419999999998,186.2295,1876.338
6804,222.83419999999998,186.2295,1876.338
6805,253.1886,204.4795,2672.6445
6806,369.0636,289.3869,6055.0313
6807,436.81329999999997,344.5128,7685.8911
6808,346.1303,273.7926,5198.213
6809,294.4158,222.3554,4606.1885
6810,242.0964,182.3062,4216.4816
6811,239.2301,180.4084,4182.8785
6812,244.9038,184.4462,4199.5687
6813,246.3356,172.7078,3764.1141
6814,146.4983,112.1768,1901.4006
6815,79.4568,67.8299,1389.5404
6816,75.772,64.81139999999999,1341.1663
6817,75.4766,64.5694,1337.2901
6818,75.55199999999999,64.6018,1336.3676
6819,77.1983,65.8215,1340.0087
6820,84.7367,84.7649,1249.0557000000001
6821,108.8083,113.3214,1203.1288
6822,147.6245,137.8317,1297.5811999999999
6823,180.3379,151.347,1949.8365999999999
6824,180.9375,151.4307,1963.4989
6825,201.176,161.3906,2126.6025999999997
6826,319.5503,222.69670000000002,3278.1261
6827,356.3066,246.3749,3382.8858
6828,465.3417,420.194,4381.3823999999995
6829,328.19780000000003,432.6436,2337.1032999999998
6830,294.1887,433.2223,1824.4196
6831,312.02139999999997,442.87579999999997,1817.7665
6832,751.6263,907.8674,4630.772
6833,769.8396,909.3854,4763.0545
6834,770.2564,894.8494,4750.9048999999995
6835,851.4128,997.8954,5299.9524
6836,947.6916,1046.1267,5797.325
6837,754.3733,924.3337,5252.925200000001
6838,596.462,753.0352,4520.2636
6839,446.0724,599.6108,3674.3099
6840,444.9937,634.6351,3711.831
6841,444.9937,600.6591,3674.5529
6842,444.5333,530.2379,3611.2402
6843,587.2868,764.0984,3986.6985
6844,669.1554,822.277,5144.567
6845,1437.1214,1183.7634,16535.0972
6846,1413.6069,1273.2218,14997.8747
6847,1242.9174,1443.9203,11953.646
6848,703.7241,772.1951,9114.5815
6849,741.9614,568.2031000000001,8552.5085
6850,988.6987,834.2262,10650.5425
6851,2063.725,1895.6356,29015.875
6852,2961.8153,2397.8932,34784.4884
6853,3274.8878,2913.1327,34733.8545
6854,2116.5997,1852.0569,24823.6624
6855,1832.083,1644.3396,24644.9018
6856,2515.8427,2308.5362,32264.6475
6857,2795.4732,2621.6559,37735.4543
6858,2504.6281,2343.8078,38162.0824
6859,1944.7459,2014.3938,27787.7262
6860,1924.8604,2010.2546,27618.0746
6861,2143.0795,1902.6767,28423.3679
6862,2446.4929,2176.0286,28012.2271
6863,2533.4754000000003,2135.3117,27800.2328
6864,1838.5506,1370.4627,22850.497199999998
6865,1198.9676,1026.1073,14656.4479
6866,1274.2461,1159.5353,16150.4437
6867,1337.4286,1229.3752,18033.3181
6868,1409.4134999999999,1230.4603,18720.5934
6869,1306.5363,1113.018,20991.7203
6870,1770.7576999999999,1597.5392,28218.0022
6871,2872.1615,2537.8503,38959.0372
6872,2917.7315,1933.3385,39611.1971
6873,2784.7223,1949.2005000000001,37698.1945
6874,2365.4343,2013.242,33495.1695
6875,2125.2758,1997.0395,31183.2426
6876,1396.4867,1338.7624,21324.5591
6877,1052.2667999999999,850.6328,19301.8325
6878,1099.949,902.4465,19030.2622
6879,939.2552000000001,836.4696,17969.9304
6880,974.8924,869.6972999999999,18437.7954
6881,450.7342,425.0261,7823.9633
6882,381.6463,363.2274,6011.1084
6883,469.2878,431.5115,7549.3861
6884,673.8824999999999,594.8194,9278.148799999999
6885,1353.1361,1407.8654,13767.6336
6886,534.7927999999999,594.956,5042.1976
6887,442.1535,587.158,3521.7973
6888,315.6532,417.0702,2607.6515
6889,206.0586,171.415,2247.0134
6890,437.3229,333.6678,4586.0158
6891,598.3083,447.5912,6890.7603
6892,598.5175,447.6696,6891.1287
6893,607.3245000000001,462.08160000000004,7571.4783
6894,1043.9525,741.5683,18746.0431
6895,1068.7496,756.1427,19300.9463
6896,808.4897,580.1922,14362.5518
6897,204.1267,151.4769,2982.2064
6898,192.1183,136.3675,2798.337
6899,192.1183,136.3675,2798.337
6900,96.3549,69.5416,1751.5203
6901,187.5629,157.4797,1606.14
6902,222.83419999999998,186.2295,1875.7404
6903,222.83419999999998,186.2295,1876.338
6904,264.4121,213.4912,2945.3878
6905,415.1474,321.9275,7019.9731
6906,444.6545,350.1842,7963.1637
6907,415.9099,326.498,7315.4101
6908,230.5354,191.973,3433.8125
6909,161.4465,135.5309,2333.0591
6910,162.2505,142.459,2440.8503
6911,182.8657,155.0019,2927.3527
6912,179.3553,153.7377,2705.5912
6913,146.3802,132.4191,1755.5943
6914,135.4676,109.8794,1433.7930000000001
6915,76.4273,65.0863,1352.5328
6916,75.4766,64.5694,1337.2901
6917,75.4766,64.5694,1337.2901
6918,75.4766,64.5694,1337.2901
6919,76.8873,68.75099999999999,1320.7371
6920,104.7722,110.2191,1210.7499
6921,134.205,136.5008,1157.731
6922,142.8381,144.735,1150.8482
6923,173.4275,154.7573,1725.9269
6924,191.059,159.1463,2123.9605
6925,239.1275,194.1688,2866.6164
6926,530.6617,390.83820000000003,6917.512
6927,484.84250000000003,327.39529999999996,5270.6451
6928,406.0337,382.8283,3909.1839
6929,320.7378,433.78340000000003,2426.1336
6930,294.7425,433.5258,1835.1028000000001
6931,294.1887,433.2761,1824.4729
6932,711.3236,900.8387,4604.3314
6933,751.2179,881.6174,4695.2112
6934,776.6373,893.2255,4764.1878
6935,881.476,988.5376,5377.054
6936,963.711,1058.2934,5852.8221
6937,793.0157,967.0805,5876.5086
6938,645.7035,816.7613,5012.6016
6939,500.37149999999997,605.099,5394.8048
6940,465.45029999999997,631.3446,4385.1283
6941,445.3927,585.5587,3730.4062
6942,523.4862,639.1402,4078.4228
6943,521.1793,695.3891,3780.7774
6944,1065.8179,962.6996,14286.3947
6945,1184.8784,1022.0391,16673.613
6946,959.3474,872.4501,12788.3142
6947,723.7889,742.6505,8115.924
6948,401.5868,392.8137,6436.5977
6949,548.4392,438.2828,6418.8519
6950,936.2506,808.8587,11506.2301
6951,1440.4286,1200.2474,16266.7118
6952,1561.8109,1327.5,16877.3362
6953,2051.3867,1757.0318,22266.077
6954,1936.7749999999999,1659.0993999999998,25832.953999999998
6955,2212.2293,1895.6351,28332.3276
6956,3028.3622,2546.8997,34479.5655
6957,2762.4952,2396.3323,30170.425
6958,2838.7408,2721.193,36316.4495
6959,2463.7694,2546.9922,31569.905
6960,1956.0287,2001.3789,27767.6593
6961,2220.3743,1591.4309,27542.426199999998
6962,2177.344,1610.7712000000001,25007.2846
6963,2093.4686,1569.7471,24812.6502
6964,1204.3500999999999,1042.7526,15533.2989
6965,1112.9617,1020.2409,14512.891
6966,1403.0546,1300.8262,19170.9113
6967,1476.963,1367.9070000000002,20471.6145
6968,1387.1741,1311.0119,22995.0855
6969,1356.2146,1281.7575,25743.7316
6970,1442.3097,1357.4573,26264.6338
6971,2143.6879,1835.1692,31424.4169
6972,2638.7446,1880.934,33654.9231
6973,1995.1668,1460.3735,27170.1238
6974,1194.8451,1102.3229000000001,18476.7303
6975,1792.44,1723.5981,27048.5579
6976,2515.4113,2220.372,39533.351
6977,3253.3303,2502.9493,53677.368700000006
6978,2432.0858,1923.0059,40345.947
6979,1053.8846,935.0675,19834.9726
6980,1039.353,913.6228,19660.4618
6981,769.7844,652.7538,14635.8866
6982,462.0013,428.3363,7483.8442
6983,462.0013,428.3363,7483.8442
6984,451.8284,489.2519,5594.9788
6985,618.9041,772.0608,5993.9958
6986,583.0785,735.4728,5375.6246
6987,360.9735,464.0742,2774.5139
6988,191.6925,213.9802,1735.5006
6989,156.0327,140.5125,1762.7768
6990,199.8106,177.15189999999998,2616.3834
6991,398.7725,306.5221,4878.3531
6992,422.7034,313.7458,5639.9697
6993,453.7072,342.722,5832.7371
6994,656.9072,506.75100000000003,10835.9662
6995,604.5599,470.6632,10379.2626
6996,325.9443,288.3354,5058.9377
6997,288.8961,261.853,4344.4526
6998,258.6454,219.5314,3774.3269
6999,213.6958,155.7783,2876.6847
7000,76.6376,52.7427,1479.1342
7001,191.8318,158.8854,1648.7046
7002,227.54,189.1045,1990.7812000000001
7003,307.1343,243.4561,4083.9276999999997
7004,435.6229,340.8005,7659.238600000001
7005,444.7163,350.2758,7965.806
7006,432.9506,342.342,7854.0909
7007,355.2604,285.8525,6216.6283
7008,175.0776,156.0283,2505.9913
7009,162.4,147.4545,2321.0098
7010,149.0351,137.3559,2158.694
7011,150.5137,139.879,2209.6199
7012,144.4236,135.96269999999998,1808.9654
7013,139.4438,129.4022,1617.8957
7014,108.0477,99.259,2063.4667
7015,75.4923,71.1612,2143.5413
7016,80.3426,79.0097,1758.8186
7017,77.4518,66.3865,1322.4382
7018,80.5047,68.8182,1324.4052
7019,116.7707,102.8583,1232.4088
7020,133.2615,133.67079999999999,1114.8016
7021,141.5683,144.1217,1162.0064
7022,143.4446,145.7427,1157.6385
7023,368.8907,288.2796,4159.6462
7024,544.3926,400.4869,6568.1526
7025,705.6518,544.6288,10102.629500000001
7026,767.3131,602.9354000000001,11646.167500000001
7027,718.811,568.7921,10618.1961
7028,404.793,384.8335,4640.9772
7029,409.2353,395.4396,4689.9909
7030,408.2099,467.8061,4202.1802
7031,330.4114,453.0514,2523.0464
7032,529.6495,644.1092,4723.8342999999995
7033,797.2757,916.626,6143.427
7034,825.7148,896.8867,6076.0384
7035,910.4647,988.6262,6239.465
7036,862.9868,1020.2707,5994.6733
7037,793.6498,982.0930000000001,6284.3686
7038,795.212,830.1052999999999,10010.5559
7039,794.5807,673.3904,13846.8303
7040,929.7511,799.5796,14614.7546
7041,1155.6663,1150.6791,13868.8012
7042,816.9313,893.5937,11569.6518
7043,864.7843,883.8577,12845.8215
7044,974.8607999999999,883.464,14809.0102
7045,1150.1413,1013.3801,16620.6099
7046,1170.128,1026.4124,16822.9954
7047,790.5316,737.6768,9837.3174
7048,331.5754,309.5516,3340.4254
7049,300.0127,313.0504,3346.2088
7050,657.4837,757.4313,10017.7078
7051,807.5936,934.9223,10792.4848
7052,614.6971,845.9582,7696.2937
7053,547.4771000000001,800.4308,9156.4958
7054,926.2116,1090.3803,13027.1632
7055,1841.9853,1549.7185,22636.8054
7056,3704.8761,3596.4464,36652.0841
7057,2490.4695,2202.0681,28211.331400000003
7058,2876.0742,2914.1472,34834.1555
7059,3053.9661,3213.1768,36433.354699999996
7060,2474.1762,2218.0239,31389.5904
7061,2364.4587,1561.6441,28758.1624
7062,2373.3951,1556.3625000000002,28755.7204
7063,2486.6153999999997,1647.7549,32566.78
7064,2482.8614,1729.0201,38237.2956
7065,1673.7973,1435.9686,29384.557699999998
7066,1789.8555,1647.7117,36214.1783
7067,1470.3206,1323.1594,24874.73
7068,1144.5634,1009.2387,19019.1966
7069,1164.1381,1099.0471,20548.5367
7070,1097.1641,1151.2048,15894.0629
7071,2031.4496,1605.7531999999999,26090.6989
7072,2301.6479,1636.3678,28524.6387
7073,1638.7017,1155.9519,21533.884000000002
7074,1121.1274,1018.3725999999999,17638.9941
7075,1752.307,1594.3267,26051.4332
7076,2812.8363999999997,2437.5002,43300.5282
7077,3174.0075,2482.4036,51883.3029
7078,2411.8152,1914.146,40299.5162
7079,1053.8846,935.0675,19834.9726
7080,1007.6077,866.7767,19279.2158
7081,794.6494,629.2423,15899.3534
7082,491.208,463.0885,8363.5444
7083,462.0013,428.3363,7483.8442
7084,942.746,995.5099,13958.4882
7085,1540.5815,1713.3482,21902.4989
7086,1373.5397,1542.7527,19019.2862
7087,345.3314,433.6886,2894.4986
7088,175.674,158.3505,2317.2886
7089,233.8278,211.1634,3959.0459
7090,244.7953,218.50809999999998,4093.9382
7091,349.5552,264.8473,5003.9727
7092,373.8386,275.1674,5272.1140000000005
7093,365.1502,269.4248,5098.3548
7094,346.5071,278.3646,4964.059
7095,292.9181,268.4577,4438.7623
7096,292.9181,268.4577,4438.7623
7097,292.9181,268.4577,4438.7623
7098,292.9181,268.4577,4438.7623
7099,280.8818,257.3766,4269.5859
7100,97.1098,75.6662,1714.848
7101,161.6164,134.7243,1453.1174
7102,329.6006,262.7298,4796.732
7103,355.1197,286.6827,5903.7557
7104,444.7163,350.2758,7965.806
7105,444.7163,350.2758,7965.806
7106,429.7686,340.1942,7823.8917
7107,292.2814,240.8612,4282.2638
7108,192.6601,168.4095,2633.7262
7109,152.5265,141.3424,2252.6956
7110,152.5265,141.3424,2252.6956
7111,175.5478,160.2833,2758.6346000000003
7112,140.9584,131.3963,1675.9875
7113,140.0585,128.8084,1620.9051
7114,108.5375,99.6722,2069.8416
7115,87.3487,79.4791,2360.3916999999997
7116,68.4389,72.934,2195.5294
7117,206.1018,218.64010000000002,2479.1998
7118,184.559,188.6235,2131.4008
7119,137.3094,138.535,1522.776
7120,145.0269,161.9998,1408.9805000000001
7121,144.9603,152.5465,1241.8669
7122,173.0414,167.7365,1741.5785
7123,526.2224,388.4985,6297.8541
7124,545.7445,401.0735,6571.2225
7125,683.3356,526.5617,9730.4868
7126,767.3131,602.9354000000001,11646.167500000001
7127,752.0566,591.2678,11287.3802
7128,404.793,384.8335,4640.9772
7129,403.70349999999996,384.8874,4644.5145
7130,393.7795,387.8024,4654.5723
7131,437.5712,484.8174,5017.1612000000005
7132,445.3516,484.335,5455.3348
7133,547.795,594.9529,6306.9818000000005
7134,504.4095,499.8927,5837.0851
7135,400.2447,433.7599,5434.6016
7136,578.0629,715.2873000000001,5660.9446
7137,586.3599,737.0382,5427.4587
7138,759.1183000000001,648.9558,13741.1575
7139,725.3045,612.5966,13722.314900000001
7140,921.3151,835.439,14369.6522
7141,1045.2186,1086.7763,13162.5236
7142,909.4846,975.8786,13747.0811
7143,924.4427999999999,932.7234,14331.866
7144,903.8201,814.2762,14055.2108
7145,941.311,822.3901999999999,14305.721
7146,788.8301,667.2355,12043.0618
7147,509.7767,431.8816,7661.145
7148,242.1296,248.4084,2546.2984
7149,317.93600000000004,353.92699999999996,2505.1772
7150,419.1956,406.1907,3792.8178
7151,50.3409,300.6091,1274.3879
7152,171.8089,475.1566,3299.3396000000002
7153,228.0454,576.7192,4631.3505
7154,644.6474000000001,938.0823,14900.8672
7155,1659.705,1510.2048,26474.835
7156,1648.1657,1412.134,26114.8455
7157,1713.0738000000001,1405.5502999999999,31850.2737
7158,1655.7787,1718.0966,26163.2516
7159,2237.1624,2900.7273,26989.2638
7160,1277.0943,1444.0492,20625.9818
7161,1745.9386,1303.6401,19848.5447
7162,1893.7212,1364.429,21176.2182
7163,4371.6156,3189.5965,55858.3015
7164,4936.6693000000005,3606.2822,65761.4554
7165,2118.5407,1917.4274,33859.776
7166,1593.8845999999999,1498.3914,33950.6837
7167,1084.745,912.1274999999999,20606.9714
7168,870.7922,688.6223,13037.552
7169,789.8783,705.5355,9432.5338
7170,803.7411999999999,829.7459,8524.1037
7171,991.7467,992.5227,12060.6507
7172,1408.0538,986.8865000000001,15000.7049
7173,1716.536,1058.3253,20246.8247
7174,1624.6063,1108.6004,22903.0928
7175,2110.0188,1713.2469,29832.2703
7176,2492.1684,2170.42,36303.1834
7177,2330.9972,2003.1236,35999.0234
7178,1621.54,1461.4043,22024.625500000002
7179,1387.4566,1227.4726,20284.5845
7180,1449.3999000000001,1204.7029,25099.6115
7181,850.2385,804.8398,15518.7003
7182,652.0227,641.1904000000001,11824.916799999999
7183,595.4757,556.5708,10109.4149
7184,565.7087,452.1101,9689.6032
7185,587.4544,522.0423,10014.3272
7186,724.7141,692.3604,11469.3734
7187,289.2819,280.9827,3729.7458
7188,214.0095,193.1648,3399.532
7189,233.8924,211.2221,3960.8722000000002
7190,258.9723,224.8635,4220.6044999999995
7191,373.1744,274.892,5263.4034
7192,373.8386,275.1674,5272.1140000000005
7193,369.5268,272.3902,5193.0784
7194,389.74330000000003,302.28270000000003,5289.2919
7195,327.5254,291.9253,4684.6529
7196,292.9181,268.4577,4438.7623
7197,292.9181,268.4577,4438.7623
7198,292.9181,268.4577,4438.7623
7199,282.8531,258.3216,4240.0442
7200,146.3791,126.91159999999999,2181.9162
7201,157.95420000000001,134.0169,2005.4541
7202,340.1358,273.0288,5435.1344
7203,373.7301,301.67109999999997,6474.2606000000005
7204,415.2115,327.2752,7585.0027
7205,429.6579,336.7659,7852.1787
7206,394.8492,314.5109,7036.5709
7207,227.5387,192.0371,2998.278
7208,163.1245,148.49,2353.3151
7209,152.8331,141.5905,2257.5647
7210,180.2733,158.4799,2611.8872
7211,347.9481,266.9966,5513.7548
7212,161.1808,146.5351,2137.753
7213,139.9636,128.9719,1619.8431
7214,107.8103,98.9736,2080.467
7215,88.1176,80.029,2368.3959
7216,93.2398,86.4369,2367.6269
7217,215.7919,225.8131,2559.2305
7218,208.6976,221.5208,2504.3012
7219,196.5291,211.9599,2538.0562
7220,190.8671,224.0802,2641.7865
7221,186.1165,225.50150000000002,2688.4132
7222,249.665,250.5042,3490.4729
7223,660.8362,601.8474,8285.6655
7224,759.0362,694.7211,9483.7376
7225,869.3721,643.3729,10829.661399999999
7226,1367.1143,762.1813,12573.1709
7227,1868.3798,895.5894,13290.2524
7228,919.4846,540.9698,7253.1639000000005
7229,481.1921,344.1223,4433.4455
7230,416.5485,301.6489,3955.4393
7231,272.0156,243.4966,3162.5131
7232,337.26890000000003,376.3493,5109.0225
7233,358.2215,399.0437,5299.4813
7234,329.90999999999997,393.0204,5223.5409
7235,314.6095,389.4252,5180.628
7236,449.4979,461.0942,6504.9927
7237,562.5561,538.745,7765.402700000001
7238,590.2612,529.7824,10219.1461
7239,1208.4911,1217.1675,17431.1182
7240,2678.3709,2975.5332,27466.9001
7241,1576.4314,1722.5583,18389.8388
7242,941.0428,998.5211,14499.374
7243,931.5524,974.8955,14422.697100000001
7244,903.5856,824.7257999999999,14011.6811
7245,641.4146,534.4647,9283.7783
7246,555.7319,450.0082,8103.086
7247,455.7774,373.2523,6060.7136
7248,381.8249,312.87350000000004,4518.3564
7249,355.2045,392.304,4056.1963
7250,219.5602,417.9347,4358.7484
7251,54.3362,312.7323,1189.4712
7252,153.3128,500.6124,2921.2216
7253,266.4248,586.0895,4687.7317
7254,971.8339,1211.0249,21995.9858
7255,2882.8653,2397.1758,31765.410099999997
7256,1518.3766,1256.9515000000001,14470.7053
7257,1565.1731,1302.172,27946.0758
7258,1055.177,1427.9664,16791.7065
7259,944.0337,1424.7602,14230.4237
7260,958.8618,1257.4212,15071.3487
7261,1194.3071,1256.4044,15727.6003
7262,1147.926,1188.2695999999999,13695.533599999999
7263,2658.7928,2306.1021,31475.6374
7264,2863.145,2554.1927,33909.580200000004
7265,1389.2473,1347.5891,18586.6748
7266,1036.8586,1005.4617,16647.285
7267,847.1449,681.7379,13610.0497
7268,879.4104,675.1083,13657.2938
7269,873.3272,703.5578,12680.6083
7270,1073.8927,914.3541,16025.055
7271,2273.0561,1988.2827,35512.784
7272,1789.15,1412.8335,27434.1251
7273,1323.349,935.5817,15828.1603
7274,1384.3426,971.7367,18786.5278
7275,1246.2832,993.7088,17036.7709
7276,1037.0524,921.4208,11557.782500000001
7277,1239.9607,1019.3244,16073.4876
7278,1430.2887,1233.1302,18512.4034
7279,1836.8207,1486.9682,25183.0632
7280,1479.6752,1208.3058,19582.2641
7281,715.635,625.9116,8827.9283
7282,729.1776,719.3452,12711.207999999999
7283,781.5187,755.0121,13163.0567
7284,1568.8345,1547.5167999999999,19798.7369
7285,667.9522,581.2473,11325.2202
7286,471.26239999999996,378.5868,8976.0783
7287,432.4216,365.8141,7931.591
7288,238.4621,215.3722,4089.868
7289,238.4621,215.3722,4089.868
7290,406.4563,274.2895,5078.6698
7291,373.8386,275.1674,5272.1140000000005
7292,373.8386,275.1674,5272.1140000000005
7293,371.7542,278.4929,5141.4252
7294,397.8474,305.012,5567.0997
7295,324.7219,267.4113,3833.9399000000003
7296,295.2122,253.816,3822.0950000000003
7297,241.3547,219.8629,3440.6509
7298,249.4063,224.7107,3587.0251
7299,227.7285,201.90619999999998,3150.27
7300,177.6984,143.6189,2600.4033
7301,210.8806,172.3012,3174.33
7302,292.8844,246.4376,4523.7743
7303,266.5549,221.84969999999998,4323.9692
7304,275.6287,229.72500000000002,4587.0144
7305,1851.4484,350.7766,8207.0111
7306,8177.7645,603.8466,17553.4049
7307,4552.9141,397.776,10617.1207
7308,428.8083,175.9736,3045.4858
7309,294.0158,208.5371,3385.2488
7310,327.6771,243.65740000000002,4551.9443
7311,386.3362,275.1595,5375.7109
7312,240.5586,195.65789999999998,3564.1432999999997
7313,181.9487,163.3533,2660.8486
7314,97.6153,89.1656,2229.5171
7315,88.1176,80.029,2368.3959
7316,116.47359999999999,106.26480000000001,2732.729
7317,499.38739999999996,473.27320000000003,6387.1512
7318,484.569,459.116,6029.2439
7319,389.3839,353.9394,4901.455
7320,276.4221,281.1835,3934.1425
7321,225.6414,259.2265,3695.1785
7322,225.6414,259.2265,3695.1785
7323,525.5771,519.4031,7090.0859
7324,926.5477,884.1388,11660.2572
7325,1280.1217,901.0007,12826.8077
7326,2003.3651,921.4788,13322.1606
7327,2001.0707,918.595,12820.4585
7328,911.0123,506.652,6914.1402
7329,410.7662,266.055,3526.3079000000002
7330,230.233,167.7996,2183.8199
7331,124.8341,115.7692,1339.8708000000001
7332,197.24880000000002,226.445,3753.5246
7333,246.9763,292.6063,4835.2647
7334,281.4676,342.06530000000004,5011.6499
7335,323.4908,379.2657,5365.4054
7336,513.0126,475.9614,7253.577
7337,507.63100000000003,466.4699,7244.634
7338,660.1407,639.2587,8943.396
7339,1445.2504999999999,1543.0437,18977.0847
7340,1624.4381,1797.2071999999998,18997.2491
7341,1159.1798000000001,1235.288,14056.9527
7342,1254.742,1338.2932,17007.3925
7343,1614.1684,1742.2193,21196.3914
7344,1523.9138,1603.5706,18658.3462
7345,674.7341,591.6024,8631.2409
7346,560.357,456.2308,8122.1094
7347,405.1589,334.3813,5026.4196
7348,380.8419,315.7437,4532.807
7349,499.6828,450.003,7507.1515
7350,398.4473,596.7283,7294.8341
7351,151.1322,523.9146999999999,3152.4694
7352,112.5582,510.2014,2454.6768
7353,621.456,847.055,11320.7818
7354,1202.5446,1331.7078999999999,22985.4685
7355,1697.4081,1750.4115,24336.4578
7356,971.4754,1055.8849,15560.9814
7357,836.8815999999999,750.167,13137.3333
7358,1680.0703,1850.1341,17824.665699999998
7359,1066.5301,1356.0682,15689.1126
7360,1091.1654,1337.3805,16385.8571
7361,1281.3332,1326.7365,16471.4894
7362,1139.1716,1179.6549,13631.7731
7363,1109.3988,1145.3118,13897.5881
7364,1370.6629,1479.9791,18304.8835
7365,1283.285,1274.0882,17988.0421
7366,1489.3283000000001,1040.9498,19891.1687
7367,1109.7312,758.6449,16298.1622
7368,855.5568000000001,614.4762,13696.6672
7369,988.2464,763.4277999999999,15841.740300000001
7370,1128.1109,879.8553,17310.2028
7371,1976.0625,1788.0698,31107.703
7372,1894.6498,1903.8566,33705.6585
7373,1131.2699,1024.6196,17999.3491
7374,991.7121,807.3317000000001,14674.6668
7375,634.4778,624.3584,6456.0213
7376,807.1912,732.6277,9398.2755
7377,1185.7375,950.0267,15755.9704
7378,1339.8663000000001,1112.4532,18186.0136
7379,1595.741,1336.2923,22592.3388
7380,1029.1173,856.3293,11428.770400000001
7381,716.926,629.6076999999999,7947.3471
7382,747.2591,647.6858,10101.6395
7383,949.0839,708.7858,11953.5462
7384,1322.6281,1113.7996,15985.402900000001
7385,891.0547,767.5522,14628.8056
7386,354.8249,341.2253,7767.5063
7387,362.806,363.3844,7642.4846
7388,456.4188,347.6658,6712.8741
7389,2266.4497,887.1556,16056.0583
7390,3443.9561,1262.5854,22325.0139
7391,2940.9542,1078.7721,18583.1737
7392,2114.131,787.7029,12617.5242
7393,623.1985,492.7324,11027.3187
7394,477.6402,380.6176,7687.7522
7395,293.7572,236.08810000000003,3256.1033
7396,295.3053,238.6014,3272.8543
7397,213.3387,170.817,2381.8725
7398,206.5144,180.9516,2730.7677
7399,197.5877,169.8582,2608.4317
7400,194.77009999999999,154.407,3086.7693
7401,204.7721,163.22039999999998,3232.7309
7402,280.9224,227.2383,4324.7429
7403,285.80490000000003,240.27429999999998,4498.8974
7404,279.6031,235.117,4524.0081
7405,910.3618,266.633,5545.4717
7406,6176.7933,529.3416,14377.3727
7407,5340.2511,478.5149,12655.2337
7408,437.6283,244.4723,4056.2925
7409,369.2181,241.7077,3948.1121
7410,360.6129,238.0682,3923.1847
7411,399.0409,289.2534,5965.8579
7412,348.1423,273.7226,5696.7894
7413,312.7776,263.5183,5486.901
7414,150.3296,130.1525,3480.6652
7415,120.3456,107.8603,2898.759
7416,361.14050000000003,331.1318,5988.4596
7417,480.8045,446.4114,7015.6474
7418,533.186,500.32759999999996,6646.1445
7419,390.4483,347.8653,4744.0473
7420,353.6617,320.8861,4334.7796
7421,249.8541,286.9865,3655.7156
7422,227.3673,259.3386,3690.1942999999997
7423,319.0563,348.401,5285.8862
7424,797.8529,772.6348,12178.1972
7425,1233.9645,860.9441,12750.0626
7426,1822.1186,812.2728,11754.3109
7427,654.8863,361.0562,5091.8191
7428,123.5018,136.175,1879.1332
7429,99.9353,98.4192,1173.7666
7430,99.75800000000001,97.7409,1165.0034
7431,99.75800000000001,97.7409,1165.0034
7432,219.85920000000002,165.2499,2471.9175999999998
7433,305.5646,245.0503,3750.0759
7434,283.392,267.0643,4176.013199999999
7435,387.9987,372.629,5846.9034
7436,512.0331,472.2047,7265.3736
7437,538.4205000000001,506.5743,7389.6869
7438,539.6813999999999,508.2157,7395.6255
7439,983.2121999999999,1031.9788,12674.7783
7440,1175.7502,1279.4716,14398.3932
7441,1159.624,1279.1937,14704.275300000001
7442,1574.5215,1747.2355,21416.2631
7443,2362.2774,2633.6816,25728.2273
7444,2310.4378,2559.9522,21271.291699999998
7445,1428.1444000000001,1491.1501,12301.201500000001
7446,605.3361,540.789,7884.776800000001
7447,519.0899000000001,466.09680000000003,6786.1376
7448,511.1813,426.9767,6894.5887999999995
7449,570.1144,533.5393,8868.7876
7450,471.009,699.1322,8347.2147
7451,218.6775,545.676,4188.4742
7452,131.0855,491.2153,2743.6455
7453,848.7104,981.8765,14606.7525
7454,1339.4195,1352.9206,24028.2986
7455,904.4045,1186.9513,19882.7226
7456,496.8619,788.0184,12696.1885
7457,732.7497,696.8535,12491.096
7458,768.134,688.9812,11689.734699999999
7459,968.542,880.1157,15269.0465
7460,1944.3631,1928.8587,25180.1184
7461,1751.6462,1733.1812,23021.5893
7462,1021.5754999999999,1006.3429,14157.8842
7463,775.5659,708.604,14292.703599999999
7464,833.4567,786.4234,14796.2413
7465,1522.8518,1161.1842,19968.9013
7466,1936.7356,1137.645,23354.0112
7467,1929.9608,1150.5962,23676.9769
7468,1220.4612,712.8495,20499.1144
7469,1255.8809,829.4236000000001,18060.8491
7470,1197.2366,892.8914000000001,17710.3666
7471,1717.7952,1655.1833,28667.5938
7472,1621.451,1857.2687,30254.601300000002
7473,408.023,514.3689,7245.6522
7474,406.3433,490.0515,6984.657999999999
7475,386.6768,520.721,5787.7001
7476,414.5902,508.9723,5565.9729
7477,887.7205,795.5383,11752.4171
7478,1011.8770000000001,949.3314,14122.1223
7479,1248.8227,1131.6634999999999,17797.8235
7480,1109.0348,969.1604,13893.734400000001
7481,923.5812,693.2931,8712.5208
7482,1036.5955000000001,681.9408,10295.0493
7483,1028.3704,698.897,11660.1041
7484,1027.112,697.6703,11635.0353
7485,554.9613,443.7219,7204.4668
7486,387.0096,303.9887,5304.4666
7487,384.7006,353.4866,7400.1332
7488,823.6428,467.4423,8336.7593
7489,3679.5489,1310.5337,22390.6791
7490,3750.4889,1376.9932999999999,24705.2774
7491,3750.4889,1376.9932999999999,24705.2774
7492,3110.8861,1241.3678,19660.9202
7493,707.649,567.0055,11757.8338
7494,494.1776,387.7081,7714.2101
7495,301.8085,233.7517,3230.1477
7496,290.5107,193.5336,3028.0047
7497,282.3204,158.5343,2823.3799
7498,290.3387,165.4589,2865.8065
7499,280.3062,164.0188,2864.8246
7500,216.2056,177.52599999999998,3006.7724
7501,207.1533,149.0913,2942.536
7502,224.0968,182.0223,3806.3987
7503,283.4133,238.67340000000002,4556.6096
7504,283.4133,238.67340000000002,4556.6096
7505,294.3778,247.9709,4534.5815999999995
7506,286.4868,240.7353,4489.9412999999995
7507,353.0845,240.67759999999998,4362.8553
7508,369.2181,241.7077,3948.1121
7509,369.2181,241.7077,3948.1121
7510,375.1366,246.544,4119.4174
7511,362.7136,279.0444,5728.3622
7512,340.2981,278.3605,5546.3679
7513,342.3971,279.6054,5554.1985
7514,185.5678,153.041,3994.9913
7515,119.92699999999999,101.4763,3052.1963
7516,216.10320000000002,191.9748,4264.6854
7517,468.232,434.06289999999996,6770.903
7518,425.1465,385.6174,5228.3525
7519,382.33,334.40909999999997,4475.9001
7520,371.74039999999997,341.0219,4290.0583
7521,326.3872,386.9607,3605.8652
7522,301.5025,349.4685,3581.4384
7523,338.4058,423.8936,10952.008
7524,284.386,351.61379999999997,11607.7094
7525,407.5143,445.91200000000003,6014.311
7526,448.2426,346.24399999999997,3792.5628
7527,122.588,139.0055,1956.247
7528,122.5937,139.00889999999998,1956.247
7529,102.0257,104.6592,1286.1652
7530,99.75800000000001,97.7409,1165.0034
7531,99.8172,97.7638,1165.5612
7532,257.9037,174.8948,2573.099
7533,329.9132,215.3664,3182.8236
7534,333.4124,220.3765,3200.6914
7535,483.159,458.6441,5779.5462
7536,551.6683,545.2312,7453.558
7537,558.9818,533.1054,7549.126
7538,606.261,577.4071,8275.6299
7539,959.1449,1057.0655,12441.148
7540,1061.3581,1262.8044,16580.4866
7541,1079.9491,1231.387,16613.8292
7542,1230.8413,1378.8671,17761.613699999998
7543,2336.2522,2461.09,23138.5618
7544,2353.271,2463.494,20596.280899999998
7545,2123.2271,2263.1751,15658.9961
7546,1152.3116,1177.0088,10778.8914
7547,603.983,534.415,7378.3656
7548,579.0964,512.9448,7437.1114
7549,553.2957,552.3014,8512.4208
7550,475.6268,695.9793999999999,8349.1303
7551,731.095,959.4544999999999,13819.2482
7552,1079.2428,1048.8803,15316.0779
7553,1715.9052,1314.728,21234.6534
7554,1445.7378,1332.8327,22982.3514
7555,1091.9157,1026.6925999999999,19161.9356
7556,815.4125,896.9363999999999,15960.7873
7557,824.4209,839.6674,14602.5436
7558,766.0582,690.8202,11687.3462
7559,1237.1383,952.3233,19676.2181
7560,1606.8423,1281.3262,24202.4127
7561,1600.3072,1336.6939,23756.0158
7562,1093.8988,928.9236999999999,16750.15
7563,768.7612,698.8678,14339.6725
7564,765.386,696.0203,14312.9959
7565,1224.1228,890.5275,18130.0436
7566,1685.5910999999999,1111.6751,22391.246
7567,1828.1529,1028.6549,24123.8673
7568,1504.8217,776.1968,24866.7736
7569,1369.661,837.6216000000001,21375.5606
7570,1226.5891,934.6386,17739.9374
7571,1330.0017,888.549,17907.039099999998
7572,818.9381999999999,708.7928,12242.589100000001
7573,351.24830000000003,448.8831,6067.4603
7574,346.7116,449.3267,6060.9539
7575,415.7713,558.7509,6644.029
7576,525.7121,631.8894,8042.582
7577,798.577,757.5874,10112.9311
7578,911.7532,871.7857,12505.1634
7579,934.8882,889.4522000000001,12848.6094
7580,1126.4375,982.8726,15088.2182
7581,1098.919,743.2619000000001,10145.3398
7582,1113.6873,756.8419,11052.450200000001
7583,1057.9891,727.2159,11590.2903
7584,878.9464,570.0504,8322.7205
7585,687.8172,345.0919,3860.3256
7586,429.5324,298.5775,3615.5939
7587,423.2546,373.84770000000003,7403.7219000000005
7588,613.8115,446.07959999999997,7990.121
7589,2855.9054,1005.6376,14936.0838
7590,3490.5553,1312.8029000000001,23685.4072
7591,2961.8999,1369.4786,23634.5134
7592,1527.2011,1298.3247,17320.6979
7593,1401.8705,1211.6314,15171.081
7594,636.6889,495.76050000000004,7342.467900000001
7595,298.7459,168.0175,2879.5486
7596,290.4628,155.8921,2815.0122
7597,277.9497,151.5909,2771.8513000000003
7598,292.6378,160.3694,2848.0446
7599,295.1252,163.3674,2869.0379
7600,317.8021,220.9161,4378.6701
7601,236.9007,159.2525,3021.6833
7602,269.4101,195.3797,4193.8331
7603,212.9486,173.3915,3851.8232
7604,262.6183,220.266,4013.8711
7605,331.6775,274.9947,4823.0341
7606,420.6667,322.5342,6785.0289
7607,407.7595,307.01099999999997,6968.6293
7608,350.798,247.7093,5393.911
7609,379.728,250.7595,4253.5759
7610,436.1316,301.7894,4474.4375
7611,377.7536,296.3721,5063.2208
7612,340.2981,278.3605,5546.3679
7613,342.3971,279.6054,5554.1985
7614,190.6413,157.7707,3983.0724
7615,119.92699999999999,101.4763,3052.1963
7616,119.92699999999999,101.4763,3052.1963
7617,256.8093,226.4309,4417.1408
7618,388.1478,344.086,4669.7536
7619,374.865,327.7695,4433.722
7620,267.69419999999997,239.8697,3730.3856
7621,300.5003,352.11740000000003,3512.7576
7622,264.4203,324.9026,3020.2888
7623,410.7455,512.4116,3338.7846000000004
7624,391.907,464.7617,3385.6162
7625,372.8723,432.6067,3834.301
7626,343.9925,396.09590000000003,3511.1929999999998
7627,115.2217,128.1215,1667.7021
7628,119.0245,134.9663,1881.2347
7629,118.42240000000001,122.1076,1671.0865
7630,167.2503,144.1923,2181.929
7631,174.9241,146.5225,2215.3768
7632,303.58729999999997,239.6805,3343.1887
7633,332.01079999999996,240.2784,3419.5185
7634,505.8347,462.7002,5756.7378
7635,661.9808,717.7678999999999,8582.4953
7636,680.8525,749.6976999999999,8693.4761
7637,724.7911,798.9458,7984.0817
7638,905.1952,938.399,10497.6836
7639,1058.1509,1087.6416,12540.2572
7640,1070.0154,1099.7679,13458.0763
7641,1082.0907,1191.4825,16028.8678
7642,990.8308999999999,991.3430999999999,13376.199
7643,1816.9575,1813.897,17985.882
7644,2396.8711,2453.6050999999998,22115.3282
7645,1765.0842,1878.8458,17419.0424
7646,1511.9779,1865.9075,19340.2029
7647,1924.483,2581.1978,22490.6118
7648,544.4162,507.2249,6271.3595000000005
7649,391.8987,373.97589999999997,5218.6133
7650,503.0082,512.0129,7606.5777
7651,987.1345,1138.285,18517.8883
7652,1154.7328,1249.8315,19900.9053
7653,1140.723,1217.0586,19108.533
7654,1237.6938,1375.4242,23502.4819
7655,1147.2033000000001,1015.1801,19232.2886
7656,1155.4737,996.1157,19153.798
7657,1168.5408,995.2375,18940.6547
7658,622.587,688.6762,8889.165500000001
7659,825.8756,741.1254,7714.8042
7660,980.9105999999999,845.6080000000001,10442.526100000001
7661,1343.4603,1100.7935,18411.3524
7662,1343.3118,1110.3445,18616.984
7663,1036.8764,906.2563,16328.735
7664,739.2497,700.4078,13937.0293
7665,933.0785,898.119,16904.5017
7666,1088.0917,1016.6034999999999,19828.2634
7667,1538.5923,1075.0895,20931.7632
7668,1684.2406,939.2721,25171.5758
7669,1306.6953,905.7136,20748.769
7670,1186.4338,1031.0226,17431.5569
7671,1188.068,1081.5677,15094.9794
7672,1159.5433,1139.9114,11867.0337
7673,603.9208,675.848,8670.9424
7674,293.6803,413.4392,7318.9155
7675,377.5173,484.0239,8282.8071
7676,520.0218,583.8727,8416.1893
7677,528.6043,541.6353,7987.3723
7678,923.7877,813.6006,10697.9872
7679,1082.6978,869.1534,11581.2192
7680,982.8052,704.3815999999999,10638.6171
7681,1073.5015,760.2778,10908.4997
7682,982.9973,716.3053,10905.1134
7683,846.2975,586.4322,9133.873
7684,1266.5117,385.6328,4482.6136
7685,1521.7194,369.0192,4361.2831
7686,1521.9515,376.4536,4797.5848
7687,1402.6885,455.5967,8487.4969
7688,1117.4251,521.2911,8728.394
7689,697.303,534.2908,8634.9608
7690,903.9093,710.8225,13236.116399999999
7691,1093.3949,890.7464,15078.9617
7692,1326.6657,1131.987,14362.6216
7693,1211.2755,1047.6693,10249.736
7694,578.5331,406.4186,6213.8730000000005
7695,332.7927,181.9031,3691.8384
7696,291.2923,154.5076,2811.4527
7697,291.9373,158.2514,2856.303
7698,291.7517,154.6091,2812.0522
7699,350.7284,195.6902,3917.544
7700,352.7913,210.3477,4823.4474
7701,98.4385,77.3781,1414.573
7702,268.4117,214.2254,3630.6865
7703,305.4549,246.6507,4005.3311
7704,401.1603,325.966,5163.0264
7705,434.0041,331.0718,6957.9644
7706,450.3041,340.7516,7347.3259
7707,450.3041,340.7516,7347.3259
7708,435.7335,330.3673,7234.0244
7709,429.5411,321.6212,6829.9545
7710,401.3693,318.0643,4820.5291
7711,396.6814,332.52389999999997,3884.0655
7712,387.0183,327.39140000000003,4325.2143
7713,582.5204,462.5603,9993.2324
7714,659.5323,522.6647,11732.2966
7715,282.8649,229.9109,5468.6657000000005
7716,120.59039999999999,101.56490000000001,3052.9973
7717,155.4302,132.0753,3448.9464
7718,277.9929,247.9227,3919.4048000000003
7719,163.4024,132.4971,3212.9763
7720,84.746,58.952,2747.4144
7721,90.1356,88.429,1683.3943
7722,556.9797,711.4516,6513.8006
7723,814.5813,1024.9911,8505.6971
7724,946.7304,884.4194,5582.9809000000005
7725,363.1993,407.4426,3075.4859
7726,177.1039,192.7036,1755.9370000000001
7727,109.5036,116.4653,1145.4349
7728,114.7976,120.2882,1310.4562
7729,254.131,191.3222,3533.987
7730,301.77299999999997,208.9756,4079.0954
7731,300.4635,208.88240000000002,4056.2798
7732,230.9373,221.2207,3366.0855
7733,232.3083,222.2307,3336.2128
7734,427.2875,437.7452,5792.9899
7735,668.4948,713.9297,8824.5411
7736,682.2582,751.7563,7816.9916
7737,723.3599,804.838,7656.7347
7738,839.5335,900.7575,9301.3305
7739,1047.9469,1055.7865,12426.3625
7740,1059.863,1007.1422,12256.414499999999
7741,935.997,837.8111,11084.187899999999
7742,874.5936,761.9684,10471.7235
7743,875.7282,763.8704,10494.4143
7744,1088.5645,1062.7581,11229.869999999999
7745,738.7284,775.5024,9213.8191
7746,962.0023,1068.0439,13881.7399
7747,859.1692,958.1327,12451.300299999999
7748,409.2539,409.93149999999997,4843.5267
7749,338.3669,344.0742,4512.613
7750,476.7406,413.3142,6853.5647
7751,434.4875,481.9496,6778.9159
7752,645.4357,936.2592000000001,12325.449
7753,701.9847,1078.9374,13501.2931
7754,868.568,1292.6214,18955.4626
7755,954.3339,1323.4839,20920.6564
7756,1049.619,1136.0497,20050.2586
7757,984.5079000000001,943.3811,15584.3326
7758,603.5603,838.5313,7029.6959
7759,845.3579,787.4802,7955.1714
7760,817.0737,739.6244,7897.9843
7761,1063.1507,899.4027,14032.8863
7762,1229.0245,1031.1988,16726.8695
7763,1030.0906,951.632,15020.8308
7764,709.1444,722.7459,13687.7374
7765,848.1265,871.7209,15695.9233
7766,1099.3755,987.594,18392.3523
7767,2682.9109,1838.0185,26025.9668
7768,2802.6578,1882.7398,28195.6662
7769,1683.5831,1108.6401,31107.142699999997
7770,1363.3543,1024.988,23240.8105
7771,921.6555,866.2509,11929.868
7772,914.6473,944.8127,10786.6479
7773,296.0479,413.1374,8311.7233
7774,277.591,395.5926,8245.4034
7775,248.7135,326.4334,6370.3937000000005
7776,344.8636,363.1431,6009.4096
7777,372.0502,383.34700000000004,6646.7346
7778,600.3811,503.5443,8313.9121
7779,884.7482,658.5699,9859.4494
7780,953.4875,659.4965,10144.0636
7781,936.5407,668.9522000000001,9875.264
7782,656.939,516.9646,7560.7029
7783,624.1309,490.6029,7540.255
7784,1449.6818,563.7532,7042.3165
7785,1718.9137,592.2732,7104.218
7786,1924.6224,683.7816,11248.4232
7787,1887.8298,632.8954,11492.3002
7788,1230.1825,559.5135,8951.5936
7789,793.793,597.8934,9791.7151
7790,1020.2648,777.3987,13978.564
7791,1002.3429,773.1232,14102.631300000001
7792,990.3525,796.6658,14080.103
7793,928.4852,773.0898000000001,9079.2883
7794,514.3586,346.07910000000004,5862.4938
7795,400.5209,227.1712,5153.9081
7796,361.6533,201.4428,4326.1526
7797,299.0582,159.356,2963.5807
7798,313.1352,165.626,3223.5743
7799,368.6535,192.8327,4479.3526
7800,386.1235,206.6826,5083.5639
7801,377.572,302.88349999999997,4054.2985
7802,479.2905,392.4997,4565.3892000000005
7803,436.8024,354.41679999999997,4149.2524
7804,584.4571,454.98990000000003,8134.154
7805,347.0441,246.9808,6736.1185
7806,450.3041,340.7516,7347.3259
7807,450.52750000000003,340.926,7347.2542
7808,487.9497,370.0963,7334.9194
7809,510.6554,387.8141,7325.1635
7810,485.9772,377.0074,6678.8459
7811,472.647,391.0416,4464.4202
7812,553.2932,474.6188,5997.2338
7813,1134.4025,502.8251,10719.2147
7814,1126.9705,514.7293,11298.1661
7815,769.8117,541.8183,11796.2286
7816,401.5399,340.487,6339.733200000001
7817,273.2005,249.5539,4431.2028
7818,124.0553,124.1594,3195.9964
7819,92.6204,92.7428,2751.2461
7820,95.0003,96.221,2455.8376
7821,68.4256,92.2202,780.3596
7822,899.0613,1131.7391,10312.043800000001
7823,505.6213,626.607,5856.5252
7824,505.5831,563.4703,3747.1635
7825,304.1057,322.57320000000004,2081.5657
7826,62.494499999999995,67.6156,854.1745
7827,99.0693,105.60239999999999,1129.6437
7828,112.6426,116.2932,1393.0989
7829,274.93489999999997,198.0974,3826.3596
7830,299.355,207.99599999999998,4082.9513
7831,312.023,234.3449,6326.1264
7832,290.3511,257.5499,7294.303
7833,233.3254,223.7529,3622.6097
7834,558.0557,477.58750000000003,8268.1028
7835,718.4991,598.4292,9940.6881
7836,705.2823,689.7553,8758.8148
7837,692.843,765.0874,7512.9641
7838,796.8366,867.2505,8647.6543
7839,1053.0215,1056.9041,12433.031500000001
7840,1003.3695,989.2991000000001,12192.295
7841,895.0832,807.6004,10595.3279
7842,863.9004,753.165,10291.1957
7843,841.8704,738.0346,9936.9125
7844,536.2393,506.4044,5011.9706
7845,432.5768,419.2878,4458.9918
7846,690.9137,764.342,9752.6487
7847,762.8308999999999,856.7239,11208.7459
7848,364.654,331.26619999999997,4616.957
7849,347.8669,347.7083,4670.9913
7850,482.0568,415.9739,6943.5211
7851,496.70640000000003,426.3672,7201.281
7852,977.3406,1113.7109,17275.2592
7853,775.1052999999999,1168.6693,15064.3171
7854,767.7746,1205.6531,16302.7588
7855,871.6801,1299.8996,19316.3439
7856,986.9791,1349.7153,21340.7383
7857,1004.6365,1073.2665,13670.458499999999
7858,973.5418,1018.2708,9406.6436
7859,800.5242000000001,766.0337999999999,8293.2603
7860,661.7464,589.0285,8028.1777
7861,593.3877,511.5862,8144.8144999999995
7862,557.5839,524.9223,7240.8313
7863,512.1093,542.8125,6479.5728
7864,632.675,690.6496,12387.2396
7865,735.7105,746.9361,14532.393900000001
7866,814.9655,715.8574,13609.2197
7867,1253.0708,982.2733,16596.3612
7868,1931.6701,1274.8954,31027.5618
7869,1682.2642,1085.7798,31803.831199999997
7870,1363.0516,945.9307,24663.6295
7871,767.4064,657.9593,10554.9848
7872,527.0089,525.7665,9202.8657
7873,277.591,397.5783,8247.3891
7874,277.4882,375.0013,7892.3861
7875,279.0771,292.2386,5191.4077
7876,314.028,325.2283,5087.2918
7877,422.5201,420.17740000000003,6753.5932
7878,667.1287,543.4223,8562.8491
7879,813.6711,607.2034,9334.1744
7880,939.0719,646.056,10004.8309
7881,894.4408000000001,644.4385,9353.2489
7882,614.3974000000001,490.8813,7576.6457
7883,610.4989,488.137,7559.2367
7884,1242.0264,690.5432,8803.6186
7885,1932.9467,938.6853,10631.0315
7886,2085.9012000000002,837.6083,16298.9112
7887,1999.3577,777.0502,16019.465
7888,1287.6998,885.0500999999999,14349.279
7889,1507.2136,1043.282,18361.7814
7890,1087.0048,818.4927,14711.9937
7891,1009.227,775.9515,14118.0794
7892,937.1538,743.7773,13958.4609
7893,782.0444,612.5439,10619.2971
7894,512.5797,362.1816,5904.3123
7895,401.1578,227.9167,5160.8895999999995
7896,400.725,227.308,5158.3225
7897,384.7714,214.58960000000002,4818.2107
7898,402.1731,208.45139999999998,5104.0962
7899,401.4458,208.26760000000002,5142.3899
7900,395.096,219.0802,5100.4555
7901,510.3109,406.996,5399.9357
7902,526.9236999999999,419.7651,5150.6698
7903,536.8509,433.0374,5496.6548999999995
7904,588.4404,465.996,7660.6317
7905,394.089,291.7236,6680.0892
7906,450.3041,340.7516,7347.3259
7907,461.8149,349.7246,7343.5342
7908,511.017,388.0768,7327.3133
7909,511.017,388.0768,7327.3133
7910,523.9706,397.7092,7379.6871
7911,620.6368,507.9562,7282.195
7912,646.6584,543.7064,7245.793
7913,1468.2195,358.8879,7068.2369
7914,1515.5392,382.9005,7741.2636999999995
7915,435.3299,351.2273,5598.9513
7916,373.5015,336.8853,5003.9116
7917,230.0201,213.8338,3457.9415
7918,107.6803,109.8612,2855.8909
7919,214.1239,180.9817,4539.1389
7920,239.4954,198.0138,4918.1762
7921,229.7054,205.8702,4549.2528
7922,274.593,279.6369,4943.9516
7923,200.3844,216.7413,3300.1699
7924,278.4884,306.2895,2359.563
7925,133.3241,143.5259,1040.7002
7926,49.6718,56.961999999999996,816.8031
7927,28.0124,31.6892,1056.5993
7928,26.9862,29.1016,1140.8877
7929,156.5187,133.8028,2560.8431
7930,312.76439999999997,243.7018,6657.9832
7931,352.4468,295.9993,11426.5421
7932,350.0528,295.5634,11544.7884
7933,488.2503,403.5632,10375.5186
7934,728.1600999999999,601.6688,9910.9866
7935,711.366,589.5685,9927.4037
7936,714.821,594.6298,9839.0872
7937,714.4061,698.7466,8109.9011
7938,798.2329,789.9589,9184.1491
7939,843.8131,816.6462,9900.7079
7940,848.8344,809.1084,10099.881800000001
7941,664.4135,591.9452,6902.5437999999995
7942,661.3045,583.542,6824.3958999999995
7943,682.7478,601.3835,7178.6157
7944,501.9847,470.3771,4579.3343
7945,454.585,418.32620000000003,4481.0857
7946,876.9919,539.1946,7098.8399
7947,1287.0698,580.9274,7447.4618
7948,650.2090000000001,301.745,4575.0806
7949,614.2992,513.7892,8073.3829000000005
7950,742.4602,602.9968,9622.6582
7951,956.8757,764.5135,11780.0884
7952,1609.3397,1305.6373,22658.5958
7953,1358.1975,1263.2929,19968.9373
7954,1066.7978,1118.0325,16021.4873
7955,911.7107,1068.3372,14917.0618
7956,896.1167,966.9574,12721.782
7957,781.0545,858.2828,9150.6368
7958,841.7882,871.878,8875.221
7959,627.9871,543.908,8144.3951
7960,590.8796,508.7507,8141.086
7961,590.8796,508.7507,8141.086
7962,488.1519,448.8266,6477.280299999999
7963,369.3135,377.2269,4190.0383
7964,596.1789,488.2384,8490.3239
7965,918.4273,706.8636,15410.1614
7966,878.7242,713.1255,14659.0348
7967,739.7,689.5779,12018.212800000001
7968,1076.2165,825.6996,18781.0361
7969,1608.5759,1047.5233,30419.7494
7970,1052.6553,783.6976,17072.0557
7971,863.3217999999999,795.0766,11018.0808
7972,861.5438,916.9247,13425.556199999999
7973,823.6926,1017.2674,15641.337300000001
7974,575.5237999999999,703.4714,10635.7611
7975,276.9064,283.7489,4582.5574
7976,519.878,449.9885,7271.3908
7977,582.2347,488.9875,6412.9845000000005
7978,648.5526,532.4639,6860.152
7979,735.7919,583.6181,7824.8162999999995
7980,1050.8893,746.958,11245.595000000001
7981,874.4812,647.6975,9226.1029
7982,610.4989,488.137,7559.2367
7983,610.5718,488.26570000000004,7562.8131
7984,831.4173000000001,574.6336,8538.9209
7985,2016.0853,1153.0782,15590.2847
7986,1909.0745,1182.1555,18179.7451
7987,1288.2405,904.5488,13684.8279
7988,1497.43,1041.9746,17852.8982
7989,2097.7349,1331.4155,26828.731200000002
7990,2011.3308,1281.6915000000001,25623.3073
7991,1381.3344,964.8988,18355.2536
7992,900.2444,678.1424,13717.3912
7993,824.1509,610.2648,12519.7685
7994,537.1972,399.5331,6408.2312
7995,479.32349999999997,337.83299999999997,5624.7162
7996,383.5457,226.2595,4742.7892
7997,369.7274,205.4855,4797.7981
7998,395.55199999999996,204.5818,5086.9684
7999,399.1081,208.127,5111.5947
8000,387.2162,204.12630000000001,5076.5079
8001,358.8744,275.1649,3403.4169
8002,475.9672,375.6316,4223.3895
8003,569.6315,459.54650000000004,5983.7799
8004,976.5677,484.1032,7036.3551
8005,1695.4795,418.2614,7493.271
8006,434.6171,340.45500000000004,6366.2921
8007,482.1998,409.779,7178.0808
8008,502.29720000000003,422.9888,7300.402
8009,503.4906,418.2126,7304.0842
8010,732.4553,619.3172999999999,10099.64
8011,1088.9612,955.4947999999999,15353.6891
8012,986.6601,873.1487,13959.1139
8013,991.8258999999999,519.4168999999999,8648.8531
8014,779.4237,413.2636,7475.0
8015,397.0529,318.5124,4823.434
8016,364.87919999999997,326.7537,4801.9114
8017,283.2873,256.3119,3887.6336
8018,162.2047,150.437,3231.8898
8019,228.1799,192.3424,4568.6576
8020,226.64860000000002,189.63580000000002,4540.0837
8021,264.4866,220.4656,4855.697700000001
8022,295.2304,271.8752,5333.6445
8023,288.0664,288.6933,5360.8267
8024,161.266,165.1945,2811.487
8025,69.7024,73.2761,1090.1131
8026,31.3681,33.5864,971.2043
8027,23.967299999999998,24.9826,1099.5582
8028,23.6694,24.8298,1101.9662
8029,53.5882,50.234500000000004,1711.5477
8030,323.4355,281.30719999999997,9388.1916
8031,341.9268,293.2222,10090.4778
8032,425.37149999999997,374.5356,10339.103
8033,804.1864,652.7801,11399.6757
8034,844.9927,681.9828,10456.4245
8035,734.0733,604.9009,10011.3873
8036,720.0538,592.0336,9903.8821
8037,806.6281,606.6166000000001,9307.1559
8038,778.8531,696.3514,9182.7999
8039,688.3078,522.4905,8491.539
8040,631.4737,401.084,7912.4514
8041,562.3009999999999,381.22090000000003,6136.7049
8042,653.8534,481.7142,7087.6077
8043,757.9879,517.6114,8969.7978
8044,851.2354,561.3406,10597.3474
8045,1433.0424,527.6142,9383.7099
8046,1859.7874,481.9994,7755.3167
8047,1736.6854,391.7628,5142.274
8048,1704.3099,422.9061,5482.5074
8049,1300.0388,671.0946,10822.3467
8050,967.477,764.6263,11916.6118
8051,1259.6428,1013.8364,14192.362000000001
8052,1440.9718,1187.7717,17867.9759
8053,1599.4082,1283.4387,23383.2345
8054,1663.5909000000001,1317.7558000000001,26179.557399999998
8055,1262.3492999999999,1044.7758999999999,19504.839799999998
8056,734.2842,817.6681,8826.3741
8057,734.2842,817.6681,8826.3741
8058,692.2659,742.8245000000001,8558.3436
8059,592.4552,505.80760000000004,8132.9403999999995
8060,608.1363,522.2399,8266.9711
8061,641.5263,545.3586,8479.8763
8062,602.893,519.484,7733.3749
8063,449.2172,362.6245,4874.1085
8064,787.4165,498.1554,11058.5948
8065,929.6195,612.9465,13875.5403
8066,902.2893,775.9881,13524.004
8067,835.5575,825.8786,11576.901600000001
8068,872.4278,866.7406,11671.246799999999
8069,663.5578,616.5057,12316.5488
8070,809.1083,770.2973000000001,13613.3862
8071,1183.6354000000001,1139.7847,15592.0623
8072,1202.351,1196.6776,16211.4192
8073,918.5305,1164.185,16852.7933
8074,623.4228,894.4645,11445.0189
8075,645.3567,558.5928,8610.4782
8076,1120.0441,861.9836,13440.9687
8077,667.1030000000001,545.8447,6920.8947
8078,649.0752,540.5235,6952.1927
8079,858.9744,761.7633999999999,11502.7569
8080,1170.2176,936.4774,14871.7052
8081,952.8353999999999,726.9150999999999,10756.8962
8082,680.8722,571.9778,9560.6561
8083,669.0569,583.681,10072.8876
8084,1094.3691,1035.6992,18332.0024
8085,1453.4047,1252.4934,19087.076399999998
8086,1385.9915,1119.8772,15323.3598
8087,1210.3872000000001,885.3814,10882.3774
8088,1300.4026000000001,1005.8081000000001,17107.7663
8089,1622.2145,1208.1444000000001,23458.3813
8090,2073.9527000000003,1322.0034,26694.8472
8091,1611.0227,1053.9994,20958.704
8092,910.7782,633.2505,13500.1267
8093,857.8974999999999,611.938,13398.5052
8094,819.1078,588.4417,12721.2957
8095,573.2967,423.7233,7216.6404
8096,474.851,350.3176,5391.5415
8097,354.8977,237.5277,5111.4244
8098,403.8269,266.539,5243.88
8099,394.3929,253.5652,5389.6515
8100,277.6724,166.6038,4640.0771
8101,427.8822,336.27250000000004,3439.1282
8102,364.4348,284.2961,2954.9132
8103,403.55199999999996,318.878,3818.0579
8104,630.5794,476.3595,6698.4073
8105,701.6434,478.0423,6466.436900000001
8106,557.6549,449.1474,6026.9183
8107,490.0589,422.05559999999997,6460.1155
8108,503.85450000000003,456.4051,7292.9276
8109,498.674,454.3267,7284.323
8110,528.4973,477.72249999999997,7411.8156
8111,735.0106000000001,656.279,10202.6112
8112,798.7544,718.9039,11242.4233
8113,799.5082,673.6766,10607.5147
8114,785.7196,461.9659,7637.1833
8115,565.3801,375.6612,5955.1248000000005
8116,478.7555,347.8413,6079.3332
8117,420.7587,329.5827,5918.8871
8118,204.1989,183.1246,3744.4945000000002
8119,221.80939999999998,192.0554,3882.4848
8120,276.645,220.1815,4521.2669
8121,293.7449,230.852,4828.5875
8122,293.7449,230.852,4828.5875
8123,285.3233,228.9554,4651.5974
8124,235.0931,198.05429999999998,3587.4191
8125,97.9154,74.0291,1286.4928
8126,26.6164,26.078500000000002,1100.08
8127,25.7358,25.6902,1102.6132
8128,25.1245,25.4183,1102.1618
8129,160.792,173.71550000000002,2554.1198999999997
8130,358.7123,357.788,5326.0504
8131,388.0675,388.2503,5802.203399999999
8132,550.5514000000001,516.1908,8803.4064
8133,756.182,630.7569,10084.0399
8134,864.8449,688.058,9876.773
8135,679.716,548.5128,7164.3556
8136,726.7058,559.791,8151.1625
8137,846.7132,626.1528,9294.988
8138,679.9588,445.26509999999996,8274.4494
8139,640.3219,399.2498,8040.2294
8140,652.4348,409.4925,7646.5416000000005
8141,643.3041,416.5887,6815.9439
8142,761.8193,564.3577,9417.568
8143,848.5112,591.087,10900.3269
8144,891.1889,583.587,11450.5539
8145,1511.9542,593.3335999999999,11592.2523
8146,1931.6496,517.5207,8931.8488
8147,1782.4049,426.6281,6126.1738000000005
8148,1779.8425,448.88059999999996,6287.9057
8149,1831.1004,496.4348,7364.9088
8150,1223.9216000000001,515.9957,7811.5022
8151,1001.98,902.3614,12069.7706
8152,1051.5825,941.6561,12519.079600000001
8153,1233.3546000000001,1048.1538,16722.351
8154,1524.6396,1215.5674,23965.4292
8155,834.3224,749.3058,11882.039
8156,708.0129000000001,788.0306,8608.3391
8157,735.109,817.1076,8836.9954
8158,686.6058,669.3618,8741.1379
8159,591.0636,505.0887,8365.5759
8160,672.8451,566.9659,8733.017100000001
8161,701.9371,591.9634,8914.2526
8162,702.5581999999999,572.8616000000001,8667.5399
8163,701.6194,547.3612,8328.6291
8164,721.6799,481.9962,9092.7766
8165,794.2535,565.1657,9373.8812
8166,758.775,653.9147,10368.761199999999
8167,890.0902,891.0413,11647.9763
8168,793.0236,754.1211,11399.1437
8169,5753.5272,5662.7136,66531.4473
8170,716.3105,678.2847,13307.5202
8171,1351.9065,1272.9454,19360.4317
8172,1249.1156,1194.6817,16913.4581
8173,983.2133,1175.7874,17026.1273
8174,948.1221,1098.4765,15532.8913
8175,1463.1562,1129.2731,16495.3382
8176,1468.2604000000001,1082.6458,18931.7389
8177,1079.4443,828.094,14375.9526
8178,819.7277,724.022,10751.0702
8179,999.976,851.1272,13479.118699999999
8180,1097.8111000000001,887.7766,14922.260400000001
8181,1019.2488999999999,849.7748,13914.7832
8182,900.1995,771.4517,12332.3664
8183,845.0407,725.5718,12041.8173
8184,745.1218,663.5541,12529.6565
8185,1220.423,1031.6974,16179.454999999998
8186,1458.459,1223.1904,17662.069
8187,1332.1368,1041.373,13667.7724
8188,1330.4778,1107.7924,16396.6482
8189,1433.5987,1134.9254,21198.6592
8190,1694.904,1200.9491,22902.085
8191,1573.9333,1027.8388,20689.2263
8192,923.8213999999999,638.5073,13525.1919
8193,913.7317,635.0042,13512.8484
8194,827.7125,616.0612,12564.679100000001
8195,685.7615999999999,514.9477,9660.6629
8196,452.7455,344.5094,6081.5221
8197,356.0243,289.7297,5299.3438
8198,426.4357,316.43899999999996,5937.9839
8199,357.9169,252.01330000000002,5429.8293
8200,260.8445,162.312,4676.2405
8201,312.7924,235.92190000000002,2579.6056
8202,387.24580000000003,300.5286,3116.9279
8203,481.4042,389.4235,4710.1595
8204,592.6166000000001,475.9655,6371.3081
8205,591.4819,475.7285,6327.2714
8206,591.5915,475.7733,6327.4603
8207,573.1238,461.9079,6225.2784
8208,522.5841,446.4321,6672.705099999999
8209,526.3496,464.2131,7320.8863
8210,609.6227,534.7339,8013.641299999999
8211,991.2860000000001,824.2821,11093.3397
8212,951.6322,788.2254,10845.0464
8213,847.8084,575.6359,8765.0954
8214,729.2213,480.554,8313.9583
8215,596.1133,403.0611,7757.0898
8216,528.208,344.3304,8261.6427
8217,441.437,296.0108,8370.5489
8218,266.0318,217.5168,5543.7637
8219,274.1758,216.5944,4225.6422
8220,281.6911,221.505,4407.7344
8221,293.7449,230.852,4828.5875
8222,293.7449,230.852,4828.5875
8223,293.7449,230.852,4828.5875
8224,285.7145,224.6057,4553.8667
8225,172.86700000000002,137.78459999999998,2501.5201
8226,26.2195,26.0517,1090.6779000000001
8227,28.4735,26.7024,1095.1239
8228,34.3467,32.0756,1140.8874
8229,321.2232,333.2414,4021.8784
8230,401.2537,413.08389999999997,6464.1047
8231,467.0184,522.3129,5909.3042000000005
8232,490.8938,536.3621,6241.070900000001
8233,580.7311,521.9246,6899.309
8234,582.427,458.3785,4259.0942000000005
8235,559.799,439.9906,3814.1362
8236,611.1171,464.6666,4662.4375
8237,774.5413,544.8722,8844.433500000001
8238,615.5196,385.6921,7604.7479
8239,639.3874999999999,403.6611,7597.6669
8240,676.4989,429.7749,7056.0547
8241,696.5189,448.48859999999996,7261.8429
8242,858.7299,658.1876,11461.8179
8243,862.1126,650.7488,11460.9004
8244,889.1471,589.9401,11452.4167
8245,1253.4008999999999,565.9552,10783.1771
8246,1959.1483,507.9214,8818.1998
8247,1851.6247,472.49780000000004,7366.8294000000005
8248,1809.1108,467.0263,6929.1897
8249,1555.7641,466.3849,6845.9676
8250,656.8636,436.3135,6337.7355
8251,780.8036,722.3955,10183.768
8252,991.1617,933.3021,11983.9709
8253,881.7568,812.1954000000001,11266.6776
8254,371.1674,395.0222,4116.5109999999995
8255,292.331,323.1251,3028.8754
8256,358.7119,392.5885,4149.9965999999995
8257,692.4901,709.3747000000001,8702.878700000001
8258,628.7685,557.7182,8393.9044
8259,560.7286,467.5971,7973.9429
8260,584.875,487.4353,8148.2081
8261,696.1426,580.7038,8798.303100000001
8262,703.281,550.6507,8380.6156
8263,595.1105,434.8779,6365.9841
8264,480.7261,315.1773,4499.8444
8265,453.3545,311.3187,4415.1657
8266,394.3266,376.46,4656.4261
8267,417.2769,404.418,5031.0809
8268,591.0487,550.6244,9355.3061
8269,1903.1763,1849.0535,25993.339
8270,1416.7540999999999,1311.2328,22162.1219
8271,2805.2533,2544.873,40690.2621
8272,2713.8134,2427.1799,38068.4656
8273,2271.4051,1657.3344,22546.2508
8274,1781.7741,1281.1382,23518.2905
8275,1846.2524,1291.0922,24323.8997
8276,1981.4302,1413.6619,24089.1835
8277,1869.1983,1432.8626,22857.6244
8278,1497.0752,1278.307,19394.3875
8279,986.4875,730.9391,13180.5394
8280,969.114,694.9936,12990.2505
8281,972.1911,760.0371,13121.445
8282,941.5217,812.2291,12707.6736
8283,942.2534,812.8547,12720.5997
8284,604.4944,500.9378,8991.187
8285,680.6985,539.1439,7698.0738
8286,1063.2966000000001,859.6686,9656.6437
8287,1369.2998,1126.7472,14846.2395
8288,1342.6480999999999,1138.0991,15531.2198
8289,1317.0703,1107.9556,16620.6981
8290,1333.6187,1119.9042,16749.3762
8291,1308.84,982.9904,17575.8776
8292,847.5256,612.0169,13201.5038
8293,732.0649999999999,562.4891,10107.1875
8294,563.9605,471.9631,6743.9135
8295,487.9065,417.6084,5884.840999999999
8296,345.551,295.5007,5103.6294
8297,314.5084,255.3113,4793.5343
8298,319.3125,249.7457,4943.3485
8299,347.7986,249.627,5315.4887
8300,257.2684,161.0111,4625.1514
8301,301.73,226.4276,2497.6297
8302,339.5263,260.9019,2780.6382
8303,502.9307,399.68,5304.4517000000005
8304,590.5676,475.3568,6325.699
8305,573.7748,465.0313,6148.153499999999
8306,591.5915,475.7733,6327.4603
8307,591.5915,475.7733,6327.4603
8308,584.0413,469.4864,6265.371
8309,891.3367,655.4221,8496.7405
8310,1005.7151,802.4295999999999,10526.6788
8311,1051.1548,851.5354,11637.0898
8312,943.8414,762.2408,9764.9613
8313,739.2548,648.0373000000001,8565.4622
8314,849.2521,711.8106,11097.6436
8315,760.7613,551.6825,10556.9549
8316,483.9101,305.1524,8982.0273
8317,390.6735,269.9134,7906.4623
8318,296.0665,237.8689,6886.6458
8319,277.99039999999997,219.0685,4562.715200000001
8320,317.1902,244.9449,5643.6931
8321,321.1887,248.6909,5815.2434
8322,293.7449,230.852,4828.5875
8323,293.7449,230.852,4828.5875
8324,282.4616,222.10229999999999,4434.6167
8325,244.9009,192.1862,3594.4893
8326,112.8347,79.593,1767.1735999999999
8327,94.7426,57.5162,1402.6045
8328,167.7187,107.9691,2141.4045
8329,240.0483,179.5942,2726.85
8330,377.716,366.0688,5108.4636
8331,540.0975,566.3376999999999,6202.7576
8332,543.0181,567.7254,6213.0046
8333,400.36899999999997,403.8956,4347.4787
8334,373.087,323.8129,3101.9965
8335,592.556,410.9286,3661.6341
8336,822.0858000000001,439.9792,5135.294
8337,813.1921,476.2384,7605.3405
8338,560.7145,369.4907,6876.214
8339,567.1845000000001,373.2114,6883.522800000001
8340,683.493,434.5371,7521.2962
8341,863.4932,558.9946,9941.925799999999
8342,942.1922,666.4113,11970.145
8343,886.4581000000001,652.5301,11456.8639
8344,793.9417,527.62,9498.0064
8345,1133.7147,487.9916,8421.1746
8346,1937.7473,494.121,8482.4478
8347,1816.4273,475.6206,7598.9571
8348,956.2738,415.3491,6042.8897
8349,441.21610000000004,388.8252,5572.2357
8350,449.2878,414.0043,6039.767
8351,674.5753,595.0463,9644.6387
8352,817.1517,752.7292,11152.2872
8353,760.1267,704.8573,10697.3933
8354,332.2706,355.8171,3931.7625000000003
8355,292.331,323.1251,3028.8754
8356,309.3213,334.5083,3342.0353
8357,612.8698,558.8904,8155.5502
8358,903.2476,856.9504999999999,9768.7745
8359,773.9825,737.7875,9108.0676
8360,649.7628,624.897,8278.4144
8361,718.7431,632.2057,7736.59
8362,704.2956,535.3746,7063.5702
8363,579.4546,405.9057,5286.4353
8364,653.7474,467.1372,5643.7027
8365,628.6145,484.1103,5635.0179
8366,378.31260000000003,366.93080000000003,4321.9384
8367,378.31260000000003,366.93080000000003,4321.9384
8368,381.1205,354.2049,4525.3577000000005
8369,775.7198,697.0246,13018.2233
8370,2602.6403,2350.5906,38468.602699999996
8371,2849.4128,2584.9351,41208.3712
8372,2719.3449,2357.45,34989.4491
8373,2656.8992,1872.4659,24348.1534
8374,2717.7093,1884.9281999999998,27166.4879
8375,1852.5329,1273.4243000000001,24230.5981
8376,1890.4747,1430.1579,23352.593
8377,1669.7301,1423.5861,21346.1262
8378,1601.4831000000001,1358.1881,20099.5095
8379,968.8263000000001,692.9906,12966.900099999999
8380,968.4317,692.5729,12949.9237
8381,920.657,683.0229,12156.7834
8382,861.4616,743.7568,11292.7143
8383,936.5452,807.8513,12631.01
8384,613.1832,518.0475,8677.1194
8385,559.917,454.2031,8077.1157
8386,1022.5453,827.8965,9358.3831
8387,1133.0937000000001,958.8738,12833.9699
8388,1257.6929,1105.849,13610.8018
8389,1363.9128,1141.7203,16475.8633
8390,1348.2744,1103.1793,16818.899400000002
8391,1334.7245,1085.8883,16746.5325
8392,1140.2921999999999,943.7286,15247.9749
8393,532.2772,451.91929999999996,6091.5985
8394,485.9722,417.71049999999997,5916.5253999999995
8395,383.9137,339.0351,5650.9558
8396,335.1004,279.4443,4973.2
8397,289.8217,241.8965,4623.3143
8398,285.7072,239.6517,4595.7178
8399,272.4253,229.65879999999999,4349.026
8400,125.196,111.461,2228.9365
8401,183.7986,127.8401,1628.9054
8402,457.52160000000003,362.0871,3971.4364
8403,591.1083,475.4465,6321.9386
8404,591.3806000000001,475.68760000000003,6327.0978000000005
8405,590.5236,475.339,6325.6235
8406,589.8555,475.0675,6324.4746000000005
8407,591.5915,475.7733,6327.4603
8408,591.5915,475.7733,6327.4603
8409,1081.2131,801.6222,9842.6371
8410,1257.6676,922.6951,11113.8681
8411,1025.8843,817.7094999999999,9948.4019
8412,623.5817,617.4817,7041.6845
8413,612.6867,611.233,8411.7055
8414,928.1834,745.7035,12018.2432
8415,469.5188,328.0344,9722.4535
8416,439.1182,285.1646,8924.5187
8417,346.8639,231.87560000000002,8083.702
8418,307.28790000000004,223.2026,7347.7254
8419,428.9785,322.6262,10278.3902
8420,420.6301,316.3239,9371.8048
8421,298.71320000000003,231.9801,5049.6035
8422,277.4583,218.2288,4460.5314
8423,293.092,230.3452,4805.7266
8424,274.1545,215.3108,4279.1806
8425,217.3144,160.9112,2925.3827
8426,154.8806,101.47030000000001,1626.1249
8427,231.7372,163.76149999999998,2337.4139
8428,260.3438,186.35860000000002,2600.3257
8429,258.2386,183.8709,2581.4491
8430,298.2577,240.9684,3012.4162
8431,473.9013,489.6225,5477.707
8432,460.5994,472.2376,5310.0686000000005
8433,356.7644,351.7968,3948.8558
8434,395.45599999999996,300.1181,3105.5192
8435,861.1792,395.4665,4004.3599
8436,892.3746,407.8385,4383.5838
8437,1039.4313,523.335,7977.5071
8438,910.2871,481.519,7681.2838
8439,570.1802,403.9278,7239.7849
8440,644.2429,490.0464,8559.4807
8441,1015.2428,672.0862,12473.27
8442,998.2154,662.0128,12374.6046
8443,720.5325,487.0652,10578.512200000001
8444,594.6477,394.4635,7458.2507000000005
8445,627.3401,402.1608,7051.7841
8446,754.0646,411.041,7189.438
8447,483.7242,356.3851,5283.2214
8448,397.1664,356.3789,4943.0399
8449,448.4607,396.2276,5714.8366
8450,622.9003,495.9901,7882.6799
8451,699.104,562.749,9099.3454
8452,727.1333,699.0906,12636.8964
8453,610.7939,603.2594,11300.1564
8454,474.6782,484.90840000000003,8773.6147
8455,363.324,374.082,4552.7402
8456,563.696,496.15610000000004,8300.8536
8457,776.7014,660.3620999999999,11163.6956
8458,1064.9764,950.4919,12655.1616
8459,1204.7959,1070.4247,14585.769
8460,1098.8887,996.9263,14535.8878
8461,908.2765,863.2389,9099.482
8462,981.1466,842.4014,8794.8136
8463,810.9626000000001,647.2315,7158.8992
8464,770.3252,570.1554,6406.643
8465,658.079,510.3019,5826.666
8466,378.31260000000003,366.93080000000003,4321.9384
8467,378.4541,366.992,4322.3762
8468,532.4987,492.81469999999996,7703.3566
8469,696.489,619.6529,10249.2304
8470,1213.9637,1064.3477,19071.3577
8471,2547.0872,2266.022,36734.623
8472,3282.16,2965.1723,37607.8001
8473,3341.4242,2608.6808,31762.4539
8474,3329.5396,2508.0564,29886.1482
8475,3186.9524,2681.6197,30130.9489
8476,2489.2992,1995.662,30039.894800000002
8477,1615.8049,1312.5537,20007.5435
8478,1511.3259,1227.4325,18033.9242
8479,569.8507,409.6582,7284.9202
8480,589.6003,431.52549999999997,7364.1066
8481,461.0912,360.9691,5057.5244
8482,587.1937,502.029,6796.4372
8483,562.9953,483.1976,7137.49
8484,389.6244,334.59430000000003,4983.348
8485,437.1773,366.50870000000003,6386.9171
8486,664.8632,545.7074,7308.5582
8487,733.9982,646.706,10673.801300000001
8488,1026.7532,897.4978,12206.943800000001
8489,1374.5623,1107.9538,15964.6392
8490,1340.1271,1088.6956,16755.4835
8491,1321.9325,1074.2488,16687.3628
8492,943.5831000000001,791.2789,10979.9736
8493,519.2923,444.82460000000003,6250.7031
8494,393.2031,349.227,5748.7658
8495,350.5925,298.786,5258.5418
8496,319.0605,265.6202,4893.9659
8497,285.7072,239.6517,4595.7178
8498,285.7072,239.6517,4595.7178
8499,257.7738,218.3065,4022.0448
8500,119.4756,108.90950000000001,2040.7187
8501,373.5466,274.6417,2814.0301
8502,1357.6361,1290.4941000000001,11746.8175
8503,708.7542000000001,615.9864,6897.0087
8504,564.4171,452.5678,6070.4693
8505,586.8996,471.81010000000003,6277.8829
8506,591.5915,475.7733,6327.4603
8507,591.5915,475.7733,6327.4603
8508,591.5915,475.7733,6327.4603
8509,1081.2131,801.6222,9842.6371
8510,1257.7316,922.6888,11109.568
8511,1236.0888,920.9794,11039.9866
8512,1049.1185,833.7455,10202.0437
8513,1020.4812000000001,810.3945,10273.8865
8514,670.0575,515.9809,10842.1887
8515,444.9658,334.9171,10200.7932
8516,324.4468,213.2055,7795.360000000001
8517,304.992,193.2864,7100.1106
8518,322.2694,206.4247,7603.6791
8519,571.7187,377.2385,14662.479800000001
8520,489.2836,333.4092,11692.6598
8521,475.8818,338.7383,11129.6076
8522,294.7598,218.4998,5898.4967
8523,312.2928,230.3549,4982.0808
8524,303.75329999999997,211.2725,4465.8677
8525,263.9806,170.0546,3225.1819
8526,214.7799,136.7573,2308.8257
8527,257.9793,182.5816,2585.5786
8528,257.0095,182.6575,2572.399
8529,256.3029,181.7104,2565.1153
8530,256.2338,183.3288,2601.032
8531,291.8285,259.7437,3641.007
8532,305.36809999999997,283.63100000000003,3882.5935
8533,320.8453,291.21070000000003,3911.0734
8534,871.0378000000001,440.0973,4825.6899
8535,974.6169,470.253,5453.4131
8536,1103.117,536.7988,7393.5532
8537,1054.1208,527.4331,8109.2602
8538,1046.1897,525.2849,8120.8689
8539,654.3151,471.9316,7844.7001
8540,584.8307,452.34139999999996,8688.4655
8541,642.057,449.888,10282.693
8542,607.0938,409.59069999999997,9721.8089
8543,618.9231,382.5482,8763.8844
8544,608.5146,387.65999999999997,7905.4142999999995
8545,596.6369,397.63329999999996,7002.1547
8546,459.6687,351.8343,5494.2474
8547,322.949,288.90659999999997,3676.3403
8548,322.949,288.90659999999997,3676.3403
8549,453.9272,377.5152,5488.6133
8550,687.2616,532.4335,8677.599699999999
8551,687.8341,556.4958,9368.2239
8552,714.4843,691.5932,12840.8748
8553,624.8681,615.6043,11551.7347
8554,531.6211,535.9657,10141.4731
8555,739.7348,636.9989,10491.8657
8556,777.1165,641.7298,11504.4584
8557,916.5725,755.9693,12649.972899999999
8558,1187.7114,987.4263,13474.6826
8559,1437.2281,1237.8223,15456.063900000001
8560,1380.9285,1188.0957,15742.2263
8561,1887.0268,1459.0248,16703.8566
8562,1800.8995,1615.2928,23455.2763
8563,1267.3201,1157.4351,11833.356
8564,649.2367,481.9907,5523.0797999999995
8565,352.4734,230.31050000000002,3280.0956
8566,325.39709999999997,259.9233,3458.0851
8567,361.7677,325.0315,5256.9595
8568,464.33529999999996,386.8932,8781.837
8569,644.9447,565.1263,9947.1724
8570,800.0604999999999,683.7349,12084.8349
8571,1759.5122999999999,1475.858,24302.0687
8572,3362.696,3043.6827,36475.4887
8573,3074.0472,2689.2311,31865.9805
8574,2981.4944,2582.0521,28504.5518
8575,3331.1928,2792.9734,34034.9184
8576,2381.6726,1812.6549,31902.460900000002
8577,1674.0797,1237.8562,21229.1285
8578,1255.2060000000001,860.7593,15543.4887
8579,207.7885,147.56,2246.4554
8580,204.5401,145.3226,2184.6528
8581,213.7956,159.556,2502.7867
8582,268.9352,220.9152,3503.8877
8583,314.7407,270.5806,4528.9139000000005
8584,271.1663,228.03369999999998,3663.3028
8585,563.2662,465.8093,9016.3115
8586,402.0095,335.2323,4580.8698
8587,454.064,357.0757,5086.0193
8588,925.2481,604.0269,11389.792300000001
8589,888.5223,758.1365,11752.355
8590,1067.9722,891.6167,13137.8587
8591,828.7691,655.9322,11353.3654
8592,602.7225,506.3439,8987.1184
8593,537.3378,455.7958,6372.4101
8594,459.353,398.1417,6042.1023
8595,372.8678,328.1949,5573.4369
8596,302.5837,249.4511,4714.5955
8597,285.7072,239.6517,4595.7178
8598,285.7072,239.6517,4595.7178
8599,268.9169,227.5243,4301.3902
8600,119.2945,108.79169999999999,2040.2437
8601,563.479,405.9642,6052.413500000001
8602,1015.5183,847.7713,9555.1558
8603,498.2795,414.7325,4886.3452
8604,540.1582,434.1421,5562.1188999999995
8605,540.5323999999999,433.1309,5727.6007
8606,591.5915,475.7733,6327.4603
8607,575.8769,461.6606,6201.5469
8608,435.3967,338.2802,5109.3329
8609,505.1557,366.6908,5587.6586
8610,1035.3224,755.7604,9514.7003
8611,1257.8058,923.6587,11112.957699999999
8612,1069.8251,845.5965,10302.0002
8613,980.4118,778.2923,9926.6704
8614,468.2955,358.0093,8541.3435
8615,328.3872,221.2379,6421.4083
8616,293.154,184.4776,5691.3258000000005
8617,298.2434,187.8152,6428.367700000001
8618,433.53679999999997,279.5947,10551.7219
8619,641.6522,419.1342,15976.708499999999
8620,666.8317,435.525,15868.5848
8621,707.8724,462.24850000000004,16844.6032
8622,561.9557,367.7067,11962.8168
8623,346.6145,231.3264,5409.9218
8624,313.9764,210.17340000000002,4533.5572
8625,319.9398,212.0668,5070.6732
8626,311.9729,202.839,4686.5531
8627,266.4609,171.3578,2851.9669
8628,256.2599,178.3042,2599.8738
8629,254.61530000000002,180.1062,2553.2197
8630,277.653,197.14800000000002,3075.5512000000003
8631,350.0236,282.5971,4970.1687
8632,293.0177,265.1394,3840.5594
8633,395.2499,295.642,4013.6434
8634,1017.3895,543.7531,6552.1911
8635,1450.016,895.2165,14609.454600000001
8636,1477.6565,824.6271,14966.1733
8637,1255.6576,585.9161,10148.154
8638,1392.5045,647.1805,14546.4215
8639,1060.278,560.2896000000001,13829.9909
8640,877.8024,500.7736,12586.923
8641,560.3624,365.8149,9208.7771
8642,688.0844,396.2671,8121.5248
8643,718.8119,403.8844,7872.8333
8644,679.2997,393.6049,7676.0342
8645,662.3751,328.29949999999997,6890.4808
8646,523.0151,261.4603,4140.0271999999995
8647,322.3764,286.847,3676.1333
8648,322.949,288.90659999999997,3676.3403
8649,424.2515,356.6195,5056.4430999999995
8650,689.9959,538.3004,8912.0736
8651,854.9336,628.5416,12513.7703
8652,784.6371,703.2411,13514.7395
8653,562.916,563.0724,10660.5525
8654,636.0772,593.3462999999999,10415.9042
8655,823.849,694.3846,11255.541799999999
8656,1020.1546999999999,889.5228,17433.5835
8657,1060.5356,840.9484,12930.1424
8658,1213.4818,984.9584,13497.8781
8659,1498.7269,1261.4735,14905.8567
8660,1605.7157,1322.8521,15433.3953
8661,2032.137,1604.0258,20130.5006
8662,2104.9851,1901.8844,32677.4706
8663,1111.3747,976.6521,15919.999
8664,240.33509999999998,143.2843,2387.9309
8665,269.827,158.8543,2657.3504
8666,261.0343,154.8893,2634.0517
8667,317.1069,249.95350000000002,5470.3842
8668,444.6425,372.6441,8399.5623
8669,549.7607,470.92400000000004,9366.6449
8670,1107.3241,874.5004,17929.8216
8671,1235.9115,951.9415,20293.0004
8672,2540.5454,2192.9654,28546.1806
8673,2135.9292,1763.434,20742.1699
8674,2490.4703,2093.5988,28711.9601
8675,3295.9655,2657.3339,39815.2566
8676,2364.0335,1796.2204,32068.6065
8677,1802.0911,1362.3877,22749.7413
8678,779.3238,542.2745,9198.3841
8679,201.4097,139.9887,2051.1131
8680,205.81719999999999,148.9841,2300.8429
8681,223.0262,183.2607,3219.6185
8682,290.3254,237.24540000000002,4147.5587000000005
8683,359.0349,282.0687,4963.8508
8684,468.681,352.0106,6572.6667
8685,589.2225,487.469,9527.122
8686,541.5744,449.2344,8235.3621
8687,751.2847,495.8817,9200.5206
8688,1024.2433,610.8166,11786.0607
8689,818.5614,680.7804,11200.6494
8690,691.5541,588.4694,10512.2403
8691,646.8994,500.4273,9697.2117
8692,729.8685,573.7336,11198.8572
8693,542.7401,458.5914,6479.0562
8694,514.6612,431.5509,6357.679
8695,410.5858,342.4771,6511.6049
8696,330.46229999999997,270.8149,5351.6099
8697,285.7072,239.6517,4595.7178
8698,285.7072,239.6517,4595.7178
8699,345.8845,272.4864,5221.2585
8700,158.9379,132.81380000000001,2603.4151
8701,672.4516,482.4111,6777.5472
8702,492.00509999999997,378.8629,3585.2787
8703,439.60519999999997,339.85630000000003,3043.2505
8704,347.5643,273.9796,3101.1468999999997
8705,508.6272,405.3195,5008.6911
8706,493.693,386.855,5554.1211
8707,328.4653,243.6099,4269.8886999999995
8708,298.47749999999996,219.333,4041.3944
8709,298.47749999999996,219.333,4041.3944
8710,306.67560000000003,223.6321,4084.8475
8711,640.4776,465.535,6356.1452
8712,894.1393,696.3205,8224.246
8713,626.7599,457.2917,5660.6798
8714,324.4104,206.4254,4571.6804
8715,297.3205,186.6343,5158.8299
8716,287.4897,180.2319,5044.7324
8717,287.4436,180.1856,5043.2494
8718,595.2246,387.3068,13722.0978
8719,707.8724,462.24850000000004,16844.6032
8720,707.8724,462.24850000000004,16844.6032
8721,707.4113,462.0787,16839.368
8722,486.5794,322.1176,9710.1879
8723,338.682,226.9608,5174.6653
8724,341.8939,228.8202,5136.0094
8725,335.7638,225.5568,5477.0733
8726,325.8561,219.3535,5473.8901
8727,295.3907,195.8147,4892.9272
8728,243.9774,155.1299,3003.569
8729,288.1468,206.9103,3426.5693
8730,493.6788,358.2696,8047.3316
8731,535.9318,396.45239999999995,9005.0194
8732,402.1355,324.0528,5945.8741
8733,472.4142,354.0499,5417.4591
8734,1841.8445000000002,1198.4464,23364.6978
8735,1460.973,882.0789,14397.134
8736,1174.5043,569.5414,8287.0177
8737,1110.6748,528.0204,7066.8627
8738,1240.248,593.0353,13828.4472
8739,1108.1712,555.7916,14877.941
8740,1059.9595,534.7357000000001,14104.941
8741,622.169,347.7792,7480.2159
8742,704.6821,390.2247,7658.0331
8743,763.1184000000001,372.2932,7495.1313
8744,804.1392000000001,274.9593,5932.0875
8745,774.8443,234.0471,5079.8760999999995
8746,758.3942,228.4155,4675.6173
8747,563.3541,250.8844,4117.1761
8748,324.6637,289.269,3666.044
8749,341.1168,328.9572,4769.9429
8750,556.4627,497.1498,9735.7281
8751,1092.6559,747.3706,17356.4614
8752,1052.6390999999999,739.3674,17122.9472
8753,774.6246,672.4507,11350.8433
8754,873.5697,721.6633,10026.3334
8755,950.1331,810.5706,13753.456699999999
8756,1209.1996,1065.6882,24524.4392
8757,1112.1232,815.3704,18350.7765
8758,1223.6082,972.23,16007.647
8759,1410.6642,1198.5067,15647.6547
8760,923.2645,823.6052,9547.5537
8761,1204.7605,1019.5955,15639.152399999999
8762,2732.656,1994.954,43368.0166
8763,301.0841,223.9983,3318.9247
8764,162.6892,106.1116,1394.6543
8765,257.9064,147.2049,2670.8582
8766,235.36010000000002,138.9374,2663.4094999999998
8767,234.5042,200.9853,2915.2996
8768,294.2222,293.1793,4127.6996
8769,611.1462,623.6306,8166.0216
8770,1016.4445000000001,938.7548,14150.9583
8771,1271.9053,1046.4726,20011.5364
8772,1685.8259,1328.7937,20917.5979
8773,2070.1965,1692.5195,20002.1948
8774,3138.9969,2542.7258,36050.9246
8775,3069.9371,2485.8056,36317.7276
8776,1381.7115,1111.3597,13365.8504
8777,1081.5305,837.8787,9507.9641
8778,256.7328,176.6954,1993.9306
8779,186.2803,121.3616,1685.3441
8780,237.37030000000001,198.9052,3382.4358
8781,273.1884,247.4891,4397.9486
8782,281.3683,253.5874,4534.7413
8783,402.8899,319.088,5409.3367
8784,580.8655,413.7889,5914.7274
8785,808.572,612.3935,11822.5982
8786,779.4684,591.126,11801.6714
8787,974.5009,600.2374,11781.3486
8788,1021.0857,627.178,11773.9087
8789,884.3317,680.3646,11354.9931
8790,707.7178,580.7232,10920.655499999999
8791,890.5135,635.164,13475.0862
8792,1011.9847,711.7822,15484.5089
8793,719.7696,546.5702,10194.3475
8794,612.0427,480.1262,8330.648299999999
8795,482.3922,384.17470000000003,7792.311000000001
8796,400.1408,324.0443,6623.098
8797,334.9407,269.9257,5296.4658
8798,598.7354,416.851,8744.2016
8799,850.6525,560.84,11869.971
8800,762.386,505.94669999999996,10664.4564
8801,586.0934,429.7915,5084.8755
8802,489.9579,381.1505,3260.0796
8803,454.5335,352.9465,3112.8458
8804,362.7155,277.7443,2722.8693
8805,346.5528,262.512,2999.1315
8806,298.6993,219.1661,4010.5058
8807,298.47749999999996,219.333,4041.3944
8808,298.47749999999996,219.333,4041.3944
8809,298.47749999999996,219.333,4041.3944
8810,298.7846,219.0102,4028.6802
8811,303.8743,216.6062,3888.4229
8812,344.1303,226.605,3846.0177999999996
8813,347.4115,203.668,3432.1359
8814,351.4989,207.9783,4326.9392
8815,384.5917,241.6752,5986.7584
8816,343.9451,225.0293,6177.2623
8817,320.637,207.0136,5796.0741
8818,645.2927,419.10339999999997,14983.0687
8819,707.8724,462.24850000000004,16844.6032
8820,680.3913,447.1223,16342.4115
8821,639.3341,424.5679,15204.776600000001
8822,369.7128,247.1123,5868.2794
8823,358.7242,239.8775,5492.7072
8824,354.8462,237.3651,5408.8552
8825,332.6361,223.2909,5342.2694
8826,325.7455,219.3141,5473.6732
8827,321.9313,216.7421,5419.2982
8828,242.8607,174.5385,4474.0795
8829,414.6441,304.4334,7191.2307
8830,548.4857,393.38100000000003,9566.7197
8831,583.5523,423.3446,9347.2259
8832,729.1765,508.753,8248.4082
8833,1047.5091,692.552,9660.8526
8834,1878.9244,1330.6256,25712.2171
8835,2032.2486,1056.8672,24598.9098
8836,1437.7702,706.7075,14506.0592
8837,791.2025,436.2074,7120.2276
8838,676.8498,382.5132,7038.0238
8839,877.6525,452.8164,9693.535
8840,805.5583,422.92560000000003,9700.548
8841,606.7638,336.0041,6618.116
8842,609.1411,336.8281,6637.8821
8843,754.3595,245.0495,5213.7932
8844,774.8923,234.0634,5081.0501
8845,774.8923,234.0634,5081.0501
8846,773.665,233.644,5050.9043
8847,756.3665,227.9749,4596.1042
8848,546.4627,293.5729,5066.3966
8849,377.3497,425.0695,7550.2701
8850,417.751,455.4579,8287.5943
8851,1004.1725,759.2342,17692.6782
8852,1084.8268,804.1555999999999,19218.6557
8853,884.5814,729.3333,13293.0521
8854,932.3429,814.0004,12127.0659
8855,1104.7783,1041.3425,18451.0606
8856,1116.4754,821.1027,17789.6395
8857,1584.4421,1077.1607,27653.5469
8858,1218.6902,956.7616,19096.9034
8859,1163.2781,1029.6213,16378.0567
8860,692.2562,656.2428,7932.2091
8861,657.0871999999999,601.8596,7197.5813
8862,2276.2381,1564.1384,37163.545
8863,766.9902,538.8614,12167.6539
8864,209.8576,156.9862,2102.3496
8865,270.8757,201.7911,3140.4895
8866,428.5885,329.8088,4891.5723
8867,361.8682,366.4783,3899.1176
8868,413.17580000000004,486.074,4513.7592
8869,722.2589,805.0271,8544.953300000001
8870,810.1582,859.561,9297.3147
8871,1032.4083,967.7917,13070.9562
8872,1315.6848,1123.5185999999999,16392.5501
8873,2050.7171,1692.9871,19481.2163
8874,3230.6293,2623.2584,36828.1265
8875,2548.6376999999998,2086.1899,26610.7657
8876,1147.8391,882.3308,11456.6665
8877,1125.9003,859.7684,10619.2452
8878,517.1281,382.01959999999997,4384.3195
8879,177.2734,116.09570000000001,1544.5545
8880,263.8571,229.1344,3816.6528
8881,281.6608,249.77360000000002,4226.0088
8882,275.8829,255.26839999999999,4380.2687
8883,411.31669999999997,318.8596,4676.9274
8884,829.1033,588.1599,11963.8637
8885,1060.3142,763.1756,15725.9234
8886,1070.0957,770.6234000000001,15760.0354
8887,925.9035,641.5065,11162.1189
8888,914.785,652.499,10563.017
8889,842.2316000000001,617.5019,10179.767100000001
8890,721.0098,574.2346,10925.6168
8891,873.8856,633.6798,13037.46
8892,949.6387,679.6838,14330.368
8893,632.3609,493.7813,8674.0176
8894,612.6383,480.46500000000003,8343.9716
8895,570.322,449.1793,8164.7403
8896,523.3252,407.6129,7927.7016
8897,716.9454999999999,494.56059999999997,10101.815
8898,857.3566,564.0436,11925.681
8899,856.1533999999999,564.0189,11930.406500000001
8900,856.1533999999999,564.0189,11930.406500000001
8901,636.1636,466.642,5604.6236
8902,498.15930000000003,384.6601,3473.7976
8903,396.1579,305.9466,2874.2583
8904,372.6511,286.7978,2777.4221000000002
8905,330.7677,242.8154,3442.6378
8906,329.79200000000003,241.2008,4187.4076000000005
8907,285.4334,209.2561,3733.2355000000002
8908,298.47749999999996,219.333,4041.3944
8909,298.47749999999996,219.333,4041.3944
8910,299.2795,215.8995,3936.7217
8911,309.4558,206.7337,3557.185
8912,324.9244,201.5535,3472.83
8913,326.1566,184.718,3337.2079000000003
8914,370.8075,225.9891,5135.782
8915,394.018,247.2277,6054.9221
8916,394.018,247.2277,6054.9221
8917,394.018,247.2277,6054.9221
8918,630.4634,410.707,14272.0492
8919,706.927,463.64750000000004,16856.2161
8920,690.7382,469.3659,16277.5775
8921,532.6483000000001,374.9654,9157.6427
8922,360.08410000000003,240.9701,5495.4204
8923,358.3645,239.7085,5484.3349
8924,358.3645,239.7085,5484.3349
8925,344.4253,231.0466,5479.4610999999995
8926,324.9453,219.0308,5472.106
8927,276.3151,184.13459999999998,4825.0352
8928,220.2817,152.516,4195.6644
8929,313.52889999999996,215.5314,5871.2298
8930,564.295,382.8175,9391.3343
8931,776.9259,517.9949,9580.4657
8932,1049.6861,690.2156,9643.9265
8933,1086.9524,722.6337,9871.4449
8934,1112.4101,755.6395,10074.1491
8935,1371.9449,849.291,16102.9442
8936,648.6723,437.8144,10497.4531
8937,501.7199,358.8694,7697.097299999999
8938,579.7867,362.3334,7169.4924
8939,724.0307,385.96500000000003,6457.6029
8940,660.3401,358.1331,6536.0786
8941,606.7638,336.0041,6618.116
8942,606.7638,336.0041,6618.116
8943,748.5818,242.6892,5149.3550000000005
8944,774.8923,234.0634,5081.0501
8945,774.8923,234.0634,5081.0501
8946,774.8923,234.0634,5081.0501
8947,770.9072,233.91240000000002,4941.4706
8948,758.8127,384.8069,7231.661599999999
8949,628.3379,570.976,9532.5402
8950,669.5891,604.7182,10453.0643
8951,846.5472,693.7221,14114.4681
8952,1105.6168,814.2544,18768.286
8953,931.9036,735.4232000000001,14669.748899999999
8954,797.6622,663.7621,10042.7584
8955,666.6233,600.8302,9625.5761
8956,870.5271,667.8384,12726.7161
8957,1375.9324,1002.4603999999999,22859.3713
8958,1200.3311,946.2649,19072.8713
8959,1430.9856,1135.1924,23310.0429
8960,1202.8425,961.4104,18707.2718
8961,607.5163,541.5997,5987.4634
8962,704.2372,587.1007999999999,5876.1944
8963,705.1395,577.7129,5825.79
8964,350.4969,289.6886,3976.9481
8965,405.1476,331.5302,4762.6659
8966,979.538,690.3549,12252.2582
8967,853.1697,710.9735,9364.8224
8968,670.7538,674.8491,6577.1707
8969,479.6079,619.7775,4580.6851
8970,951.1949,1009.3208,11052.4065
8971,1132.9648,1154.0903,13173.1062
8972,1160.3315,1176.9377,13459.1846
8973,1461.0053,1418.6649,16377.6155
8974,1820.6057,1634.5603,21336.271
8975,1641.071,1514.0693,20458.6291
8976,1352.4404,1137.8602,18032.1889
8977,1161.1049,920.1162,13857.7858
8978,884.5313,674.3035,8741.945
8979,336.9064,259.08050000000003,4404.1684000000005
8980,487.3095,426.6944,8259.4868
8981,581.0013,527.9914,10532.2867
8982,504.04879999999997,457.6788,8255.2256
8983,522.267,366.5159,5683.0927
8984,553.7659,388.7142,6349.014
8985,898.4411,691.2803,12581.1549
8986,881.9845,741.8719,10803.8963
8987,716.7954,506.47429999999997,5608.95
8988,802.2754,596.603,8487.4659
8989,840.6831999999999,644.0043000000001,10286.062300000001
8990,742.5054,582.4733,11041.5267
8991,828.3791,607.9265,12231.5325
8992,783.4837,576.1666,11152.0754
8993,604.0678,461.90110000000004,7926.4624
8994,612.6383,480.46500000000003,8343.9716
8995,642.6288,492.4301,8789.813
8996,786.8586,535.4059,10862.3582
8997,838.4127,549.9361,11565.6665
8998,859.7556,525.5765,10503.4084
8999,849.2502,515.0424,10110.9526
9000,854.7017999999999,520.4718,10290.731
9001,637.7243,464.1733,6279.2963
9002,590.5115,430.9565,5478.7695
9003,504.7293,369.6058,4627.3306999999995
9004,387.4427,285.6394,3740.8772
9005,370.7751,270.4568,4275.7816
9006,380.7629,275.7847,4739.1219
9007,298.2897,219.2318,4040.932
9008,298.47749999999996,219.333,4041.3944
9009,299.05400000000003,218.54399999999998,4003.7715
9010,305.4818,208.2809,3542.7257999999997
9011,308.54110000000003,204.5309,3422.1581
9012,313.1769,192.5098,3394.2757
9013,301.2391,176.3201,3325.3476
9014,294.0111,178.3074,3594.1455
9015,371.0089,231.6651,5536.3911
9016,393.19530000000003,246.743,6052.1947
9017,400.8992,253.0485,6133.408100000001
9018,534.0359,365.9781,10302.401
9019,645.5278,460.5106,14190.1465
9020,579.7918999999999,412.4157,8794.5702
9021,571.7064,409.2338,8285.0259
9022,465.3827,324.1521,6824.5942
9023,359.404,240.60750000000002,5506.3007
9024,358.3645,239.7085,5484.3349
9025,338.6803,227.3827,5477.6469
9026,322.7291,217.9296,5457.3233
9027,248.5953,170.9397,4534.48
9028,222.6131,154.5543,4209.8224
9029,267.2346,186.8046,4919.9608
9030,437.6561,307.7695,7627.6327
9031,408.0504,289.7686,6955.1823
9032,433.9786,306.1093,6257.4425
9033,621.8658,427.3836,7035.8166
9034,809.9205,568.8290999999999,8659.1755
9035,549.6818,412.57500000000005,8347.1978
9036,478.0164,361.196,7992.3647
9037,477.0335,360.8542,7985.222699999999
9038,520.2186,358.9279,7595.1627
9039,656.2712,364.2921,6557.3245
9040,614.8745,337.5285,6421.9284
9041,592.7023,336.2364,6721.8994999999995
9042,604.2957,334.3541,6563.4842
9043,746.9485999999999,240.7285,5075.4258
9044,774.8923,234.0634,5081.0501
9045,774.8923,234.0634,5081.0501
9046,774.8923,234.0634,5081.0501
9047,786.6129999999999,242.8581,5258.3361
9048,820.6641999999999,470.6201,8451.5994
9049,695.3208,601.0282,9549.7193
9050,700.1841,605.3601,9712.8131
9051,799.5856,667.2,11667.8469
9052,955.1897,733.2626,15695.0605
9053,649.1719,539.9359000000001,10786.7791
9054,689.4933,542.4735,10207.8162
9055,721.8047,580.4029,9715.5638
9056,881.0081,682.6458,11578.3729
9057,1265.96,1010.6046,18175.6606
9058,1280.4957,1012.0309,19555.5311
9059,1541.3564,1184.8516,26033.4706
9060,1301.8033,1017.0998999999999,20730.0015
9061,659.8131,557.3067,6972.9232
9062,713.9661,586.5834,6429.4041
9063,716.0461,586.5597,5907.4533
9064,359.3769,295.1716,4084.8616
9065,510.7571,388.7202,6262.673
9066,1125.3047,768.4548,14330.6704
9067,1023.1514999999999,749.3624,12413.295
9068,883.8132,751.1881999999999,9411.8055
9069,772.292,766.8074,7398.097299999999
9070,1270.5635,1219.8672000000001,13875.6262
9071,1148.7373,1183.5688,13460.5063
9072,1347.2222,1347.7901,15350.5882
9073,1410.5148,1371.1054,16817.6342
9074,1647.1194,1435.0052,20359.8073
9075,1505.7653,1304.6499000000001,19711.3784
9076,994.4401,943.9612,13996.6452
9077,486.6097,452.2346,6586.1086
9078,425.8401,383.1468,5630.100600000001
9079,512.7398,461.681,7922.229
9080,832.2428,761.1278,14654.9687
9081,824.1066,761.4385,14588.784
9082,814.9966000000001,754.1172,14376.0574
9083,628.4585,507.4423,8814.3235
9084,541.872,425.6487,5931.8741
9085,649.5177,631.8371000000001,7072.5274
9086,694.624,650.9434,7330.3588
9087,664.1637000000001,458.0772,5430.2429
9088,669.3362999999999,464.5915,6039.049599999999
9089,962.4924,623.8819,11772.5437
9090,964.3499999999999,609.2143,12545.0985
9091,860.2402,610.263,12033.4703
9092,716.9857,531.4326000000001,8384.2809
9093,656.9399,466.71250000000003,7820.0393
9094,802.9125,603.249,12541.1953
9095,866.9599,608.3203,13312.7434
9096,839.4658000000001,555.1510999999999,11638.3925
9097,838.9055,553.6542999999999,11617.4969
9098,844.422,504.1209,9787.372800000001
9099,850.5304,500.3707,9550.2363
9100,851.5101,500.9857,9568.9074
9101,507.6287,368.6499,5593.185
9102,484.6047,337.8109,5201.0946
9103,479.20189999999997,328.1963,5165.093699999999
9104,407.4794,283.3197,4944.8562999999995
9105,282.6742,201.4506,4201.9295
9106,357.2155,260.9903,4481.2571
9107,305.0238,218.5576,3913.4436
9108,298.47749999999996,219.333,4041.3944
9109,302.293,214.1086,3792.2427000000002
9110,309.4723,203.2799,3287.9952
9111,309.1221,203.08960000000002,3287.1303
9112,298.7967,186.0793,3257.137
9113,281.2874,170.0954,3320.5317
9114,281.778,170.3519,3321.5783
9115,295.9357,179.9882,3668.8726
9116,351.7853,218.022,4860.8284
9117,408.3806,264.1259,5858.1797
9118,503.5661,345.8291,7183.9753
9119,560.7957,394.35269999999997,8769.5082
9120,571.7053,409.2353,8285.0142
9121,571.7053,409.2353,8285.0142
9122,571.5371,409.1149,8284.3485
9123,445.899,316.6312,6339.1605
9124,420.7247,300.6621,5785.6346
9125,415.87280000000004,298.169,5740.5909
9126,363.8275,259.5873,5445.0354
9127,267.25440000000003,188.1096,4603.7374
9128,220.2317,153.6147,4201.778
9129,285.0689,203.0409,5024.0283
9130,369.8385,267.7584,6045.7565
9131,309.2331,221.4293,4989.4633
9132,308.3618,220.764,4974.273
9133,308.3618,220.764,4974.273
9134,320.938,230.8863,5205.3891
9135,336.4008,237.05610000000001,5692.1582
9136,371.6917,267.7957,6263.3192
9137,443.5623,331.72270000000003,7451.5112
9138,477.3514,340.4788,7369.6204
9139,448.8881,301.5607,6559.9742
9140,531.2702,287.3256,5072.0166
9141,468.4284,270.3528,4996.0322
9142,511.7303,272.453,4516.6975999999995
9143,738.3226999999999,230.35760000000002,4684.3544
9144,737.9227999999999,233.8942,4821.7082
9145,733.2989,238.0204,4938.8806
9146,727.6271,246.582,5119.6558
9147,530.2454,310.406,5473.3015000000005
9148,563.8596,463.41819999999996,7664.6291
9149,998.5765,811.0771,16527.4834
9150,1304.1992,1025.0172,23371.2461
9151,1279.05,991.9477,22599.3818
9152,1092.1974,858.8277,19145.4471
9153,645.7682,537.936,10784.9693
9154,698.463,547.6735,10437.8726
9155,952.9879999999999,681.5736999999999,12168.4627
9156,983.8017,696.7479,12361.4421
9157,1142.8479,870.5659,16028.9364
9158,1308.5502000000001,1035.2705,20007.5729
9159,1522.2779,1175.213,25440.4556
9160,996.9969,798.8108,14198.8586
9161,659.7239,557.272,6972.0751
9162,711.9938,576.5408,7004.4185
9163,728.6772,531.8391,7415.8005
9164,653.2438,441.2368,7438.3512
9165,879.6575,614.4125,7716.2982
9166,1067.0839,736.5932,12620.9684
9167,1446.1816,1084.546,18714.1362
9168,1233.1152,1019.0464,16053.529700000001
9169,1390.637,1157.6469,13981.5483
9170,1783.864,1473.2158,17280.8098
9171,1733.3126,1530.0477,17096.2697
9172,1515.2494000000002,1465.7197,16757.8559
9173,1539.109,1470.4453,16812.4546
9174,1630.2051000000001,1471.9436,18773.7938
9175,1336.5171,1120.1374,17664.3136
9176,519.0673,568.1568,7066.0066
9177,493.89779999999996,526.933,6770.7923
9178,410.1279,392.4113,5840.3033
9179,533.5268,503.3743,8834.0647
9180,771.7855999999999,721.3113,14427.5411
9181,809.4533,751.5328000000001,14577.416000000001
9182,806.1560000000001,741.0083,13994.235
9183,610.933,499.1123,8090.8683
9184,525.4548,413.6099,5972.7229
9185,635.8337,617.1943,7043.6123
9186,560.9378,535.9649000000001,6618.5752
9187,283.477,196.3879,2834.7136
9188,215.5851,151.7716,2326.3399
9189,628.8353,358.3569,10086.5679
9190,682.4007,383.0016,11613.4761
9191,597.292,400.599,9213.2845
9192,564.6034,430.8444,7996.911599999999
9193,566.4585999999999,419.85290000000003,8637.948
9194,862.3591,658.8444,16906.5183
9195,858.1279999999999,655.0792,16848.4173
9196,794.6925,548.5651,12419.2101
9197,825.8461,541.2126,11480.2431
9198,837.4583,507.9545,10014.4485
9199,864.9738,509.4405,9825.621
9200,884.1288999999999,521.4689999999999,10190.8139
9201,442.5741,321.8439,5213.2537
9202,442.5741,321.8439,5213.2537
9203,450.795,323.0269,5204.6933
9204,427.7965,310.5996,5147.2904
9205,287.0222,204.2379,4326.3521
9206,298.2591,217.79860000000002,4025.4467
9207,298.781,218.36260000000001,4010.9447999999998
9208,300.0071,217.23770000000002,3941.4967
9209,309.1356,204.7467,3345.6853
9210,309.8929,203.4834,3288.2792
9211,302.5051,197.9592,3221.7947
9212,291.1725,186.0069,3240.4851
9213,281.6671,175.857,3323.8
9214,281.9407,180.1261,3400.4781
9215,290.6316,176.7432,3519.3716
9216,280.1302,169.5718,3324.3729
9217,363.7808,242.5443,4704.0262
9218,543.8923,386.31940000000003,7813.4808
9219,570.7112,408.3472,8269.9671
9220,571.7053,409.2353,8285.0142
9221,571.7053,409.2353,8285.0142
9222,547.1889,392.523,7856.947099999999
9223,436.0,315.6057,5862.6094
9224,432.9827,313.2781,5794.3696
9225,432.9827,313.2781,5794.3696
9226,391.80830000000003,282.783,5487.9037
9227,341.8639,254.47590000000002,5303.3025
9228,230.26909999999998,161.0206,4290.8506
9229,364.0747,263.3696,6042.0874
9230,340.2018,245.10309999999998,5529.2229
9231,308.3618,220.764,4974.273
9232,308.3618,220.764,4974.273
9233,302.6477,216.8745,4886.9023
9234,255.6304,184.09230000000002,4161.0919
9235,326.4366,228.6286,5531.4008
9236,329.2745,231.0145,5583.1471
9237,328.9655,231.41930000000002,5595.8405999999995
9238,363.1521,261.5747,6131.1533
9239,322.5978,240.53979999999999,5467.5758
9240,419.8809,254.9598,4845.8958
9241,443.6084,258.3022,4719.4718
9242,444.6434,258.9871,4723.1756
9243,723.5865,231.1096,4656.73
9244,707.8604,233.8229,4624.6531
9245,653.3709,283.8773,5331.8486
9246,470.766,369.6833,6397.5338
9247,463.976,382.8746,6678.1306
9248,456.7696,377.13239999999996,6504.3936
9249,726.7383,582.9311,11957.0479
9250,1293.3825,1003.9834,23043.7699
9251,1315.955,994.1364,23458.8096
9252,1036.1926,738.1109,17986.4929
9253,747.6687,512.6354,10979.891
9254,730.1071,504.549,9711.1371
9255,875.4316,624.2129,10742.4903
9256,976.3626,709.1374999999999,12577.851700000001
9257,962.9599999999999,725.0041,12930.1768
9258,994.4562000000001,805.5924,15095.8491
9259,811.0723,676.3705,10682.5373
9260,703.3411,581.8389,7870.9565999999995
9261,791.6787,631.4738,9519.4603
9262,789.289,583.8727,8984.0265
9263,700.6116,466.4182,8049.8613000000005
9264,697.6623,463.3976,8013.1357
9265,933.5463,656.8659,7918.150000000001
9266,1369.0983,1043.5309,12838.4826
9267,2005.1614,1589.049,28315.4453
9268,3384.8018,2746.796,37513.921500000004
9269,3127.9406,2545.4306,31257.5404
9270,2348.7415,1897.3671,22760.9419
9271,2052.1908,1802.7987,17463.0851
9272,1550.3318,1442.5413999999998,13543.5108
9273,1344.2764,1262.6445,13023.5354
9274,1344.0208,1219.275,12669.1908
9275,1169.6329,1022.931,13295.4408
9276,862.001,741.8678,10705.2725
9277,635.3863,567.867,8421.4164
9278,429.2683,354.2297,6114.3991
9279,505.958,442.7672,8626.024
9280,656.1496,617.9235,13383.9319
9281,663.4841,620.7632,13327.3384
9282,612.3452,519.3468,9491.4655
9283,483.0421,349.8412,5726.6035999999995
9284,483.0421,349.8412,5726.6035999999995
9285,522.0478,445.0375,7096.013
9286,298.4478,272.3776,5164.8637
9287,99.89020000000001,79.35249999999999,1598.0291
9288,97.1896,76.8669,1525.0044
9289,375.9412,221.2731,6423.9713
9290,602.5224000000001,342.909,10276.3168
9291,455.5808,302.5202,7017.38
9292,523.5794,377.4765,7594.505
9293,503.79290000000003,372.7502,7480.9376
9294,815.5198,613.8241,15557.8618
9295,867.086,652.3435000000001,16796.9343
9296,805.0913,579.6705,13870.0343
9297,852.6938,592.4076,13037.0181
9298,903.9087000000001,586.0887,12207.5218
9299,860.4845,494.4594,10427.1322
9300,900.2985,517.0267,11239.5623
9301,442.5741,321.8439,5213.2537
9302,442.5741,321.8439,5213.2537
9303,444.03,322.0541,5211.739
9304,406.9516,295.88160000000005,4550.725
9305,205.9432,146.9303,2012.8336
9306,215.734,155.5547,2561.2727
9307,235.20600000000002,170.2302,2534.9213
9308,220.3733,154.73930000000001,2005.625
9309,263.3981,176.48420000000002,2551.391
9310,303.4073,199.7334,3184.9157
9311,309.9979,203.564,3289.2921
9312,276.9881,187.246,3300.8253
9313,243.1995,156.8752,3103.6961
9314,276.5356,168.5363,3290.8549
9315,295.0413,178.7015,3413.5194
9316,287.5067,182.8214,3470.9906
9317,322.247,229.77509999999998,4161.7378
9318,458.6263,323.311,5783.3466
9319,570.3677,408.3043,8260.5533
9320,571.5303,409.1486,8283.2703
9321,566.0706,406.4155,8229.0807
9322,510.4021,367.7593,7237.4923
9323,432.9827,313.2781,5794.3696
9324,431.77,313.9695,5790.342900000001
9325,429.9921,312.3001,5743.0434
9326,360.0099,284.6714,4588.8204000000005
9327,361.4665,262.4883,5140.9844
9328,328.8048,240.14860000000002,5330.6803
9329,384.8375,279.23560000000003,6310.7663
9330,315.9246,228.4465,5108.1404
9331,198.608,144.8513,3186.8555
9332,138.9316,104.1964,2271.2058
9333,86.65990000000001,68.4014,1449.5221000000001
9334,74.0479,59.8997,1264.1965
9335,198.2828,140.59890000000001,3384.3169
9336,329.4321,230.8142,5580.362
9337,328.9616,230.7337,5581.6879
9338,327.8926,232.8108,5560.6461
9339,315.815,237.5754,5356.2474999999995
9340,322.1408,238.6729,5323.5942
9341,451.0595,251.314,4424.8802
9342,388.689,247.9776,4143.2706
9343,379.0155,279.2009,4146.6868
9344,397.28249999999997,321.4227,4982.4502
9345,540.9036,355.0795,6163.1041000000005
9346,440.147,363.547,6076.3959
9347,419.02410000000003,349.6966,5755.3397
9348,462.6749,382.8257,6707.1168
9349,462.6723,382.8245,6707.1125
9350,906.866,592.2143,15266.7807
9351,1100.0763,682.3204,18863.927499999998
9352,1101.2682,682.3766,18865.9909
9353,750.2171999999999,467.5079,9567.4223
9354,724.8108,452.995,8992.9217
9355,695.7069,475.2636,8373.5964
9356,782.0126,602.3641,10124.4939
9357,795.6028,659.6443,11758.9108
9358,771.4546,650.4796,11604.8642
9359,840.9349,687.5251,12061.691200000001
9360,1376.0496,926.0272,17351.5594
9361,1410.7075,937.9687,17233.8528
9362,1154.8564000000001,707.0732,11663.5823
9363,752.5848,499.5415,8723.4204
9364,862.792,608.491,9261.5142
9365,1409.3362,1015.3733,11582.4747
9366,1608.2092,1244.9155,17002.9806
9367,2487.5972,1983.2694,32203.2771
9368,4561.3394,3686.4269,45983.8445
9369,3324.1121,2685.2729,33050.8039
9370,2941.1326,2322.1612,28832.5688
9371,1910.8057,1586.5749,16431.482200000002
9372,1353.2769,1183.2176,11480.3916
9373,679.5208,586.6727,7232.8976
9374,601.4713,540.9005,6166.7684
9375,910.6716,749.3166,12099.9549
9376,938.1531,812.132,14139.4774
9377,887.1036,871.3052,16721.1576
9378,445.3397,365.0929,6390.6009
9379,423.0792,367.6718,6734.6606
9380,627.0581,589.9693,12638.1863
9381,655.9929,606.161,12973.1121
9382,624.375,508.7203,9269.8115
9383,489.407,355.6278,5765.8058
9384,484.2333,350.8675,5734.2428
9385,415.8576,353.4099,8989.5132
9386,396.8548,350.5917,9478.9125
9387,329.1768,289.0854,7704.5452000000005
9388,173.5354,147.1326,3588.6297
9389,250.5924,166.4793,4452.7131
9390,382.9989,257.2106,7708.1211
9391,383.0459,280.6265,7367.6284000000005
9392,450.1508,346.3787,7069.3148
9393,413.5532,319.1804,6032.8396
9394,476.9536,364.8646,7508.6267
9395,827.1134,615.7923999999999,15498.9475
9396,948.998,698.1373,15592.2027
9397,957.1297,692.4930999999999,15129.2037
9398,933.5262,624.4927,13890.336
9399,773.8325,435.9194,10181.2993
9400,734.5718,413.2853,9478.2424
9401,440.085,319.9509,5202.1445
9402,376.4805,271.55310000000003,4918.223300000001
9403,406.3306,294.4597,4965.670700000001
9404,243.9606,176.0007,1998.2075
9405,139.8471,97.9244,1027.8455000000001
9406,92.6112,61.6028,838.1703
9407,169.6622,119.6851,1177.1415
9408,146.2646,101.6075,1083.8177
9409,158.23590000000002,109.3197,1095.2587
9410,172.5505,118.49069999999999,1291.0892
9411,210.1575,140.3447,1886.5657999999999
9412,228.606,159.7175,2796.365
9413,251.0609,166.642,3232.3822
9414,255.45159999999998,160.8528,3226.265
9415,267.5849,190.9914,3377.5672
9416,255.6136,202.783,3402.0093
9417,255.065,203.516,3403.9323999999997
9418,315.8422,242.40560000000002,3964.4937999999997
9419,506.63890000000004,371.03360000000004,7318.6416
9420,557.1212,399.8606,8030.9735
9421,442.1097,323.673,5913.0217
9422,348.5306,273.6779,4281.5557
9423,368.5829,288.7594,4636.6982
9424,389.6198,295.2985,4991.2143
9425,345.7255,284.7116,4295.5895
9426,338.494,283.33979999999997,4186.7113
9427,337.3548,283.9936,4182.9298
9428,360.4793,301.2536,4840.3549
9429,163.6763,117.4055,2637.0803
9430,82.9867,66.4059,1425.2591
9431,76.6315,61.7239,1326.7482
9432,73.2753,59.552600000000005,1262.9154
9433,73.0618,59.4722,1262.3781999999999
9434,72.61749999999999,59.2782,1261.5391
9435,74.1297,59.9697,1274.1317
9436,170.7541,123.7408,2859.8063
9437,310.076,222.8587,5161.7228000000005
9438,313.3639,230.407,5301.7829
9439,239.36860000000001,175.8338,4268.7503
9440,298.4218,223.7184,5106.2099
9441,351.8887,237.3136,4845.2016
9442,181.846,133.1624,3056.7001999999998
9443,382.9754,311.0146,4842.8475
9444,450.6765,366.555,6027.9547
9445,447.67379999999997,364.5953,5937.5991
9446,433.14529999999996,356.7388,5827.404
9447,461.8099,381.69689999999997,6670.6736
9448,474.5322,386.5682,6736.103
9449,474.08820000000003,386.386,6734.7056
9450,948.1498,613.1058,15749.663700000001
9451,1102.3371,683.212,18876.5318
9452,1099.0911,682.064,18865.921
9453,897.9606,559.9845,13622.7163
9454,728.8867,454.1858,8999.699700000001
9455,671.1257,485.7724,8160.9181
9456,726.1681,597.2905000000001,10253.9645
9457,771.0832,650.371,11604.2464
9458,771.4546,650.4796,11604.8642
9459,956.9445000000001,738.4241,13111.1729
9460,1500.1177,992.1248,18038.2608
9461,1502.2857999999999,991.3982,18016.5641
9462,1515.8646,930.7937,16942.8218
9463,1192.5347,680.0005,10970.7434
9464,1767.2857000000001,761.6623,10183.9683
9465,2229.9879,886.9006999999999,11054.7381
9466,2022.707,1258.5546,18971.3623
9467,2035.6937,1581.492,28093.8521
9468,2590.0034,2187.1864,27262.9654
9469,2100.3496,1784.6244,20293.8404
9470,1723.9835,1504.5209,13903.5012
9471,1378.3788,1195.4613,11242.497
9472,1214.9026000000001,1052.5076999999999,10864.1618
9473,678.6925,569.6628,8455.744
9474,860.8081999999999,703.7848,11179.7682
9475,854.6785,681.4681,15069.1172
9476,966.8018,856.7058,18099.2127
9477,986.8491,993.7946,19567.1538
9478,633.1776,630.4555,11306.1793
9479,224.0749,198.4541,2532.9269
9480,327.3566,285.4814,4659.0174
9481,720.1259,551.0338,9895.6147
9482,918.6685,714.0984,10854.4221
9483,1367.4133,1097.0844,21316.2077
9484,1495.8004,1202.1623,23680.528
9485,776.0432,644.2537,14119.07
9486,398.9815,352.4117,9529.7488
9487,366.0574,322.9088,8239.6347
9488,304.7865,265.2082,6945.276800000001
9489,312.279,276.3647,7040.5813
9490,330.2625,283.5116,8485.1588
9491,339.7871,307.3712,8839.435
9492,395.9158,353.2873,8499.9718
9493,409.6474,351.61539999999997,8059.7726
9494,413.5464,338.04089999999997,7132.3109
9495,638.5871999999999,508.543,10336.8316
9496,825.5686,633.7306,13382.9833
9497,924.3556,674.569,14890.0422
9498,819.1989,533.5001,12741.3117
9499,507.0733,305.0002,7266.9021999999995
9500,496.182,299.1719,7044.2831
9501,315.8252,227.9373,3822.2183999999997
9502,337.99150000000003,246.9586,3361.3702
9503,293.8261,213.4898,2539.0135999999998
9504,208.11589999999998,150.4766,1341.2836
9505,122.0622,84.242,940.4047
9506,123.7453,85.17229999999999,747.9901
9507,100.2914,67.2919,542.0315
9508,105.81869999999999,69.08239999999999,570.5625
9509,109.958,74.3823,604.723
9510,548.7829,89.5903,1238.6095
9511,106.9565,71.4853,562.5108
9512,108.30850000000001,68.8609,606.7853
9513,163.9663,115.6198,2347.5682
9514,201.0901,153.8101,2499.0333
9515,255.516,204.3176,3408.4249
9516,247.92759999999998,198.5807,3244.9206
9517,251.32,196.8707,2983.695
9518,341.9209,256.6787,3910.816
9519,324.3638,245.3459,3638.2942000000003
9520,379.63349999999997,284.5996,4826.0847
9521,332.3494,252.5077,3804.9531
9522,315.47880000000004,267.3936,3840.4791
9523,332.7597,286.31850000000003,4168.316
9524,333.1069,286.4176,4168.823
9525,333.1069,286.4176,4168.823
9526,333.1069,286.4176,4168.823
9527,333.1069,286.4176,4168.823
9528,310.7532,265.2627,3983.7344
9529,99.0398,77.7189,1625.0868
9530,74.3674,60.0381,1264.7854
9531,74.2513,59.9876,1264.5711
9532,73.2003,59.5272,1262.6856
9533,74.3674,60.0381,1264.7854
9534,69.9923,58.139700000000005,1256.6855
9535,69.4302,57.6487,1227.959
9536,79.3137,59.0918,1319.3292000000001
9537,106.13839999999999,62.995400000000004,1659.8676
9538,116.7682,70.0139,1896.7978
9539,111.2503,70.176,2432.9216
9540,241.0323,164.3431,4373.4414
9541,238.1013,172.7285,4147.252
9542,333.8796,205.5845,4763.9729
9543,448.3779,361.6382,6156.5256
9544,449.4979,367.8075,6090.8497
9545,451.1183,368.46659999999997,6093.7369
9546,447.4291,364.5133,5963.0823
9547,454.2038,370.094,6211.742
9548,471.3172,385.4771,6728.7968
9549,476.1104,387.1757,6738.4498
9550,964.4947,631.8604,15820.878
9551,1158.3315,753.1599,19135.054799999998
9552,1118.5931,705.1354,18963.9716
9553,1026.6977,638.5309,16928.7692
9554,748.1029,464.4035,9340.168
9555,686.9057,469.2427,8292.8241
9556,705.1101,592.9149,9988.6614
9557,770.7385,650.2705,11603.6734
9558,771.4546,650.4796,11604.8642
9559,995.9589,755.1491,13684.8625
9560,1500.1177,992.1248,18038.2608
9561,1500.1177,992.1248,18038.2608
9562,1500.1177,992.1248,18038.2608
9563,1665.2702,520.2391,9408.489599999999
9564,1640.8721,325.6945,6271.7936
9565,1646.0104999999999,330.1146,6309.8504
9566,1694.1905,371.5686,6666.6625
9567,1654.0728,833.5122,14119.3405
9568,1795.8046,1467.5399,17987.363400000002
9569,2029.1813,1714.4125999999999,19623.122900000002
9570,1474.9403,1319.6028000000001,11260.4685
9571,994.1383999999999,892.8919,8816.1068
9572,692.9589,710.0803,7810.8353
9573,753.4239,691.7328,9219.04
9574,675.3305,589.6632,8675.3923
9575,557.4294,511.2651,8720.7716
9576,738.8202,645.3665,12841.626
9577,887.6841000000001,858.3614,17353.1269
9578,383.7314,337.8757,5103.567599999999
9579,290.5123,227.37630000000001,2841.5103
9580,290.5123,227.37630000000001,2841.5103
9581,732.4483,542.3909,8886.3269
9582,1027.2094,797.592,11899.448
9583,1413.4138,1131.5235,21417.6187
9584,1247.0717,981.5953,17971.9827
9585,1011.8226999999999,795.4992,14209.5169
9586,426.6153,383.8631,7303.2657
9587,393.9624,355.5394,7006.347299999999
9588,394.8214,361.3952,7916.9451
9589,403.989,365.8106,7969.6329
9590,394.8609,362.84139999999996,10260.1949
9591,388.1308,364.9141,10271.6039
9592,378.2609,351.073,8479.2245
9593,385.7335,350.716,8295.3619
9594,443.2048,385.05649999999997,8882.5635
9595,702.2418,567.8257,11587.2772
9596,702.2418,567.8257,11587.2772
9597,745.5400999999999,549.1952,12327.3939
9598,827.0647,507.41610000000003,14441.2507
9599,629.4523,382.3968,10011.511
9600,507.6613,305.3453,7281.4132
9601,229.1563,164.72469999999998,1751.992
9602,196.7774,145.1927,1324.4675
9603,134.9929,101.55720000000001,1096.5906
9604,130.7483,98.8901,1094.5398
9605,124.90990000000001,90.9504,998.8381
9606,104.0312,69.90259999999999,563.1876
9607,104.59299999999999,70.4843,559.887
9608,131.1494,90.3634,806.8705
9609,108.7503,73.31139999999999,594.0501
9610,105.3537,70.8869,568.6153
9611,106.4697,71.7593,559.407
9612,106.4697,71.7593,559.224
9613,76.6199,50.3701,472.0364
9614,224.5606,166.8855,2224.728
9615,272.5327,210.9911,3264.4866
9616,270.3406,209.8753,3241.9023
9617,314.0459,238.13080000000002,3581.4231
9618,350.5249,262.1025,3995.4234
9619,350.5249,262.1025,3995.4234
9620,350.5465,262.222,3996.2303
9621,349.0188,261.6552,3993.5443
9622,332.2733,263.0873,3921.523
9623,332.4289,286.1144,4165.7982
9624,332.1657,286.1488,4167.4488
9625,332.7529,286.3166,4168.3062
9626,333.1069,286.4176,4168.823
9627,333.1069,286.4176,4168.823
9628,313.0845,265.9074,4007.9574000000002
9629,97.3088,78.7661,1631.7628
9630,74.3674,60.0381,1264.7854
9631,74.0479,59.8997,1264.1965
9632,74.3674,60.0381,1264.7854
9633,74.3674,60.0381,1264.7854
9634,72.7835,59.3511,1261.8646999999999
9635,69.2182,57.7973,1255.3886
9636,89.02,67.5724,1497.9324000000001
9637,108.3152,64.3898,1705.1480999999999
9638,87.1195,47.49,1406.9544
9639,142.6883,90.1823,3460.554
9640,201.2423,137.1077,5744.2082
9641,212.5353,146.0823,6174.0884
9642,312.6921,191.0599,6614.6578
9643,356.993,264.637,5964.7433
9644,448.4649,371.22589999999997,6322.892
9645,450.3573,373.2789,6417.4529999999995
9646,411.2485,347.66589999999997,5984.628900000001
9647,391.3783,339.1852,6177.935
9648,425.3874,360.8304,6474.1461
9649,465.3617,383.9783,6889.9332
9650,968.3218,623.2633,16376.7389
9651,1099.0114,682.27,18871.497799999997
9652,1096.1605,681.8119,18871.3993
9653,1080.8145,672.6256,18363.5773
9654,741.6047,480.1069,10363.7569
9655,613.3169,436.6481,9141.6785
9656,689.0794,578.1753,10826.1739
9657,736.0968,620.5489,11220.1931
9658,653.3231,544.7786,11058.764200000001
9659,666.1368,522.1475,11538.3288
9660,1246.729,841.6158,16300.7787
9661,1497.2863,990.3154000000001,18025.9434
9662,1474.5807,975.0848,17868.410499999998
9663,1637.7705,367.3744,6981.7941
9664,1640.8721,325.6945,6271.7936
9665,1640.8721,325.6945,6271.7936
9666,1640.8721,325.6945,6271.7936
9667,1452.3001,445.8073,7800.8856
9668,1168.0668,878.6075,12353.914999999999
9669,1222.9093,954.644,12915.7964
9670,1029.3559,827.3982,11584.1584
9671,821.3456,716.2664,10205.0868
9672,669.0067,735.2188,7715.9854000000005
9673,660.1906,719.8669,7828.6579
9674,488.9588,522.5286,6303.9609
9675,563.4996,595.2515,7687.2543000000005
9676,506.25100000000003,462.564,8733.4119
9677,633.0576,434.0867,12401.170100000001
9678,543.8307,372.8239,10073.0886
9679,342.7831,257.3886,4333.7003
9680,290.5123,227.37630000000001,2841.5103
9681,623.0927,464.1123,7818.9101
9682,979.5328,742.5506,10971.8101
9683,855.8212,634.2051,8710.1941
9684,841.3152,622.1879,8609.4082
9685,820.0116,615.2194,8809.0794
9686,423.651,384.813,7104.9773
9687,416.1619,379.8414,7202.9584
9688,431.89279999999997,392.4664,8007.8269
9689,431.9133,411.5322,9943.2359
9690,435.4633,424.9574,13228.2821
9691,381.1901,375.6531,11022.3668
9692,279.0233,299.0425,4218.2608
9693,276.6053,296.9315,3894.4582
9694,489.5521,434.2076,7952.9276
9695,702.2418,567.8257,11587.2772
9696,702.1567,567.7346,11585.3308
9697,682.9329,508.6807,11312.062
9698,826.4004,507.2769,14437.1893
9699,798.025,489.0445,13790.293099999999
9700,621.5934,386.3055,10108.0016
9701,120.1566,90.6567,985.7388000000001
9702,136.34029999999998,103.8054,1118.4628
9703,130.3651,99.176,1068.4289
9704,131.7147,99.2293,1084.375
9705,153.98770000000002,116.3276,1180.9944
9706,107.936,73.6773,595.4811
9707,106.4697,71.7593,554.6456000000001
9708,106.474,71.7575,561.3681
9709,106.4739,71.7575,561.1496
9710,106.4697,71.7593,559.2493
9711,106.4697,71.7593,559.224
9712,110.3064,74.3664,668.8007
9713,73.3838,49.496199999999995,583.8403
9714,43.389700000000005,31.7347,436.5991
9715,93.6518,71.1974,954.3091
9716,114.5509,90.6799,983.6702
9717,256.7214,196.566,2579.5729
9718,345.6884,259.06,3929.6902
9719,367.0065,275.06,4475.4371
9720,385.55920000000003,289.92130000000003,5034.603300000001
9721,348.38939999999997,261.229,3991.6345
9722,345.11060000000003,259.9157,3983.9521
9723,326.4213,274.8288,4024.9537
9724,329.97180000000003,285.52160000000003,4164.2444000000005
9725,331.35450000000003,285.9171,4166.2641
9726,333.1069,286.4176,4168.823
9727,333.0911,286.4163,4168.8013
9728,257.8098,218.1153,3277.7084
9729,88.9401,67.7287,1613.9051
9730,79.24980000000001,62.732,1386.324
9731,74.3674,60.0381,1264.7854
9732,74.3674,60.0381,1264.7854
9733,74.3674,60.0381,1264.7854
9734,74.3674,60.0381,1264.7854
9735,71.4362,58.7674,1259.3805
9736,110.2973,75.5846,1736.9053999999999
9737,91.4305,49.8842,1507.9605
9738,89.8084,48.492000000000004,1489.0210000000002
9739,128.7861,79.4882,2977.3887
9740,211.3006,145.1066,6128.2907000000005
9741,210.08370000000002,144.1388,6081.818
9742,212.4972,146.0585,6173.9822
9743,221.4468,169.0788,6035.4302
9744,424.7726,366.3148,7215.5380000000005
9745,438.1946,379.4293,7284.5024
9746,360.13009999999997,325.0584,6658.8443
9747,354.1186,319.3611,6571.6959
9748,417.4745,385.63530000000003,7255.0265
9749,598.6304,557.3917,8517.32
9750,750.6395,644.7017,11496.6352
9751,815.7078,645.5048,12824.6023
9752,856.3497,607.4398,14468.4189
9753,642.0898,485.0734,11284.535
9754,526.7126,434.22450000000003,9810.9408
9755,533.7583,441.1348,10103.3199
9756,551.3296,452.6317,10495.7295
9757,488.1801,405.1522,9715.3535
9758,471.9792,396.599,10015.3931
9759,472.0383,396.62149999999997,10015.5245
9760,474.4145,397.8205,10044.6966
9761,734.8147,552.9044,11853.6485
9762,1335.5276999999999,691.2569,12721.1886
9763,1560.2337,351.46840000000003,7055.2194
9764,1640.8721,325.6945,6271.7936
9765,1638.8229000000001,325.0599,6267.2938
9766,1486.7628,345.52819999999997,6328.4383
9767,1221.3957,559.4646,7740.2432
9768,1193.2624,984.4353,12637.5121
9769,1111.326,901.4100000000001,12491.7429
9770,1016.646,777.0871,14024.047999999999
9771,969.4802,750.7420000000001,13906.709
9772,658.8042,654.8255,9126.0275
9773,616.4016,643.6116,8388.322
9774,581.5204,614.8658,7841.6282
9775,607.6497,626.5452,10041.0589
9776,608.1831,590.1669,11523.079099999999
9777,664.1296,463.3173,13556.9346
9778,665.6459,440.8262,13676.7558
9779,492.6113,341.8218,8623.774300000001
9780,323.3742,242.5043,3664.6336
9781,567.9653,401.2392,7590.919800000001
9782,624.0836,397.1334,8053.3686
9783,633.6986,424.895,7827.2335
9784,922.6315999999999,710.1061,12182.8308
9785,1126.7554,806.7153000000001,13162.7301
9786,1014.2434000000001,746.7039000000001,12188.3326
9787,621.9398,505.8297,8851.9275
9788,442.3334,411.7315,9419.6976
9789,444.5328,443.5914,12099.9373
9790,416.0457,426.7947,11815.327299999999
9791,323.11740000000003,340.0323,7565.3459
9792,302.5923,297.3017,3828.2124
9793,322.0684,309.9875,4176.2973999999995
9794,375.306,323.16700000000003,4868.8743
9795,617.6615,496.9484,9819.6192
9796,490.1282,385.82890000000003,8008.407099999999
9797,358.4836,275.1829,5857.837500000001
9798,451.3721,319.05,7484.62
9799,614.1929,392.8402,10260.3324
9800,328.4012,224.059,4185.4101
9801,127.6333,96.7916,1046.5792
9802,136.2884,103.787,1118.2988
9803,136.34029999999998,103.8054,1118.4628
9804,136.34029999999998,103.8054,1118.6548
9805,136.34029999999998,103.8054,1119.8751
9806,112.4659,78.08239999999999,671.3317
9807,106.2362,71.6008,553.2729
9808,114.5835,75.9818,695.1576
9809,115.7783,76.6035,717.8694
9810,106.4697,71.7593,559.224
9811,109.10839999999999,73.5522,634.5734
9812,154.5903,104.4526,1933.4071
9813,168.06889999999999,113.4517,2497.907
9814,100.3863,71.3608,1319.1468
9815,66.58449999999999,51.0348,658.4465
9816,96.7429,78.104,760.7581
9817,181.8332,145.9229,1460.1737
9818,325.51800000000003,244.5638,3615.2826
9819,370.332,277.8553,4568.9753
9820,390.2809,294.6457,5231.2506
9821,345.3611,260.083,3986.4721
9822,344.9002,259.8844,3985.5999
9823,338.1065,266.992,4015.7346
9824,330.9835,285.1696,4156.1158000000005
9825,332.9833,286.3997,4168.6497
9826,332.2993,286.35720000000003,4167.7118
9827,277.8227,236.8756,3506.9225
9828,147.98499999999999,116.1538,1896.353
9829,140.9944,111.1185,1868.2662
9830,120.9524,93.8657,1877.9725
9831,89.638,68.813,1604.651
9832,77.2646,61.608,1330.8771
9833,74.3674,60.0381,1264.7854
9834,74.3674,60.0381,1264.7854
9835,74.4065,58.16,1216.8738
9836,68.7979,46.968799999999995,1113.1126
9837,92.1898,49.6713,1484.8102
9838,89.8084,48.492000000000004,1489.0210000000002
9839,91.0368,49.4683,1535.8944
9840,142.7329,90.5788,3509.9796
9841,154.223,99.7166,3948.7378
9842,212.4972,146.0585,6173.9822
9843,205.46,169.4495,5730.4428
9844,262.0479,228.0278,6080.0923
9845,417.0796,373.39910000000003,7201.8561
9846,350.462,321.2661,6597.4776
9847,439.6807,411.39300000000003,7470.7044000000005
9848,543.1457,519.3556,8577.044
9849,699.9026,622.8125,10285.8139
9850,756.4908,658.7079,11561.2531
9851,757.1677,659.5613000000001,11604.122
9852,620.9970000000001,537.1164,10561.1428
9853,533.7583,441.1348,10103.3199
9854,533.7583,441.1348,10103.3199
9855,532.7146,440.6958,10099.646499999999
9856,510.9486,423.3768,9726.6891
9857,480.984,403.2529,10038.3927
9858,472.0383,396.62149999999997,10015.5245
9859,472.0383,396.62149999999997,10015.5245
9860,472.0383,396.62149999999997,10015.5245
9861,472.0383,396.62149999999997,10015.5245
9862,765.039,365.5863,8614.824200000001
9863,1631.5108,322.9571,6251.3887
9864,1466.4779,318.5967,6204.4105
9865,981.1568,316.2061,6059.2588
9866,707.7682,356.4043,6180.4299
9867,806.1256,520.0941,7007.6613
9868,906.9343,647.7749,8770.4995
9869,948.9242,749.9261,11967.5128
9870,929.9027,737.9743,11998.4279
9871,756.9533,622.6479,10218.02
9872,309.816,339.1354,5755.8906
9873,409.7046,437.8696,6665.5268
9874,493.7948,532.5318,7947.5886
9875,666.7023,702.4775,11328.255799999999
9876,786.1206999999999,732.1946,14163.4244
9877,1200.0728,795.064,23536.824399999998
9878,1076.1015,712.5042,21417.227899999998
9879,694.1408,464.0072,12761.9875
9880,498.4716,333.0148,7738.6771
9881,392.5422,258.2497,6461.9959
9882,537.0405,307.0708,6697.9929
9883,457.5007,242.5918,6178.7634
9884,897.6685,691.1023,13521.2452
9885,1121.4948,845.7134,15651.8678
9886,1167.6731,827.2968999999999,14935.056199999999
9887,998.0677,722.6493,16417.7383
9888,474.84159999999997,480.1542,12446.4061
9889,353.47220000000004,389.56510000000003,11186.4056
9890,344.6358,384.0855,11099.2622
9891,381.7735,363.724,8504.6869
9892,363.2345,304.3486,4398.7692
9893,386.0006,312.5835,4856.1467999999995
9894,384.00169999999997,302.1159,4572.4118
9895,354.8028,273.8307,5030.8249
9896,357.0209,274.11150000000004,5817.8759
9897,357.0412,274.2034,5839.017
9898,357.0412,274.2034,5839.017
9899,306.4573,240.1114,4701.6814
9900,319.3932,234.0906,3781.5932
9901,131.3736,101.1058,1093.6827
9902,134.70159999999998,103.2279,1113.7424
9903,136.34029999999998,103.8054,1118.4396
9904,136.34029999999998,103.8054,1120.0124
9905,136.34029999999998,103.8054,1124.8991
9906,115.7064,81.5322,734.378
9907,106.4697,71.7593,559.224
9908,121.5392,79.6012,816.0453
9909,123.7571,80.7555,853.8512000000001
9910,129.5838,87.4633,1219.2983
9911,167.9014,113.4967,2313.5566
9912,181.7839,122.9285,2709.9918000000002
9913,105.3961,71.2666,1578.4206000000001
9914,106.6341,79.5549,1505.3410999999999
9915,194.7466,145.47439999999997,2054.4881
9916,113.3056,92.151,855.4148
9917,159.8678,134.573,1220.1498000000001
9918,274.29110000000003,248.1142,3619.7223
9919,387.0489,307.8832,5713.2993
9920,481.015,365.984,7885.1703
9921,412.2987,312.3683,5912.5035
9922,345.2522,260.15930000000003,3995.6962
9923,401.984,289.9932,4517.3904999999995
9924,1056.0963,670.03,9289.1984
9925,1070.4189,687.5447,9233.380000000001
9926,445.2522,317.1236,3937.7961
9927,187.9658,143.75379999999998,2098.8982
9928,149.9603,119.93509999999999,1930.3469
9929,149.9603,119.93509999999999,1930.3469
9930,150.1818,120.07010000000001,1933.2202
9931,133.3276,105.6582,1876.6871999999998
9932,103.45219999999999,79.9843,1756.9308
9933,92.7521,70.1575,1683.1996
9934,87.6998,67.37349999999999,1590.4024000000002
9935,77.1459,56.7656,1323.9103
9936,17.9588,11.4382,328.1263
9937,71.8009,39.3622,1273.4096
9938,103.9004,59.6982,2027.1069
9939,89.8084,48.492000000000004,1489.0210000000002
9940,89.8084,48.492000000000004,1489.0210000000002
9941,112.2097,66.306,2344.4288
9942,183.974,123.3756,5084.8093
9943,226.6645,167.5121,5577.1226
9944,407.365,334.883,6929.3903
9945,618.7188,545.5664,8723.9772
9946,548.7768,515.8297,8466.7978
9947,596.563,588.3487,8832.0724
9948,690.519,633.1315,10500.5729
9949,757.9825,659.8311,11606.0174
9950,758.3627,659.9575,11606.9026
9951,758.5636,660.0239,11607.3699
9952,635.7418,543.5917000000001,10706.2013
9953,533.7583,441.1348,10103.3199
9954,533.7583,441.1348,10103.3199
9955,533.7583,441.1348,10103.3199
9956,508.1706,425.0301,9213.7217
9957,480.8979,407.4063,8742.6056
9958,462.6105,391.2337,8740.2442
9959,470.2356,395.5921,9771.635699999999
9960,472.02470000000005,396.6147,10013.6316
9961,472.0383,396.62149999999997,10015.5245
9962,490.73019999999997,388.2632,9747.5256
9963,909.3217,320.6607,6632.1491
9964,677.8968,316.9383,5979.2202
9965,661.325,316.9649,5973.3657
9966,706.5922,381.882,6303.1084
9967,796.1381,507.6352,6943.3458
9968,807.0854,589.2541,8042.5903
9969,855.9304,755.1031,10816.3624
9970,881.973,750.6813000000001,11210.386
9971,291.8909,289.9758,5729.3062
9972,167.6322,190.8606,4678.7124
9973,190.8023,192.69050000000001,5341.0163
9974,262.5597,256.7511,6391.138
9975,503.9044,490.0499,9674.7387
9976,1238.2051999999999,852.77,24099.0968
9977,1308.1992,855.683,25889.4278
9978,1287.1176,842.1459,25446.6718
9979,778.4945,556.7018,14801.0329
9980,711.4286,499.713,11427.3195
9981,554.5269,380.45889999999997,8940.2223
9982,499.249,312.0422,8073.5786
9983,480.65229999999997,269.6388,7063.4269
9984,753.6165,533.557,15477.0826
9985,854.6435,632.8428,17349.248199999998
9986,750.7976,552.9539,16094.2618
9987,686.766,513.8557,15063.145199999999
9988,304.2622,294.368,6348.8938
9989,334.249,358.1175,9357.7406
9990,410.80510000000004,393.6562,10275.6934
9991,466.5879,397.9215,8522.3459
9992,424.6058,360.4166,6813.4187
9993,370.0289,297.7996,4184.1683
9994,351.61289999999997,267.8781,3810.5646
9995,364.9459,282.4706,5072.8646
9996,391.6629,294.3864,6208.5488
9997,418.6504,309.9218,6633.0432
9998,412.8113,306.5446,6558.3097
9999,298.7361,235.7167,4394.7608
10000,278.0183,225.4944,3546.5005
